{"values": [[12547, 13183, 3678, 217214], [27, 26, 14, 339]], "stats": [[1.738219157807765, 0.7003647834146892, 9.256155046126226, 7.6548884643897335], [1.738219157807765, 0.7003647834146893, 9.256155046126228, 7.654888464389734]], "pvals": [[0.1873646294914933, 0.40266114888159776, 0.002347052593535243, 0.005661869159566594], [0.1873646294914933, 0.40266114888159776, 0.0023470525935352362, 0.005661869159566595]], "expected": [[12553.334148355652, 13187.290501481613, 3685.9320562851176, 217195.44329387762], [20.66585164434801, 21.709498518386578, 6.0679437148825235, 357.5567061223829]]}