{"values": [[1094, 4156, 778, 237536], [3, 7, 4, 377]], "stats": [[0.314867910303643, 0.0, 4.04656447192934, 1.544517428658212], [0.314867910303643, 0.0, 4.04656447192934, 1.544517428658212]], "pvals": [[0.5747082905101291, 1.0, 0.04426133505253659, 0.21394664548399972], [0.5747082905101291, 1.0, 0.04426133505253659, 0.21394664548399972]], "expected": [[1095.2417781967986, 4156.327732573631, 780.746645897809, 237531.68384333176], [1.75822180320141, 6.672267426369618, 1.2533541021909778, 381.316156668238]]}