{"values": [[28099, 32568, 10392, 354032], [119, 36, 72, 122]], "stats": [[421.0248989236922, 3.1055872101411253, 473.1626422492017, 580.4226221636336], [421.0248989236922, 3.1055872101411253, 473.1626422492017, 580.4226221636336]], "pvals": [[1.4600426261589535e-93, 0.07802408978638621, 6.5699111566647596e-105, 3.0349522649235916e-128], [1.4600426261589535e-93, 0.07802408978638621, 6.5699111566647596e-105, 3.0349522649235916e-128]], "expected": [[28194.852007333586, 32577.25405227529, 10455.416096276796, 353863.47784411436], [23.147992666415945, 26.745947724708536, 8.583903723204212, 290.5221558856713]]}