{"values": [[20504, 29078, 1984, 3645, 5241, 1136, 370, 354032], [54, 13, 9, 11, 47, 5, 9, 122]], "stats": [[127.35104161756095, 1.6437553159330633, 40.40190553897896, 28.128009730370554, 548.1431858478614, 19.166550244549295, 277.578427006791, 335.6145909428473], [127.35104161756095, 1.6437553159330631, 40.40190553897896, 28.128009730370554, 548.1431858478613, 19.166550244549295, 277.57842700679106, 335.61459094284726]], "pvals": [[1.556559633490898e-29, 0.19981100156251647, 2.0673936842028602e-10, 1.1355053608777136e-07, 3.190978504736346e-121, 1.1979429476341355e-05, 2.531085980326702e-62, 5.753772303647945e-75], [1.556559633490898e-29, 0.19981100156251647, 2.0673936842028602e-10, 1.1355053608777136e-07, 3.1909785047365285e-121, 1.1979429476341355e-05, 2.531085980326629e-62, 5.75377230364811e-75]], "expected": [[20544.665401431797, 29072.13061548071, 1991.7072742997166, 3653.628597511171, 5284.570028347667, 1140.2599096718398, 378.7541680680344, 353924.2840051891], [13.334598568202566, 18.86938451929083, 1.2927257002834767, 2.371402488829097, 3.429971652332677, 0.7400903281602844, 0.2458319319655984, 229.71599481093548]]}