{"values": [[4459, 12715, 3448, 396112], [39, 13, 36, 196]], "stats": [[414.6964744102954, 1.7484903289659544, 466.7346088171726, 402.1781388932725], [414.6964744102954, 1.7484903289659544, 466.7346088171726, 402.17813889327255]], "pvals": [[3.482079001862661e-92, 0.18606663164588125, 1.6456858466592523e-103, 1.848350695902176e-89], [3.482079001862661e-92, 0.18606663164588125, 1.6456858466592523e-103, 1.8483506959021234e-89]], "expected": [[4494.936746135659, 12719.331904138431, 3481.6273062553655, 396038.1040434705], [3.063253864341587, 8.668095861569524, 2.372693744634524, 269.89595652945434]]}