{"values": [[3777, 12653, 0, 2704, 682, 62, 0, 396112], [28, 10, 0, 22, 11, 3, 0, 196]], "stats": [[256.39264188103846, 0.2079158298853578, "null", 221.79148910643875, 225.24138973678728, 143.39829222793514, "null", 297.8365152798413], [256.39264188103846, 0.20791582988535778, "null", 221.79148910643875, 225.24138973678728, 143.39829222793517, "null", 297.83651527984125]], "pvals": [[1.0491916854673356e-57, 0.6484058824797105, 2, 3.678080010818026e-50, 6.503729201455293e-51, 4.810021720206682e-33, 2, 9.75275738228393e-67], [1.0491916854673356e-57, 0.6484058824797105, 2, 3.678080010818026e-50, 6.503729201455293e-51, 4.8100217202066116e-33, 2, 9.752757382284207e-67]], "expected": [[3802.531951184356, 12654.78635948686, "null", 2724.231826262432, 692.5504972853505, 64.9578388507183, "null", 396050.94152693026], [2.4680488156440687, 8.213640513140826, "null", 1.7681737375678663, 0.4495027146494979, 0.04216114928169894, "null", 257.05847306971606]]}