{"values": [[1320, 15390, 710, 194390], [1, 0, 2, 78]], "stats": [[0.0, "null", 5.559636283271321, 1.6345513156265967], [0.0, "null", 5.55963628327132, 1.6345513156265967]], "pvals": [[1.0, 2, 0.01837923232895913, 0.2010746915972546], [1.0, 2, 0.018379232328959157, 0.2010746915972546]], "expected": [[1320.4950186652572, "null", 711.727822323742, 194393.66032535597], [0.5049813347428631, "null", 0.2721776762580761, 74.33967464403868]]}