{"values": [[9192, 51728, 6233, 1278993], [45, 22, 44, 707]], "stats": [[271.65013773086844, 2.6388522921375306, 415.39576121097446, 125.0800424040778], [271.65013773086844, 2.6388522921375306, 415.3957612109745, 125.0800424040778]], "pvals": [[4.957616285392242e-61, 0.10427885216907107, 2.4525976298251458e-92, 4.888263630181233e-29], [4.957616285392242e-61, 0.10427885216907107, 2.4525976298250756e-92, 4.888263630181233e-29]], "expected": [[9231.39044696072, 51718.57265673025, 6273.188030266585, 1278922.8488660424], [5.609553039279446, 31.42734326975331, 3.8119697334152955, 777.1511339575519]]}