{"values": [[59040, 129725, 8225, 8208, 10332, 3707, 1076, 1124669], [73, 52, 16, 16, 59, 7, 11, 568]], "stats": [[41.27256180886321, 8.834019503519388, 22.985244852450244, 23.076558957905128, 445.55263527061214, 8.330358892473818, 150.0546056992342, 94.85751659228765], [41.27256180886321, 8.834019503519388, 22.985244852450247, 23.076558957905128, 445.5526352706121, 8.330358892473818, 150.0546056992342, 94.85751659228765]], "pvals": [[1.3241460574834105e-10, 0.0029566644848196912, 1.6324957452016336e-06, 1.556771166379553e-06, 6.698781046613575e-99, 0.0038987954594632804, 1.6866471610811394e-34, 2.04593865825094e-22], [1.3241460574834105e-10, 0.0029566644848196912, 1.632495745201631e-06, 1.556771166379553e-06, 6.698781046613768e-99, 0.0038987954594632804, 1.6866471610811394e-34, 2.04593865825094e-22]], "expected": [[59077.772485034744, 129699.66132306521, 8236.088898367048, 8219.099029264726, 10384.807637778425, 3711.786696825048, 1086.3522184837982, 1124566.431711181], [35.22751496525446, 77.338676934783, 4.911101632951499, 4.9009707352740115, 6.192362221574934, 2.2133031749522956, 0.6477815162017084, 670.5682888190081]]}