{"values": [[8201, 51555, 0, 5069, 991, 173, 0, 1278993], [32, 19, 0, 28, 13, 3, 0, 707]], "stats": [[145.11863702590762, 4.272944566415714, "null", 197.8771032387893, 237.06470858557583, 54.733964237127275, "null", 81.17478247526165], [145.11863702590762, 4.272944566415713, "null", 197.8771032387893, 237.06470858557583, 54.733964237127275, "null", 81.17478247526164]], "pvals": [[2.0231310896293512e-33, 0.0387237714786885, 2, 6.068866251864177e-45, 1.7169046426275395e-53, 1.380006295394582e-13, 2, 2.066116858865821e-19], [2.0231310896293512e-33, 0.03872377147868836, 2, 6.068866251864177e-45, 1.7169046426275395e-53, 1.380006295394582e-13, 2, 2.0661168588658363e-19]], "expected": [[8228.093665848308, 51543.26524018713, "null", 5093.962518502226, 1003.4016811018707, 175.89511541228012, "null", 1278937.3817789482], [4.906334151691505, 30.734759812867445, "null", 3.0374814977737885, 0.5983188981292689, 0.10488458771987183, "null", 762.6182210518181]]}