{"values": [[78673, 142733, 23323, 1124669], [159, 86, 93, 568]], "stats": [[230.52397557118687, 0.7434193612309086, 390.0626874757909, 231.5626746560069], [230.52397557118684, 0.7434193612309085, 390.0626874757909, 231.5626746560069]], "pvals": [[4.582186955123643e-52, 0.3885677316647794, 8.021029698548612e-87, 2.7199079679542025e-52], [4.5821869551237084e-52, 0.3885677316647794, 8.021029698548612e-87, 2.7199079679542025e-52]], "expected": [[78779.87887067396, 142724.5727677946, 23400.518109850076, 1124493.0302516813], [52.12112932604736, 94.42723220540843, 15.481890149922936, 743.9697483186212]]}