{"values": [[8642, 17094, 2363, 120340], [3, 3, 4, 6]], "stats": [[2.8032048527573146, 0.2650458270132001, 41.94732609612722, 17.04965105550232], [2.8032048527573146, 0.2650458270132001, 41.94732609612722, 17.04965105550232]], "pvals": [[0.09407609161462059, 0.6066746036925003, 9.37655163814099e-11, 3.64150659228801e-05], [0.09407609161462059, 0.6066746036925003, 9.37655163814099e-11, 3.64150659228801e-05]], "expected": [[8644.06826984608, 17095.157340608264, 2366.744892391634, 120333.02949715401], [0.9317301539186958, 1.8426593917348693, 0.2551076083661716, 12.970502845980263]]}