{"values": [[1039, 6192, 589, 138190], [2, 0, 2, 11]], "stats": [[18.280182308784298, "null", 34.2650764658022, 9.558831940866282], [18.280182308784298, "null", 34.265076465802196, 9.558831940866282]], "pvals": [[1.906805652224567e-05, 2, 4.809351751729337e-09, 0.0019898968644032474], [1.906805652224567e-05, 2, 4.809351751729355e-09, 0.0019898968644032474]], "expected": [[1040.8930662557782, "null", 590.9392912172573, 138186.80369799692], [0.10693374422187982, "null", 0.060708782742681044, 14.196302003081664]]}