{"values": [[966, 6174, 0, 498, 73, 18, 0, 138190], [1, 0, 0, 1, 1, 0, 0, 11]], "stats": [[1.799743184326729, "null", "null", 4.285271475355237, 34.243238996924255, "null", "null", 4.401203344822028], [1.7997431843267293, "null", "null", 4.285271475355237, 34.243238996924255, "null", "null", 4.401203344822027]], "pvals": [[0.17974354574235402, 2, 2, 0.038443942782112515, 4.863622044515603e-09, 2, 2, 0.0359135812940238], [0.17974354574235402, 2, 2, 0.038443942782112515, 4.863622044515603e-09, 2, 2, 0.03591358129402392]], "expected": [[966.9072314007113, "null", "null", 498.95212871660283, 73.99290085176074, "null", "null", 138187.74176505656], [0.09276859928871468, "null", "null", 0.04787128339717542, 0.0070991482392604825, "null", "null", 13.258234943432946]]}