{"values": [[5350, 14804, 460, 663, 522, 382, 54, 144324], [0, 4, 0, 0, 0, 0, 0, 25]], "stats": [["null", 0.3621563488611751, "null", "null", "null", "null", "null", 0.0], ["null", 0.3621563488611751, "null", "null", "null", "null", "null", 0.0]], "pvals": [[2, 0.5473110867467843, 2, 2, 2, 2, 2, 1.0], [2, 0.5473110867467843, 2, 2, 2, 2, 2, 1.0]], "expected": [["null", 14805.422191274281, "null", "null", "null", "null", "null", 144323.8714133071], ["null", 2.577808725718539, "null", "null", "null", "null", "null", 25.128586692919058]]}