{"values": [[470, 5007, 0, 259, 33, 18, 0, 160772], [0, 1, 0, 0, 0, 0, 0, 28]], "stats": [["null", 0.0, "null", "null", "null", "null", "null", 0.0], ["null", 0.0, "null", "null", "null", "null", "null", 0.0]], "pvals": [[2, 1.0, 2, 2, 2, 2, 2, 1.0], [2, 1.0, 2, 2, 2, 2, 2, 1.0]], "expected": [["null", 5007.128196508752, "null", "null", "null", "null", "null", 160772.00758758135], ["null", 0.871803491247869, "null", "null", "null", "null", "null", 27.99241241866161]]}