{"values": [[503, 5025, 310, 160772], [0, 1, 0, 28]], "stats": [["null", 0.0, "null", 0.0], ["null", 0.0, "null", 0.0]], "pvals": [[2, 1.0, 2, 1.0], [2, 1.0, 2, 1.0]], "expected": [["null", 5025.125330804914, "null", 160772.01615468168], ["null", 0.8746691950863843, "null", 27.983845318322842]]}