{"values": [[6386, 15700, 1621, 144324], [0, 4, 0, 25]], "stats": [["null", 0.25419324561888273, "null", 0.0], ["null", 0.25419324561888273, "null", 0.0]], "pvals": [[2, 0.6141378388079599, 2, 1.0], [2, 0.6141378388079599, 2, 1.0]], "expected": [["null", 15701.290158276806, "null", 144324.0915089849], ["null", 2.7098417231940974, "null", 24.90849101511365]]}