{"values": [[6004, 16931, 486, 693, 770, 324, 79, 136079], [0, 4, 1, 0, 0, 0, 0, 13]], "stats": [["null", 1.5355701489820863, 3.6683506840615507, "null", "null", "null", "null", 1.1852473710521043], ["null", 1.5355701489820863, 3.6683506840615507, "null", "null", "null", "null", 1.1852473710521045]], "pvals": [[2, 0.21527838588388984, 0.05545503440554709, 2, 2, 2, 2, 0.27629031832487355], [2, 0.21527838588388984, 0.05545503440554709, 2, 2, 2, 2, 0.2762903183248735]], "expected": [["null", 16933.111151043475, 486.94568234769247, "null", "null", "null", "null", 136076.82094879294], ["null", 1.8888489565260496, 0.05431765230753978, "null", "null", "null", "null", 15.17905120705894]]}