{"values": [[777, 8250, 398, 151993], [0, 1, 0, 17]], "stats": [["null", 0.0, "null", 0.0], ["null", 0.0, "null", 0.0]], "pvals": [[2, 1.0, 2, 1.0], [2, 1.0, 2, 1.0]], "expected": [["null", 8250.080019326544, "null", 151993.05099234372], ["null", 0.9199806734557348, "null", 16.949007656284845]]}