{"values": [[738, 8237, 0, 346, 39, 13, 0, 151993], [0, 1, 0, 0, 0, 0, 0, 17]], "stats": [["null", 0.0, "null", "null", "null", "null", "null", 0.0], ["null", 0.0, "null", "null", "null", "null", "null", 0.0]], "pvals": [[2, 1.0, 2, 2, 2, 2, 2, 1.0], [2, 1.0, 2, 2, 2, 2, 2, 1.0]], "expected": [["null", 8237.081172854805, "null", "null", "null", "null", "null", 151993.0455311555], ["null", 0.9188271451940713, "null", "null", "null", "null", "null", 16.954468844495118]]}