{"values": [[45, 67, 0, 19, 3, 0, 0, 3144], [38, 626, 0, 80, 1, 9, 0, 118250], [199, 810, 0, 277, 21, 2, 0, 19807], [153, 229, 0, 69, 19, 2, 0, 4039], [6, 54, 0, 7, 2, 1, 0, 701], [10, 1211, 0, 14, 2, 1, 0, 4504]], "stats": [[130.56274206581668, 0.1359389594751996, "null", 7.676194942272951, 2.2002297010715015, "null", "null", 29.92050693691376], [1201.7388993120205, 5453.607938882403, "null", 945.323909253913, 148.5107530229135, 1.6001432606037695, "null", 7794.007557489846], [352.70269353678145, 460.4841930498869, "null", 825.5391563415028, 34.28865591705581, 0.0, "null", 1278.4629974225284], [1522.179237321249, 238.38239172691914, "null", 228.65450505448135, 214.82612405397396, 2.6507135571605356, "null", 1149.039816160046], [4.723011327093442, 101.71826026579119, "null", 7.5461382712662015, 6.66348248026039, 2.4253682973296242, "null", 128.03559050468832], [2.4418443925019178, 11480.751774999353, "null", 0.4807107046672204, 0.0, 0.0, "null", 8559.108193531378]], "pvals": [[3.086215872569331e-30, 0.7123520872534195, 2, 0.005595402819207327, 0.1379901738552921, 2, 2, 4.5012681958392225e-08], [2.554983103389448e-263, 0.0, 2, 1.3778845659554224e-207, 3.668463287093365e-34, 0.20588290979939186, 2, 0.0], [1.0929396223653916e-78, 3.771573850750733e-102, 2, 1.5118079880315736e-181, 4.75143303223394e-09, 1.0, 2, 5.4143258871661e-280], [0.0, 8.859744603528538e-54, 2, 1.171591630340102e-51, 1.2161798013274178e-48, 0.10350342656847669, 2, 7.253866451359528e-252], [0.029761579742410654, 6.400761158430192e-24, 2, 0.006013881986722357, 0.009840841748210137, 0.11938518005560396, 2, 1.1024815119701006e-29], [0.1181372474002205, 0.0, 2, 0.4881005728733554, 1.0, 1.0, 2, 0.0]], "expected": [[9.573622929375349, 63.618953257955475, "null", 9.892036108844595, 1.018922174301589, "null", "null", 3193.578052350054], [347.55931149706646, 2309.612542254342, "null", 359.1189338306718, 36.99079146753701, 11.559622333605315, "null", 115939.15879861677], [61.670720493193976, 409.8162956055484, "null", 63.72185310383236, 6.563624354042818, 2.0511326106383807, "null", 20572.176373832743], [13.174683659064122, 87.54884019116447, "null", 13.612866042403285, 1.402183626685317, 0.43818238333916154, "null", 4394.823244097343], [2.251758169172786, 14.963457279403194, "null", 2.326650347748378, 0.239654971441893, 0.07489217857559156, "null", 751.1435870536582], [16.76990325212729, 111.43991141158644, "null", 17.327660566499592, 1.7848234059913743, 0.5577573143723045, "null", 5594.119944049423]]}