{"values": [[366, 262, 81, 2647], [1634, 2703, 681, 114382], [1880, 2156, 1017, 16737], [1078, 807, 274, 2782], [57, 147, 20, 572], [170, 1882, 101, 3678]], "stats": [[612.0314957308033, 51.501646756442916, 25.28304283630017, 495.0049466109739], [6026.953009765781, 8422.115959907484, 2497.014675248972, 18043.585979908486], [2218.971180366656, 1203.8645015915586, 1974.9406915898494, 5121.178119578517], [5430.405888286426, 1329.2931421502776, 637.7221234061321, 6617.2187455323765], [35.54022283321336, 292.9174091899815, 6.511798214388934, 301.72735386395215], [2.9771171267091465, 9244.32731103743, 4.83210875323942, 5029.018629404742]], "pvals": [[4.0447881742206624e-135, 7.153706883806404e-13, 4.95041790702969e-07, 1.1609243266646636e-109], [0.0, 0.0, 0.0, 0.0], [0.0, 8.819343393170426e-264, 0.0, 0.0], [0.0, 4.8692867069610775e-291, 1.0455537610358531e-140, 0.0], [2.4983791307120663e-09, 1.150509029623388e-65, 0.010716108858899844, 1.3849773887017199e-67], [0.08444956820522809, 0.0, 0.02793444332610305, 0.0]], "expected": [[111.46252097825948, 171.05251290723444, 46.73471949985267, 3026.7502466146534], [3965.6212767592915, 6085.718129059534, 1662.7310811330183, 107685.92951304816], [723.7092765543129, 1110.6180739715849, 303.4414594463021, 19652.2311900278], [164.10498097544104, 251.83863714977517, 68.80698720166032, 4456.249394673124], [26.437475178395275, 40.571454193730226, 11.084873874220122, 717.9061967536544], [193.66446955430007, 297.2011927181419, 81.20087884494664, 5258.933458882611]]}