{"values": [[296, 232, 22, 32, 41, 1, 7, 2647], [1540, 2386, 15, 301, 78, 301, 1, 114382], [1345, 1898, 119, 499, 379, 102, 37, 16737], [708, 579, 168, 47, 167, 25, 35, 2782], [38, 132, 9, 7, 7, 3, 3, 572], [117, 1819, 27, 41, 24, 34, 2, 3678]], "stats": [[537.2123617326304, 48.045393294337295, 25.735700001747663, 7.300295062758767, 45.97302469398189, 7.295915745373913, 12.491992502363214, 451.32432120184785], [3568.1628809127506, 7792.951813941081, 1080.7306873378236, 1046.7077854854733, 1711.8395386910288, 40.42870460117888, 272.8188191880284, 15729.349072943798], [1347.68573054578, 1099.0162987356684, 113.18629336690948, 1270.4886836911624, 981.4923028642003, 26.023453774696296, 61.71208790807463, 4315.4112788524035], [3110.2545840987427, 728.2882170752023, 2419.5346884888213, 14.43312511065707, 1087.3547057030157, 8.996338500742699, 425.49315082800433, 5025.261562885089], [15.314037256443292, 277.7199836255277, 25.17820293786483, 0.7652780579187288, 2.6584762076639836, 0.01301970558202862, 10.208000720114581, 275.8739855232977], [7.663938094590206, 10063.340916597843, 13.374343633524632, 1.102449146304875, 0.07676711737900492, 15.724430975357551, 0.14349359631294573, 5450.500046820348]], "pvals": [[7.618688425586384e-119, 4.164649489591193e-12, 3.915172294522746e-07, 0.0068943287890541995, 1.198925222475767e-11, 0.0069111535183023235, 0.0004087000546627773, 3.714561689173373e-100], [0.0, 0.0, 5.093231604952768e-237, 1.2644617751808715e-229, 0.0, 2.0392300847289637e-10, 2.7578553535060256e-61, 0.0], [4.904401675673252e-295, 5.4036435344973804e-241, 1.964247041842591e-26, 2.92752878882173e-278, 1.8932574211000768e-215, 3.372948053070379e-07, 3.975323683573525e-15, 0.0], [0.0, 2.1106546321963597e-160, 0.0, 0.00014522524467079585, 1.8504683981020354e-238, 0.002705210638430442, 1.555303940150161e-94, 0.0], [9.103750912372097e-05, 2.357536049113472e-62, 5.226963296494142e-07, 0.38168179851770956, 0.1029993649699984, 0.9091554112592815, 0.0013983268152553384, 5.9531886902805235e-62], [0.005633540686116606, 0.0, 0.0002550898855193126, 0.2937292466943936, 0.78172728184281, 7.327165707418466e-05, 0.7048323131364798, 0.0]], "expected": [[85.84419318490889, 149.56928416935412, 7.641916307261918, 19.67793449119944, 14.774371527373043, 9.892036108844595, 1.8043413503257308, 2988.7959228607324], [3116.474181139993, 5429.93993083887, 277.4309360065276, 714.3846602168085, 536.3664762792866, 359.1189338306718, 65.50452655709678, 108504.78035513074], [552.9853518281074, 963.4853583038686, 49.22718265532113, 126.75999533745191, 95.17255313362085, 63.72185310383236, 11.62308479361749, 19253.02462084418], [118.13397054823794, 205.8288715338488, 10.516377200139877, 27.07967129036018, 20.331662586937096, 13.612866042403285, 2.483033505588582, 4113.013547292484], [20.190931343979486, 35.179352682907876, 1.7974122858141974, 4.628336635971558, 3.4749970859074484, 2.326650347748378, 0.42438901192835216, 702.9779306057427], [150.37137195477328, 261.9972024711505, 13.386175544935307, 34.469402028208414, 25.879939386874927, 17.327660566499592, 3.1606247814430586, 5235.407623266115]]}