{"values": [[579, 1060, 238, 83197], [48, 67, 22, 3144], [39, 635, 90, 118250], [220, 812, 300, 19807], [12, 1212, 17, 4504]], "stats": [[307.8505854784359, 114.7920904709513, 0.09070713522332174, 3.5835978400331947], [98.71994514925953, 3.52852180299611, 16.092767418647263, 52.46860630593657], [776.7581749506866, 1781.985763952137, 371.1067621973653, 2921.958335851633], [261.0610933565285, 721.9222149320856, 1048.8363456520285, 1677.67074369109], [4.237795914468437, 14043.085651238242, 0.0012669296722239544, 9836.768609383029]], "pvals": [[6.418970104673401e-69, 8.739651093523126e-27, 0.7632800971763622, 0.05835264162444823], [2.908578869505775e-23, 0.060321544699343255, 6.0313944193026156e-05, 4.371813255549956e-13], [6.100216443401723e-171, 0.0, 1.0745302107755949e-82, 0.0], [1.0074532603890252e-58, 5.113028255221567e-159, 4.357671003759384e-230, 0.0], [0.039533458723375776, 0.0, 0.9716061280358667, 0.0]], "expected": [[326.12795567185907, 1374.9670825987287, 242.23535237542316, 83130.669609354], [12.577589187758534, 53.02756421475926, 9.34215143456007, 3206.052695162922], [456.2356597354143, 1923.505799285388, 338.87437087251817, 116295.38417010668], [81.03555557452839, 341.6487899834794, 60.19010642339693, 20656.125548018594], [22.02323983043974, 92.8507639176446, 16.358018894101676, 5613.767977357814]]}