{"values": [[7266, 4879, 1416, 72876], [366, 262, 81, 2647], [1634, 2703, 681, 114382], [1880, 2156, 1017, 16737], [170, 1882, 101, 3678]], "stats": [[3935.738733725862, 112.1290842502039, 59.923071577758364, 2774.9635804561462], [279.5365135209201, 54.99045159009236, 25.146791426970527, 337.411303272755], [6152.530578811391, 3830.3805261692637, 1182.8418004711464, 11823.868457762772], [780.5842776464663, 1196.6017625344634, 1873.3681064589782, 3477.721960112913], [45.18139183868453, 9314.713109798653, 4.793638595524049, 3982.3380726207834]], "pvals": [[0.0, 3.347875221738834e-26, 9.863837107460417e-15, 0.0], [9.475413364607469e-63, 1.2111679800928258e-13, 5.312797429273428e-07, 2.3369474128765925e-75], [0.0, 0.0, 3.2679611576752894e-259, 0.0], [8.983660687184548e-172, 3.340656372914977e-262, 0.0, 0.0], [1.796035480149845e-11, 0.0, 0.02856502291092591, 0.0]], "expected": [[4130.334743722922, 4336.924480816168, 1203.0384690094336, 76766.70230645148], [160.36423522257974, 168.38528127560025, 46.709130372359745, 2980.5413531294603], [5705.449846715143, 5990.823177683752, 1661.8206693861005, 106041.90630621501], [1041.2207048569765, 1093.3001427280483, 303.2753131149341, 19352.20383930004], [278.6304694823786, 292.5669174964318, 81.15641811717212, 5178.646194904018]]}