{"values": [[48, 67, 22, 3144], [39, 635, 90, 118250], [220, 812, 300, 19807], [172, 231, 90, 4039], [8, 55, 10, 701], [12, 1212, 17, 4504]], "stats": [[131.70718023788672, 0.10428326557351007, 9.615006148635533, 31.426707361029415], [1352.2484585371858, 5434.456603777653, 1077.8442470821033, 7921.02564377903], [389.24814294506, 457.21058413199086, 828.3817875401577, 1304.8466817733638], [1737.2544226399764, 240.24412885194405, 364.58926211795153, 1248.4057636116656], [10.08221808879584, 105.49214365874029, 17.852211766668795, 139.24287342251046], [2.0599326466142323, 11432.287305017364, 0.25003765206438133, 8438.054213433683]], "pvals": [[1.7339935338201914e-30, 0.7467488647537415, 0.0019299381666899656, 2.0711234291509953e-08], [5.00114433245574e-296, 0.0, 2.159512039007222e-236, 0.0], [1.2065848027537669e-86, 1.9450031357989266e-101, 3.643195491855939e-182, 9.999339415840155e-286], [0.0, 3.4791619860115266e-54, 2.820347659752527e-81, 1.843095493443787e-273], [0.0014970701124402655, 9.52749014835442e-25, 2.3874161874761515e-05, 3.8974713071373263e-32], [0.1512168542119071, 0.0, 0.617048566726973, 0.0]], "expected": [[10.597915655241609, 63.9697834741237, 11.235064893031685, 3195.197235977603], [384.42558177169303, 2320.420545684047, 407.5373401948409, 115901.61653234942], [68.28081043467003, 412.1478978541606, 72.38586917823737, 20586.185422532933], [14.63875457164126, 88.36057869696087, 15.518840016830113, 4413.481826714567], [2.5000873871249634, 15.090707835712205, 2.650393242062336, 753.7588115351004], [18.55685017962909, 112.01048645499563, 19.672492474997572, 5594.760170890378]]}