{"values": [[1540, 2386, 15, 301, 78, 301, 1, 114382], [708, 579, 168, 47, 167, 25, 35, 2782], [117, 1819, 27, 41, 24, 34, 2, 3678], [14, 6, 2, 7, 2, 0, 0, 27]], "stats": [[2456.6262116692606, 12074.481808074654, 2076.853287394562, 136.6831496922835, 1471.6992015253484, 33.70051695889596, 401.8761411668812, 17129.878394009953], [4960.744850572607, 1089.9227355282092, 3597.335796921896, 80.38168558066573, 2708.9109372679277, 11.799030511298898, 860.4924614902828, 7735.702138178966], [1.1913046858002845, 13175.146841722937, 32.50835867265679, 31.35003564518885, 11.458616416681027, 20.138724762170664, 0.0, 8511.006330003436], [147.6507643352749, 5.4322236260374535, 20.80138023843564, 225.8472004285488, 15.672588683861855, "null", "null", 201.60705460268636]], "pvals": [[0.0, 0.0, 0.0, 1.4144658679993055e-31, 0.0, 6.428360210826438e-09, 2.150426806232588e-89, 0.0], [0.0, 5.118347656862827e-239, 0.0, 3.0864262764317642e-19, 0.0, 0.0005926157345187089, 3.806268384319877e-189, 0.0], [0.27506654361013433, 0.0, 1.1868098392373946e-08, 2.1545474187727132e-08, 0.0007116326379564413, 7.202356572395117e-06, 1.0, 0.0], [5.655525483758397e-34, 0.019768492151875695, 5.0946234417492744e-06, 4.7977115562768804e-51, 7.530771814231142e-05, 2, 2, 9.314154842193642e-46]], "expected": [[2189.3091752696905, 4408.066813594711, 195.0960677415613, 364.4247303097089, 249.391671499826, 331.2952093724626, 34.970049878204385, 111231.44628233384], [82.9885860109036, 167.09345396899045, 7.39536790008893, 13.81398909639253, 9.45351274020802, 12.55817190581139, 1.3255848122800913, 4216.371333565325], [105.63521633221204, 212.69133511193598, 9.413478714766269, 17.583667787959634, 12.033267602366315, 15.985152534508758, 1.6873216564203688, 5366.970560259831], [1.067022387194061, 2.1483973243629895, 0.09508564358349766, 0.1776128059389862, 0.12154815759965974, "null", "null", 54.21182384100839]]}