{"values": [[39, 635, 90, 118250], [172, 231, 90, 4039], [12, 1212, 17, 4504], [5, 3, 4, 47]], "stats": [[1732.7935159575663, 10870.256759201166, 604.4510760214438, 13189.793945296464], [3474.5164249115655, 358.74591005875476, 1002.0898246558984, 1966.8146783533998], [0.19530305207637746, 14411.058302692172, 6.732691874172913, 12202.43411872839], [186.23438975539423, 2.576297145658955, 126.96155576007652, 95.55632924243652]], "pvals": [[0.0, 0.0, 1.801608778692566e-133, 0.0], [0.0, 5.28031391385255e-80, 6.309774124513911e-220, 0.0], [0.6585391017799852, 0.0, 0.009466163783882108, 0.0], [2.1102054640795622e-42, 0.1084751486645735, 1.894072520620967e-29, 1.4374255626175297e-22]], "expected": [[209.78115191341323, 1914.7130575956708, 184.93864708156164, 116704.56714340935], [7.988372632392733, 72.91141863161964, 7.042381136451488, 4444.057827599536], [10.12647854657905, 92.42632392732895, 8.927290297642056, 5633.51990722845], [0.10399690761499807, 0.9491998453807499, 0.09168148434480093, 57.85512176265945]]}