{"values": [[6086, 4239, 428, 494, 710, 170, 42, 72876], [296, 232, 22, 32, 41, 1, 7, 2647], [1540, 2386, 15, 301, 78, 301, 1, 114382], [1345, 1898, 119, 499, 379, 102, 37, 16737], [117, 1819, 27, 41, 24, 34, 2, 3678]], "stats": [[3441.6183173735103, 68.01442231122472, 299.9658063304478, 0.011854149565819124, 242.36738042723303, 18.03789607297858, 4.095215419908345, 2473.93281076531], [216.72760541700345, 50.02352407375737, 19.931498193532097, 8.152025601319524, 31.973393040671372, 5.872074661939191, 22.483523872463138, 297.093012918904], [4628.511298673149, 3535.2258303450335, 571.3147566617008, 455.07589912376295, 978.8427133523362, 0.36744654983228653, 85.9882761381838, 10514.059126727214], [336.08645828091284, 1076.0068123980368, 80.41898351496303, 1262.929740225434, 711.2647378136903, 43.795865340155764, 111.09388425879422, 2819.702525596494], [58.8337545753312, 10067.6246732709, 9.103078132183194, 1.4999034322235067, 1.111346286017012, 23.832713589010872, 0.0, 4263.340410240651]], "pvals": [[0.0, 1.6230404286813723e-16, 3.351359527235071e-67, 0.913300237338488, 1.198177757295479e-54, 2.1655103455204424e-05, 0.043004749452043245, 0.0], [4.6795072446993094e-49, 1.519137789934232e-12, 8.026694977743208e-06, 0.004301308949107405, 1.56298764406139e-08, 0.015382912589656015, 2.1195381313764267e-06, 1.416172215050194e-66], [0.0, 0.0, 2.90617891709864e-126, 5.6685643070288805e-101, 7.130935713621624e-215, 0.544399417725467, 1.8100557377130274e-20, 0.0], [4.541346934889866e-75, 5.416507019081576e-236, 3.0287148841646473e-19, 1.2858747253306411e-276, 1.0620392237412423e-156, 3.644742022516992e-11, 5.643383626349352e-26, 0.0], [1.715725149273287e-14, 0.0, 0.00255179695358562, 0.22068622104639127, 0.29178948299630664, 1.0508131211546263e-06, 1.0, 0.0]], "expected": [[3407.8283408416423, 3839.98048551359, 221.88652133996627, 496.4302367786152, 447.4045733074279, 220.79706215171765, 32.32062258470867, 76378.35215748234], [131.35235817836326, 148.00936012127164, 8.552460661442876, 19.134556013408204, 17.24489612912868, 8.510468219569997, 1.2457757755620555, 2943.9501249012533], [4768.595495014625, 5373.30869184619, 310.4871960202404, 694.6579328308816, 626.0560155432671, 308.9627089694045, 45.2264491747977, 106876.70551060059], [846.1367892905182, 953.4367444541708, 55.09266605461494, 123.25969639387664, 111.08701240472276, 54.82216196596708, 8.024954629886627, 18964.139974806243], [230.08701667485107, 259.26471806477787, 14.981155923735509, 33.517577983218395, 30.207502615453595, 14.907598693340734, 2.182197835044943, 5156.852232209578]]}