{"values": [[38, 626, 0, 80, 1, 9, 0, 118250], [153, 229, 0, 69, 19, 2, 0, 4039], [10, 1211, 0, 14, 2, 1, 0, 4504], [4, 3, 0, 3, 1, 0, 0, 47]], "stats": [[1501.2246545492255, 10924.964650168216, "null", 429.26753862100344, 229.20316181411212, 2.7047312245636412, "null", 13023.894879682373], [3065.876465784161, 356.5330727883279, "null", 704.5470098226097, 404.55557637456405, 2.8948339760871, "null", 1815.1064141591187], [0.018179370693943365, 14485.318706864187, "null", 5.3401045044285915, 0.23487410504686354, 0.0, "null", 12343.55428134941], [126.57963347401103, 2.7075408231583316, "null", 79.15613754636114, 23.25932843602444, "null", "null", 81.01342464368517]], "pvals": [[0.0, 0.0, 2, 2.3458946817194485e-95, 8.89448871278906e-52, 0.10005094259675654, 2, 0.0], [0.0, 1.601427962767764e-79, 2, 3.068538137220483e-155, 5.613798091719029e-90, 0.0888639300059874, 2, 0.0], [0.8927455768828744, 0.0, 2, 0.02084022369323794, 0.6279330699135439, 1.0, 2, 0.0], [2.296012450717845e-29, 0.09987484653759851, 2, 5.739019442520346e-19, 1.4156214732998479e-06, 2, 2, 2.2418952027972796e-19]], "expected": [[188.65421644820788, 1904.0271894211808, "null", 152.76390209952442, 21.166082821018442, 11.043173645748753, "null", 116726.34543556432], [7.151181224142597, 72.17460464756603, "null", 5.7907126010130305, 0.80232764953795, 0.418605730193713, "null", 4424.662568147547], [9.102656304373042, 91.87022387194061, "null", 7.370931446467927, 1.0212736341491706, 0.5328384178169586, "null", 5632.102076325253], [0.09194602327649538, 0.9279820593125314, "null", 0.07445385299462552, 0.010315895294436068, "null", "null", 56.889919962881336]]}