{"values": [[1634, 2703, 681, 114382], [1078, 807, 274, 2782], [170, 1882, 101, 3678], [18, 8, 9, 27]], "stats": [[4851.22973553049, 12792.872060859107, 1079.5268172240542, 19198.621465137323], [9044.18132508568, 1915.8424997034638, 1409.249093534032, 10249.327308256203], [12.969071952142803, 12145.470129722387, 61.749054959376664, 8081.1492724169375], [192.58376618120096, 9.865012452057552, 127.10845979046734, 218.21693358624537]], "pvals": [[0.0, 0.0, 9.303622427627051e-237, 0.0], [0.0, 0.0, 2.053932066735362e-308, 0.0], [0.00031667895644396334, 0.0, 3.901387361064604e-15, 0.0], [8.677012085626669e-44, 0.0016845153676181175, 1.7589337994017468e-29, 2.214740692882735e-49]], "expected": [[2658.752706666462, 4950.7809020685845, 976.4040112413041, 110814.06238002365], [110.02426401707696, 204.87276748007432, 40.40546247523688, 4585.697506027612], [129.84243745872814, 241.775573199011, 47.6835158253605, 5411.698473516901], [1.3805918577330036, 2.5707572523304205, 0.5070104580984997, 57.541640431838076]]}