{"values": [[285, 3037, 147, 27955], [1070, 1150, 608, 17134], [309, 2018, 363, 199579], [38, 56, 20, 475]], "stats": [[30.012898218848818, 7739.399086853978, 0.27846124380633575, 5778.410033504098], [7160.518897731339, 979.6828105126541, 3275.4811639868485, 7031.894478404851], [3968.282681772399, 8836.877661937717, 1593.5157909710792, 14505.738939602585], [288.1821787287462, 119.06833177869241, 108.60521805355258, 421.0937783404842]], "pvals": [[4.291820244329303e-08, 0.0, 0.5977115501018847, 0.0], [0.0, 4.68312587833541e-215, 0.0, 0.0], [0.0, 0.0, 0.0, 0.0], [1.2377910560389481e-64, 1.0118318469475713e-27, 1.9805260027381197e-25, 1.410500370128078e-93]], "expected": [[210.36346187127327, 773.8458488695899, 140.654300593131, 30299.136388666007], [133.6327464954925, 491.58321140321897, 89.35021475433048, 19247.43382734696], [1354.0608155944683, 4981.066255250861, 905.3591117194507, 195028.51381743522], [3.94297603876591, 14.504684476329825, 2.6363729330879, 567.9159665518164]]}