{"values": [[3703, 6527, 1580, 191365], [2247, 6231, 599, 22862], [4976, 3280, 1599, 12107], [176, 146, 50, 281]], "stats": [[14377.35429764798, 15338.993409167211, 3282.487086814343, 35428.653792245284], [657.2742693609733, 10839.598552266014, 37.625618238777236, 9176.514343288762], [19605.894660971004, 3054.519877750907, 5506.5480554940505, 24329.730832828947], [808.9069776986859, 284.85449491782776, 166.214643362165, 1238.8519498138317]], "pvals": [[0.0, 0.0, 0.0, 0.0], [5.8494407933444675e-145, 0.0, 8.571135831363415e-10, 0.0], [0.0, 0.0, 0.0, 0.0], [6.245067482669705e-178, 6.572784824668542e-64, 4.965689223232656e-38, 2.196836067155936e-271]], "expected": [[8752.018011166769, 12758.301161297331, 3017.719775423022, 178646.9610521129], [1375.8124929674193, 2005.5980351454434, 474.3839148873429, 28083.205556999794], [946.0407016672551, 1379.0959030609672, 326.1974244264324, 19310.665970845344], [28.1287941985574, 41.0049004962577, 9.698885263202822, 574.167420041982]]}