{"values": [[285, 3037, 147, 27955], [1477, 3743, 1654, 84859], [309, 2018, 363, 199579], [952, 1308, 434, 47337]], "stats": [[4.311707052301276, 6363.34294825282, 24.72250905176362, 4008.401522477914], [983.5083228190815, 893.049956562714, 2178.7536839276845, 3302.2873630436957], [2334.983311326428, 4802.729712125527, 1674.4214296729822, 8928.472756767776], [869.2226213702654, 1.2821483920432057, 25.58025031788071, 205.3564045576996]], "pvals": [[0.037850961482389506, 0.0, 6.620642150906292e-07, 0.0], [6.902268169935691e-216, 3.181875145034816e-196, 0.0, 0.0], [0.0, 0.0, 0.0, 0.0], [4.814845340005747e-191, 0.25749996001526615, 4.243606616793762e-07, 1.4158576417694912e-46]], "expected": [[253.0110025915085, 845.8250718457773, 217.44048452952003, 30107.723441033195], [738.5901954151874, 2469.1341431908313, 634.7526720769622, 87890.52298931702], [1628.573144194941, 5444.379819792945, 1399.613969109645, 193796.43306690248], [402.82565779836307, 1346.6609651704457, 346.1928742838727, 47935.320502747316]]}