{"values": [[3064, 6085, 114, 741, 511, 314, 14, 191365], [1823, 5978, 136, 209, 273, 102, 15, 22862], [6161, 8128, 554, 1791, 2268, 445, 122, 71966], [4708, 3752, 241, 398, 751, 70, 34, 39957]], "stats": [[7869.681384670523, 8368.627659629083, 778.845897752252, 1170.238687818089, 2533.763358918125, 152.49303179568727, 158.26034378542073, 22705.39838887349], [218.56630620358757, 9176.363596814615, 28.80757138883041, 11.92004859953897, 6.99803438896089, 7.776241063243795, 0.0, 6076.828859823406], [1931.0253600956435, 1267.5304689001073, 464.23133151174574, 1830.5972763031966, 2587.263968109505, 276.17334073816556, 171.13279262946074, 7316.674543827438], [3911.5875197220607, 123.14891377525842, 85.49916230704594, 1.0415299033878096, 137.36061133305355, 26.63720516136657, 3.690685059799996, 2440.147793743293]], "pvals": [[0.0, 0.0, 2.144967101097274e-171, 1.7919677707474086e-256, 0.0, 4.943917635144545e-35, 2.7149065296935847e-36, 0.0], [1.8582892484698168e-49, 0.0, 7.993800153163318e-08, 0.0005553303192541338, 0.008159926722960635, 0.005293783472030259, 1.0, 0.0], [0.0, 1.2863962240198902e-277, 5.768853477479882e-103, 0.0, 0.0, 5.122850277377915e-62, 4.185602392597013e-39, 0.0], [0.0, 1.2936601947111837e-28, 2.3179978003538392e-20, 0.3074659236425256, 1.0055995152899897e-31, 2.454709748736562e-07, 0.05471713823763011, 0.0]], "expected": [[8497.058951545798, 12912.229149331115, 563.5584288122213, 1692.8324478866627, 2050.921248586486, 502.0793274872517, 99.76871706245066, 175889.551729288], [1319.3872495679448, 2004.9561383857133, 87.50696089099405, 262.855837547206, 318.45834666837357, 77.96074697561288, 15.491662932855405, 27311.3830570313], [3842.2247647698905, 5838.6892322217245, 254.83148509675905, 765.4698868121786, 927.3915194478227, 227.03168672256714, 45.113707887942994, 79534.24771704111], [2097.329034116367, 3187.125480061448, 139.1031252000256, 417.8418277539525, 506.2288852973181, 123.92823881456826, 24.625912116750943, 43414.81749663957]]}