{"values": [[259, 3037, 0, 121, 26, 0, 0, 27955], [897, 1141, 0, 426, 173, 9, 0, 17134], [275, 1991, 0, 302, 34, 27, 0, 199579], [32, 56, 0, 14, 6, 0, 0, 475]], "stats": [[38.24010459321886, 7810.822963839279, "null", 2.046051464357509, 0.35897064934017797, "null", "null", 5989.933679646914], [5862.253892434406, 985.7895334046966, "null", 2078.2464710398312, 1380.9467655231983, 12.551543358963656, "null", 6266.653485704571], [3350.807121452984, 8920.463360340598, "null", 1059.9288886431677, 626.3967464718813, 0.2315283007786673, "null", 13989.637643602433], [237.72374264917121, 122.11167002100811, "null", 67.36005051964959, 44.83019470087543, "null", "null", 390.06153408404543]], "pvals": [[6.25534862505145e-10, 0.0, 2, 0.15260151587679505, 0.5490784669546448, 2, 2, 0.0], [0.0, 2.2035919594686145e-216, 2, 0.0, 2.9024024728128834e-302, 0.0003958792049961322, 2, 0.0], [0.0, 0.0, 2, 1.6914499277715777e-232, 3.0373826034184446e-138, 0.6303929247816837, 2, 0.0], [1.2332209526777018e-53, 2.1820401604752024e-28, 2, 2.2618603263264973e-16, 2.1488337360528067e-11, 2, 2, 8.02566853297891e-87]], "expected": [[180.86961007052042, 769.5921549480448, "null", 106.69205296709441, 29.54739357953136, "null", "null", 30306.848135008604], [113.94359154069986, 484.8249195767987, "null", 67.21347881040599, 18.614161570900386, 2.803806763817631, "null", 19092.600041737376], [1164.828400316574, 4956.293090889046, "null", 687.1134036043769, 190.28980702369188, 28.66289980273183, "null", 195180.81239836357], [3.358398072205663, 14.289834586110903, "null", 1.9810646181226843, 0.5486378258763865, "null", "null", 562.7394248904394]]}