{"values": [[3703, 6527, 1580, 191365], [2247, 6231, 599, 22862], [9105, 9249, 4626, 71966], [5734, 4097, 1253, 39957]], "stats": [[11131.9562813384, 9021.470955095147, 3755.799745447671, 26119.519025554408], [168.46954062187356, 8753.952499624507, 9.491467838087216, 5536.4254311807035], [4190.403459101009, 1656.5776113287545, 4644.967290526073, 9808.626497786148], [3815.141325157679, 127.80005065268377, 32.82193667567123, 2542.1978822915953]], "pvals": [[0.0, 0.0, 0.0, 0.0], [1.5975068653901867e-38, 0.0, 0.002064296050815686, 0.0], [0.0, 0.0, 0.0, 0.0], [0.0, 1.2414006412437397e-29, 1.0099863827315751e-08, 0.0]], "expected": [[11083.16450232353, 13916.731260217108, 4295.932443105634, 173879.17179435372], [1742.2674592824474, 2187.7026195155613, 675.3182542160739, 27333.711666985917], [5179.289463947877, 6503.447600504853, 2007.5383376060415, 81255.72459794123], [2784.2785744461444, 3496.1185197624777, 1079.2109650722512, 43681.39194071913]]}