{"values": [[3064, 6085, 114, 741, 511, 314, 14, 191365], [1823, 5978, 136, 209, 273, 102, 15, 22862], [3078, 2287, 709, 275, 1040, 135, 149, 12107], [112, 110, 30, 11, 33, 5, 1, 281]], "stats": [[8930.229500860403, 13311.889185508051, 2832.715906765442, 294.8606779622752, 3126.1782366677226, 182.51365376891064, 564.6219527235467, 30193.33251854174], [801.2629440900482, 11881.529383651485, 1.6400311834000374, 23.276173523784447, 9.223481785092424, 17.857150232740715, 2.2678986425630336, 10044.028834259338], [10674.116832002199, 1374.6844111477126, 5636.074321872926, 359.63307072826956, 6048.728841804984, 208.7394356115051, 1409.4391877755295, 17522.033956082356], [482.4779339486202, 186.4323202565223, 328.62003801190343, 20.843631908122475, 188.85450440328398, 8.178783252010554, 0.01937649179981162, 1019.3260155205212]], "pvals": [[0.0, 0.0, 0.0, 4.3399862201751817e-66, 0.0, 1.36964576089736e-41, 8.30225686331174e-125, 0.0], [2.8673097711889263e-176, 0.0, 0.20032118969839424, 1.4032767996591875e-06, 0.002389307369044778, 2.3812284554233907e-05, 0.13207888108235227, 0.0], [0.0, 6.661869900064969e-301, 0.0, 3.384401389012982e-80, 0.0, 2.5875519560370284e-47, 1.867576444378547e-308, 0.0], [6.173815409424656e-107, 1.910365342721749e-42, 1.9202014836357654e-73, 4.9834639359850756e-06, 5.6542091067628954e-43, 0.0042383179739972415, 0.8892925291462606, 1.1311666338894483e-223]], "expected": [[6430.8400474073605, 11512.93142076395, 787.4335529139383, 984.0928932271262, 1478.5279148242503, 442.68256361996936, 142.51830735247216, 180428.97329989093], [998.5535478739531, 1787.6791261925669, 122.26933995881387, 152.80576763305757, 229.5795392351035, 68.7378695825081, 22.12963786918876, 28016.24517165481], [629.0652008709725, 1126.195716800082, 77.02680248376771, 96.26403222440534, 144.62969890025948, 43.30323779673897, 13.941150297871, 17649.574160625903], [18.541203847713696, 33.19373624339978, 2.27030464348011, 2.837306915410936, 4.262847040386819, 1.2763290007835602, 0.41090448046808864, 520.207367828357]]}