{"values": [[259, 3037, 0, 121, 26, 0, 0, 27955], [1200, 3722, 0, 1356, 277, 21, 0, 84859], [897, 1141, 0, 426, 173, 9, 0, 17134], [275, 1991, 0, 302, 34, 27, 0, 199579], [836, 1304, 0, 314, 116, 4, 0, 47337], [19, 151, 0, 17, 10, 2, 0, 1397]], "stats": [[1.1023412731306648, 5683.820664797229, "null", 34.305305280905976, 12.316911589921144, "null", "null", 3215.747347506623], [254.75757923850503, 623.008303576974, "null", 1327.259657571637, 149.4334465822765, 3.183323042767206, "null", 1893.6676342067562], [3186.1944985415826, 630.9928191146236, "null", 747.9093594136945, 658.0395059335599, 9.603683087420618, "null", 3719.10138307234], [2616.427852963827, 5235.469029266777, "null", 1560.8341480186934, 529.9634432804801, 1.3694152909792028, "null", 10073.289733108215], [413.3331059318801, 12.744514600216997, "null", 0.08542217828651312, 17.93553193030924, 1.7005770028076985, "null", 46.867947811221256], [1.4366174718975855, 248.51436594365828, "null", 3.911867488156951, 18.90555740848065, 6.148210068736941, "null", 228.6290145915677]], "pvals": [[0.2937528663079273, 0.0, 2, 4.710958076113291e-09, 0.00044887277681688773, 2, 2, 0.0], [2.3838709381423398e-57, 1.6575422799745452e-137, 2, 1.346985277776e-290, 2.305665699615211e-34, 0.07439329348382745, 2, 0.0], [0.0, 3.0401328084042734e-139, 2, 1.1428334653033258e-164, 3.987433318286146e-145, 0.0019418748888444578, 2, 0.0], [0.0, 0.0, 2, 0.0, 2.8767488059011716e-117, 0.24191237019758285, 2, 0.0], [6.896075159686645e-92, 0.00035705479405188586, 2, 0.7700796380588578, 2.285148525602202e-05, 0.19221253501804564, 2, 7.593449627319398e-12], [0.23068749224432222, 5.474255814159784e-56, 2, 0.0479462909207718, 1.3735195554266724e-05, 0.013154517091786107, 2, 1.1866849810910749e-51]], "expected": [[276.16879958014573, 898.8557659312488, "null", 200.90765224763328, 50.38535758260834, "null", "null", 29966.691422256314], [804.2389384550171, 2617.583188672009, "null", 585.0688318766274, 146.7286187198482, 14.534438646777417, "null", 87266.84598362973], [173.9798348842373, 566.2579479622939, "null", 126.56708584808543, 31.741587775781674, 3.1442138834500715, "null", 18878.309329646152], [1778.5699925314386, 5788.770836277023, "null", 1293.8765063280919, 324.48953392139845, 32.1428311903272, "null", 192990.15029975172], [439.00442562725823, 1428.8422871964635, "null", 319.367533961769, 80.09375063079065, 7.933814920974546, "null", 47635.758187662745], [14.03800892190307, 45.68997396096163, "null", 10.21238973779294, 2.561151369572677, 0.253698956419935, "null", 1523.2447770533497]]}