{"values": [[285, 3037, 147, 27955], [1477, 3743, 1654, 84859], [1070, 1150, 608, 17134], [309, 2018, 363, 199579], [952, 1308, 434, 47337], [29, 153, 29, 1397]], "stats": [[5.585098485901832, 5635.964705690605, 50.3807462163181, 3018.2848530589968], [379.0271140913393, 621.8381944737538, 1440.0687352376867, 2027.2444346429647], [3816.9101651259743, 626.7356746804201, 1291.5843622128666, 4157.426048069325], [3144.733575198499, 5197.644543874275, 2057.9280280413323, 10562.98779738849], [415.536251140166, 13.676724498297691, 1.890113034262031, 54.87618048010215], [8.470092544239705, 252.76442456024873, 18.318901337551214, 250.82485926758758]], "pvals": [[0.018113914624657085, 0.0, 1.2663052250220626e-12, 0.0], [2.0266301465678367e-84, 2.978224951318119e-137, 0.0, 0.0], [0.0, 2.563215298215977e-138, 7.621884451995286e-283, 0.0], [0.0, 0.0, 0.0, 0.0], [2.2858420866190684e-92, 0.00021712900809791648, 0.16918917306738768, 1.2836736335222542e-13], [0.0036103306291504172, 6.483106791250102e-57, 1.868441378669028e-05, 1.7163825217403246e-56]], "expected": [[326.24916693323127, 903.002606875603, 256.0446518750614, 29938.703574316103], [952.3871827356829, 2636.0469111672505, 747.4460301188584, 87397.11987597821], [207.24878660645246, 573.6296473539583, 162.65158288982866, 19018.46998314976], [2099.990222327449, 5812.4183519005, 1648.1000410551424, 192708.4913847169], [519.4301193621593, 1437.6948645809982, 407.65561284245155, 47666.21940321439], [16.694522035025326, 46.20761812168946, 13.102081218657673, 1531.9957786246275]]}