{"values": [[3703, 6527, 1580, 191365], [2247, 6231, 599, 22862], [9105, 9249, 4626, 71966], [5734, 4097, 1253, 39957], [4976, 3280, 1599, 12107], [176, 336, 75, 1117]], "stats": [[14304.25130177677, 10226.450195081963, 4598.8956876915, 32216.18331503236], [22.57099640373851, 7542.546860908987, 41.09191953144029, 3849.264460082872], [2091.609427011045, 1048.7093991605084, 3218.193274062409, 5929.775550789474], [2266.2161632486277, 40.09490716061847, 0.6114373377528485, 1332.5373098755294], [10218.448984853278, 1966.3996951188306, 2351.0776707913137, 14135.6742402035], [43.179660289156864, 383.4097518687811, 28.23583690341909, 421.3670962247618]], "pvals": [[0.0, 0.0, 0.0, 0.0], [2.0251900486211767e-06, 0.0, 1.4523553735642523e-10, 0.0], [0.0, 4.6435139365104e-230, 0.0, 0.0], [0.0, 2.419188685705716e-10, 0.43424713980714247, 9.604500020602949e-292], [0.0, 0.0, 0.0, 0.0], [4.9937113852751226e-11, 2.2522328470646662e-85, 1.0739759714191987e-07, 1.2299366526480381e-93]], "expected": [[13021.22622397577, 14918.115854306305, 4885.03040020555, 170350.6275215124], [2046.9297126494996, 2345.119735551564, 767.924134131488, 26779.02641766745], [6084.967860522226, 6971.406068182436, 2282.8305469566444, 79606.7955243387], [3271.1524926686216, 3747.683284457478, 1227.2023460410558, 42794.961876832844], [1407.516526791957, 1612.5589289640707, 528.0425133471849, 18413.882030896788], [109.20718339192672, 125.11612853814664, 40.97005931807682, 1428.7066287518498]]}