{"values": [[948, 403, 201, 859], [768, 2138, 195, 8561], [852, 2046, 387, 50258], [1001, 768, 258, 2788]], "stats": [[6289.582401338092, 315.12884745771856, 833.0834715032595, 5380.317498317103], [81.14858075368609, 2427.8194593207572, 5.216987509632216, 1927.9254609755515], [4875.5764410068905, 3824.3980382206955, 737.9131785643472, 10052.555675778109], [2766.480269676448, 550.266534151102, 556.8370420673893, 3488.7603131773776]], "pvals": [[0.0, 1.6671275487561397e-70, 3.461774134254655e-183, 0.0], [2.0936929258318389e-19, 0.0, 0.022367266281222254, 0.0], [0.0, 0.0, 1.7042765866480831e-162, 0.0], [0.0, 1.1015599616430798e-121, 4.098946009736559e-123, 0.0]], "expected": [[118.80077591086689, 178.25109414477225, 34.651613259515955, 2079.296516684845], [574.6390081594898, 862.2000248512377, 167.6097527301846, 10057.551214259089], [2638.3035854813547, 3958.5642197401667, 769.5360135853433, 46176.596181193134], [237.25663044828872, 355.9846612638235, 69.20262042495617, 4152.556087862931]]}