{"values": [[72, 678, 34, 10662], [49, 143, 12, 8987], [145, 250, 69, 4012], [139, 537, 127, 11281], [33, 565, 54, 52619], [1, 15, 2, 122]], "stats": [[5.33839502331415, 682.7182078310707, 0.3016660185315671, 548.6444611823639], [0.39564025377941675, 31.618709749101026, 11.609128758627126, 32.95122764826517], [735.2177191876938, 199.44807953856971, 207.35618850731132, 765.5998270663686], [126.5984331068219, 242.62850350669478, 219.25203863291128, 519.8687597741821], [476.61639838087456, 1004.6293287513911, 202.4652866263787, 1660.7781340222518], [0.0, 37.53464840908883, 2.358410772057957, 38.58515855351377]], "pvals": [[0.020860670755485415, 1.713208924183298e-150, 0.5828398570597402, 2.482421651352324e-121], [0.5293494445555473, 1.876132869270377e-08, 0.0006562888915409567, 9.450005414867324e-09], [6.571191925724545e-162, 2.755967600381443e-45, 5.184269452687545e-47, 1.6273598904656332e-168], [2.2743651524235987e-29, 1.0509623583939364e-54, 1.3168438282354772e-49, 4.519547410812414e-115], [1.164161406947636e-105, 1.77018638023261e-220, 6.051558372742312e-46, 0.0], [1.0, 8.980345166099291e-10, 0.1246090765687041, 5.241599001814348e-10]], "expected": [[55.4564056153982, 276.39775737241746, 37.644667137559594, 11076.501169874624], [44.53082509270705, 221.94406674907293, 30.228213844252164, 8894.296894313968], [21.686429454352815, 108.08634999117076, 14.721084230972982, 4331.506136323504], [58.54754547059862, 291.80416740243686, 39.742980752251455, 11693.905306374712], [258.1004878156454, 1286.386941550415, 175.20260904114426, 51551.30996159279], [0.6783065512978986, 3.380716934487021, 0.4604449938195303, 135.48053152039554]]}