{"values": [[143, 56, 45, 1846], [72, 678, 34, 10662], [145, 250, 69, 4012], [33, 565, 54, 52619]], "stats": [[1542.2836149732084, 2.3577265527210485, 259.60358758564894, 551.3431367214728], [1.3379813684460764, 900.114088302845, 0.04174547960045041, 688.3048927151948], [624.2333102904746, 259.88442182929407, 262.82018937545496, 883.8063314183482], [917.3339521137921, 1225.1536717777196, 244.61162411475016, 2297.0675197870746]], "pvals": [[0.0, 0.12466375034698277, 2.0937500243170684e-58, 6.423976683063469e-122], [0.24739027187863533, 9.268710333483366e-198, 0.8381057036562375, 1.0445098976030014e-151], [8.974961450601644e-138, 1.8184838288460634e-58, 4.166723689381615e-59, 3.252109016372632e-194], [1.6736608103439798e-201, 2.0832982499577444e-268, 3.883332519331042e-55, 0.0]], "expected": [[11.522663187576281, 45.41629841617216, 5.922590238906892, 2027.1384481573446], [63.10449896889862, 248.72485725909402, 32.435391327525494, 11101.735252444481], [24.677244223727957, 97.26476158410841, 12.6839779470561, 4341.374016245108], [293.69559361979714, 1157.5940827406255, 150.95804048651152, 51668.752283153066]]}