{"values": [[72, 678, 34, 10662], [49, 143, 12, 8987], [139, 537, 127, 11281], [33, 565, 54, 52619], [182, 532, 88, 12598], [310, 10054, 180, 65525]], "stats": [[8.640246803927223, 26.69277767250512, 0.048581028976164675, 17.07288123048389], [1.4040716393746737, 454.1431171655543, 7.360372442549294, 425.1225850568155], [142.2667245697427, 140.9075349405852, 269.78208758702226, 26.215692082547346], [253.92315032510697, 4253.6141228478855, 87.91254301207626, 4649.022659710645], [268.01611957555804, 218.16136790050058, 70.93412378896572, 70.05623184961988], [4.635612140898936, 7515.060949124911, 9.593236149129524, 6680.0757108923335]], "pvals": [[0.0032881688289865727, 2.38511361323216e-07, 0.8255510438650675, 3.597232180438679e-05], [0.23604303338564886, 9.046231910611014e-101, 0.0066676978911593115, 1.8727117072063978e-94], [8.50277856384293e-33, 1.685626101080845e-32, 1.265908694762908e-60, 3.0533129460872497e-07], [3.6239616106530673e-57, 0.0, 6.841346493752908e-21, 0.0], [3.07109426502178e-60, 2.2774225962199964e-49, 3.693539942636841e-17, 5.763775336583916e-17], [0.03131497113000871, 0.0, 0.0019529543825053607, 0.0]], "expected": [[51.20858766335539, 816.010475262309, 32.29076546924958, 10546.490171605086], [41.11987849151663, 655.246573312588, 25.929095354523227, 8468.704452841372], [54.06295416075367, 861.4948963017423, 34.090652623659956, 11134.351496913843], [238.33065467539794, 3797.806572400704, 150.28493511378596, 49084.57783781011], [59.950644302722544, 955.3154262200717, 37.80327252209893, 12346.930656955106], [340.3272807062538, 5423.126056502585, 214.60127891668233, 70090.94538387448]]}