{"values": [[651, 206, 160, 49, 115, 15, 22, 859], [618, 1986, 78, 56, 65, 67, 7, 8561], [794, 1805, 17, 123, 40, 223, 1, 50258], [698, 581, 137, 61, 147, 31, 19, 2788]], "stats": [[4324.912240426034, 42.78193943968892, 1986.8981600435282, 197.1143171098404, 1042.5479036954298, 2.337279315102682, 290.65801260775316, 4248.30156408089], [84.82681648651936, 2708.186941939565, 4.03482859264616, 2.1337156783868165, 0.6314464524742474, 3.4953621823571046, 0.02045932096348583, 2078.891229786346], [3219.8785828955124, 3236.0427748700545, 1032.5171033385816, 157.80092659081382, 794.1206123978671, 12.16978867552669, 133.62087540628127, 8707.928981938803], [1765.9230784356075, 343.0986071005917, 547.5313496695443, 106.37537145968325, 711.6644998211797, 4.552752156995437, 82.8242630451938, 2797.8573817092165]], "pvals": [[0.0, 6.119453401468776e-11, 0.0, 8.90378923290318e-45, 1.0140879644314846e-228, 0.12630998744832342, 3.574224893567442e-65, 0.0], [3.256771755549706e-20, 0.0, 0.04457020277412867, 0.14409109897892214, 0.4268252415794048, 0.0615409454418873, 0.88626168427345, 0.0], [0.0, 0.0, 1.5357891863088312e-226, 3.420893772858897e-36, 1.0241219767861394e-174, 0.0004856980874901434, 6.613128404305543e-31, 0.0], [0.0, 1.3491429565291683e-76, 4.335348896193085e-121, 6.101129092450065e-25, 8.693840500672985e-157, 0.03286587836981121, 8.968237109507273e-20, 0.0]], "expected": [[80.49912967798085, 133.4751958224543, 11.429068755439513, 8.426022628372499, 10.700174064403829, 9.796344647519582, 1.428633594429939, 1821.2454308093995], [443.30719559785507, 735.0453971195149, 62.93966703164042, 46.40194839832674, 58.92565765462253, 53.94828602712036, 7.867458378955052, 10029.564389791965], [2064.258134703389, 3422.7358713046406, 293.0783009068194, 216.070482046099, 274.3870827367416, 251.2099722058452, 36.63478761335242, 46702.62536848311], [172.93554002077542, 286.74353575339006, 24.552963306100676, 18.101546927201774, 22.987085544232013, 21.045397119514867, 3.0691204132625844, 3912.5648109155227]]}