{"values": [[768, 2138, 195, 8561], [852, 2046, 387, 50258], [770, 786, 76, 7637], [1224, 1369, 465, 9362], [1001, 768, 258, 2788], [10, 35, 8, 91]], "stats": [[66.76826858905757, 2074.644843698592, 2.1718548115979197, 1637.0866865012572], [3182.638696595757, 2797.8970270216837, 535.8898323283662, 7011.417973449037], [230.06671740668972, 7.02479200998519, 32.65760908173687, 90.31588992974253], [696.586154261934, 210.64377121824967, 478.57540107403565, 1240.34705219773], [2633.951018162587, 472.3306504049299, 501.9638088581467, 3191.979924676745], [0.7359131990012159, 52.67224052134357, 13.229641301914787, 57.587092857278684]], "pvals": [[3.053742719946132e-16, 0.0, 0.14055661426502858, 0.0], [0.0, 0.0, 1.4777367967416205e-118, 0.0], [5.764911441814404e-52, 0.00803888081500181, 1.0990830253969048e-08, 2.030155986708643e-21], [1.6522277803172503e-153, 9.940636054168705e-48, 4.362487181091579e-106, 1.0396300122070351e-271], [0.0, 9.967925653823913e-105, 3.553749272579938e-111, 0.0], [0.3909731795481145, 3.941224588471523e-13, 0.0002755565396522265, 3.233404177553485e-14]], "expected": [[587.2072768445233, 906.7749991834779, 176.3526286566579, 9991.66509531534], [2696.007479341992, 4163.21846864011, 809.6766246067085, 45874.09742741119], [466.7144785690179, 720.7080661491732, 140.16571042861963, 7941.41174485319], [625.374239273622, 965.7130414902072, 187.81509585968885, 10641.097623376481], [242.44581015317954, 374.388751592218, 72.81237411951706, 4125.353064135085], [7.250715817665182, 11.196672944813995, 2.1775663288079867, 123.37504490871284]]}