{"values": [[130, 56, 0, 32, 13, 0, 0, 1846], [68, 674, 0, 26, 4, 4, 0, 10662], [131, 250, 0, 55, 14, 0, 0, 4012], [32, 556, 0, 44, 1, 9, 0, 52619]], "stats": [[1392.3055190619157, 2.699752242205996, "null", 163.46181525388633, 147.77923288509416, "null", "null", 497.07972291042154], [1.8791397697179304, 899.6167664044275, "null", 0.004038863713613547, 0.09439871646174924, 1.1392453307321215, "null", 700.2536762191215], [551.9818296864039, 266.31178071734223, "null", 216.91606811235562, 70.37002167828157, "null", "null", 845.63478337742], [831.6907580838367, 1235.5259938017218, "null", 179.7141602733252, 83.32928018270555, 0.019635341819435683, "null", 2234.9041055598072]], "pvals": [[9.873233236973974e-305, 0.10036384180139189, 2, 1.9830438710325394e-37, 5.301392909354188e-34, 2, 2, 4.105512077100401e-110], [0.1704319507312674, 1.1888611403953934e-197, 2, 0.9493269089680774, 0.7586578539388156, 0.2858118494080282, 2, 2.633544179490276e-154], [4.665122363923921e-122, 7.223716852020022e-60, 2, 4.256855677391343e-49, 4.9161355760298184e-17, 2, 2, 6.465118901382718e-186], [6.951604546834039e-183, 1.1603864336028032e-270, 2, 5.595398135061589e-41, 6.946307392474006e-20, 0.8885603087036481, 2, 0.0]], "expected": [[10.525239338555265, 44.78328981723238, "null", 4.5774586597040905, 0.9329852045256745, "null", "null", 2015.802001740644], [57.96229540413824, 246.6207361239788, "null", 25.20797888767231, 5.137932002582891, 2.0872848760492997, "null", 11100.983772705578], [22.61127488138353, 96.20752968921082, "null", 9.83371234453522, 2.004323535191892, "null", "null", 4330.528903113507], [269.90119037592297, 1148.388444369578, "null", 117.38085010808838, 23.92475925769954, 9.719433448440439, "null", 51691.68532244027]]}