{"values": [[768, 2138, 195, 8561], [852, 2046, 387, 50258], [770, 786, 76, 7637], [1224, 1369, 465, 9362], [1702, 1776, 462, 9854], [5962, 31074, 860, 41920]], "stats": [[2.362191219768049, 83.47811872899102, 9.156849806552739, 44.46838822914149], [2817.0706914049315, 14331.732158468658, 226.70725825588315, 19735.15209096981], [70.35909756459554, 1005.4936603423796, 20.479166122841715, 645.6090757719393], [295.58447047480627, 895.76876937282, 567.9806186984652, 141.45879084119719], [944.7093884844691, 685.4304989900475, 443.1388134125901, 4.018971952557081], [364.16633073780906, 24963.98288299907, 81.8312295312819, 22786.13149598606]], "pvals": [[0.1243074726974797, 6.442514234258448e-20, 0.002477887664582693, 2.584975923519932e-11], [0.0, 0.0, 3.114990541166167e-51, 0.0], [4.9434347724262447e-17, 1.1485380894360048e-220, 6.028386981932761e-06, 2.013982100694448e-142], [3.01849161498018e-66, 8.159091809949425e-197, 1.5437883047336674e-125, 1.277089381456081e-32], [1.8741106700430045e-207, 4.4053996749311224e-151, 2.2455612320020992e-98, 0.04499113039674785], [3.4865163454182815e-81, 0.0, 1.4821792970552515e-19, 0.0]], "expected": [[728.6488720471568, 2531.9223839914903, 157.96652705757214, 8243.462216903781], [3345.399293090458, 11624.654450870894, 725.2616839516022, 37847.68457208705], [579.1327726809378, 2012.381116207951, 125.55237003058105, 6551.93374108053], [776.0091743119266, 2696.4908256880735, 168.23394495412845, 8779.266055045871], [861.8575322430528, 2994.7982648583966, 186.84533306741125, 9750.498869831139], [4986.9523556264685, 17328.752958383193, 1081.140140938705, 56419.154545051635]]}