{"values": [[68, 674, 0, 26, 4, 4, 0, 10662], [48, 143, 0, 11, 1, 0, 0, 8987], [127, 537, 0, 115, 12, 0, 0, 11281], [32, 556, 0, 44, 1, 9, 0, 52619], [177, 529, 0, 80, 5, 3, 0, 12598], [286, 10031, 0, 133, 24, 23, 0, 65525]], "stats": [[8.37199074611753, 27.279201259807547, "null", 0.0012321616749489056, 0.06594827348657313, 0.38479461883993393, "null", 17.839263833318196], [2.1353129819286925, 452.1212927032995, "null", 4.868874402714675, 0.39737758159229447, "null", "null", 422.1093500543943], [121.65309727215205, 138.67735976172443, "null", 285.06281224015567, 22.679775462517956, "null", "null", 28.44077319187738], [236.29687712019958, 4260.856087534735, "null", 73.63817847186797, 16.421737447738, 0.6664798496961206, "null", 4635.897492240905], [278.4872980291649, 218.7378974922425, "null", 80.95210915659717, 0.2504141127839427, 0.0, "null", 71.21281874312281], [6.185090104943362, 7519.69569907842, "null", 19.140008625427882, 0.8470337263902866, 3.26828641154479, "null", 6692.569956530129]], "pvals": [[0.0038104798416083692, 1.7609544664659347e-07, 2, 0.9719982786094463, 0.7973301135135166, 0.5350483416787497, 2, 2.403716329621707e-05], [0.14394108072184886, 2.491529185552406e-100, 2, 0.02734533117122946, 0.5284466999870482, 2, 2, 8.478596890606278e-94], [2.7494426130408018e-28, 5.181483026366354e-32, 2, 5.920470670355168e-64, 1.913715477892685e-06, 2, 2, 9.660909029396389e-08], [2.5245111335890814e-53, 0.0, 2, 9.383212464113012e-18, 5.07004659641179e-05, 0.4142815903144448, 2, 0.0], [1.604143587345508e-62, 1.7048408899374715e-49, 2, 2.312545986167924e-19, 0.6167836387668185, 1.0, 2, 3.206977448026952e-17], [0.012883114285815397, 0.0, 2, 1.2147169873636786e-05, 0.35739283877526873, 0.07063136551122207, 2, 0.0]], "expected": [[48.13253884533143, 813.296421952958, "null", 26.675079116179614, 3.065351389878831, 2.5435894511760515, "null", 10544.287019244475], [38.672672843905914, 653.4528866714184, "null", 21.43241625089095, 2.4628937990021385, "null", "null", 8471.935452601569], [50.80049037776194, 858.3768496079829, "null", 28.15365930149679, 3.2352615823235924, "null", "null", 11128.749160370635], [224.12896935138988, 3787.111446899501, "null", 124.21239629365645, 14.273796151104776, 11.844213827512473, "null", 49099.429177476835], [56.3552159657876, 952.2351532430506, "null", 31.232091233071987, 3.589017818959373, 2.978121168923735, "null", 12345.610400570207], [319.9101126158232, 5405.527241625089, "null", 177.29435780470422, 20.37367925873129, 16.905818959372773, "null", 70081.98878973628]]}