{"values": [[618, 1986, 78, 56, 65, 67, 7, 8561], [794, 1805, 17, 123, 40, 223, 1, 50258], [703, 748, 26, 27, 37, 8, 4, 7637], [950, 1242, 53, 180, 211, 64, 10, 9362], [1353, 1637, 86, 158, 251, 41, 12, 9854], [2640, 27754, 2848, 136, 252, 250, 222, 41920]], "stats": [[59.8185945882261, 55.13200937173729, 82.8834136567621, 3.010611015178239, 1.4479221244633873, 14.415087542350033, 5.426711724074429, 26.932701155315602], [1270.4041426425538, 13250.248495531308, 1329.3381138555374, 48.111265166717686, 267.38901303972733, 4.251791907916327, 107.5465295652704, 18015.15630980083], [328.96717038110376, 858.1016573835994, 122.66510001423872, 1.9667357492944797, 1.2793090508697356, 20.47511381842475, 6.261184477467751, 523.2800331918852], [495.13022403234453, 770.7104291071767, 131.54470315910095, 405.5360747406887, 420.80359457996275, 8.252410300445447, 3.095580570581406, 150.27240071600934], [1385.2640022581918, 554.1289944169619, 105.65737529276238, 233.29797415574595, 570.4851399189704, 1.5247584279846813, 2.755701079273131, 4.962674578717346], [105.54608407151566, 22653.65745509776, 3002.057449451741, 150.584511750088, 67.19707728666116, 6.637431926661187, 194.6067330004059, 20996.336774758318]], "pvals": [[1.040159639269977e-14, 1.127005096575046e-13, 8.703846025403854e-20, 0.08272110381055993, 0.22886165804783964, 0.00014662286883960473, 0.01983098627819371, 2.1066421292922147e-07], [3.054031113958233e-278, 0.0, 4.760938044444281e-291, 4.02706188168603e-12, 4.207000350604654e-60, 0.03920893858199089, 3.3787909362774277e-25, 0.0], [1.6133926704964474e-73, 1.2596755200520493e-188, 1.6508987835414698e-28, 0.16079477044768145, 0.2580275451172237, 6.041163811868087e-06, 0.01234116647739243, 8.183357204561543e-116], [1.0902988041748497e-109, 1.2597649114503335e-169, 1.8818848244375044e-30, 3.4341652312425167e-90, 1.6313036067761323e-93, 0.004069792596163717, 0.07850514422796226, 1.5115404261285062e-34], [3.346607351120924e-303, 1.5913734837549075e-122, 8.765268369080611e-25, 1.1379709216422363e-52, 4.4033762064028576e-126, 0.21690081902459674, 0.09690832792690553, 0.025900118323103034], [9.271638784888915e-25, 0.0, 0.0, 1.2918169448428958e-34, 2.4567807130056587e-16, 0.00998577800472544, 3.1393685592467716e-44, 0.0]], "expected": [[460.32447042052746, 2293.9263635067714, 202.70451318602994, 44.34976478973628, 55.82852744119744, 42.588818246614395, 16.696382038488952, 8321.581160370635], [2143.4990049893086, 10681.658685673558, 943.8927327156094, 206.5144975053457, 259.96530862437635, 198.31465716322168, 77.74663435495367, 38749.40847897363], [369.8532858161083, 1843.0829935851746, 162.86540270848184, 35.63335709194583, 44.856108339272986, 34.21850320741269, 13.414910905203136, 6686.075438346401], [485.83992017106203, 2421.077029223093, 213.94027655024948, 46.80803991446899, 58.923062009978615, 44.94948538845331, 17.62185032074127, 8782.840336421952], [538.9635694939416, 2685.807121881682, 237.33334853884534, 51.92621525302922, 65.36594155381326, 49.86443905915895, 19.54869280114041, 9743.19067141839], [3059.519749109052, 15246.447806129721, 1347.2637263007841, 294.76812544547397, 371.0610520313614, 283.064096935139, 110.97152957947256, 55308.903914468996]]}