{"values": [[68, 674, 0, 26, 4, 4, 0, 10662], [48, 143, 0, 11, 1, 0, 0, 8987], [131, 250, 0, 55, 14, 0, 0, 4012], [127, 537, 0, 115, 12, 0, 0, 11281], [32, 556, 0, 44, 1, 9, 0, 52619], [1, 15, 0, 2, 0, 0, 0, 122]], "stats": [[5.795034122058565, 678.9635566396377, "null", 1.0683142014886204, 0.0, 2.407144266037864, "null", 551.0204817478382], [1.0402316745795284, 30.80082240322743, "null", 8.732829276763347, 1.0466838257154338, "null", "null", 30.9815427437143], [642.7405317969777, 203.75486261265345, "null", 149.51206042301877, 94.87803072422994, "null", "null", 724.418769697112], [111.50781107600136, 247.9100162874417, "null", 223.8480919945591, 14.161624822542821, "null", "null", 513.1860972155866], [435.9915633542804, 1015.5500250027213, "null", 177.97337750513455, 38.711078406370795, 0.23193981759954227, "null", 1636.1403671451699], [0.0, 37.8602864868991, "null", 3.1576707629259544, "null", "null", "null", 39.55628718591006]], "pvals": [[0.016071502950592117, 1.1228364266219263e-149, 2, 0.30132653841113466, 1.0, 0.12078252347282108, 2, 7.550822328643319e-122], [0.30776759665718995, 2.859166649370798e-08, 2, 0.0031253116319240716, 0.3062720696513668, 2, 2, 2.6049391426813135e-08], [8.470635744671101e-142, 3.165730264934344e-46, 2, 2.21621981198409e-34, 2.024846039863604e-22, 2, 2, 1.4649089368736036e-159], [4.579972154106685e-26, 7.414510500210804e-56, 2, 1.309329246408785e-50, 0.00016775734235290843, 2, 2, 1.2853320231463715e-113], [8.069479056347163e-97, 7.486465477581916e-223, 2, 1.3425417330514729e-40, 4.914120056477774e-10, 0.6300891985081745, 2, 0.0], [1.0, 7.599661536862725e-10, 2, 0.07557093594577707, 2, 2, 2, 3.1873859996878204e-10]], "expected": [[51.403619579740074, 274.6999326435741, "null", 31.95360136037896, 4.0415622273997105, 1.6418846548811326, "null", 11074.259399534027], [41.300862383092436, 220.71099676468316, "null", 25.67350904894935, 3.2472422512505106, "null", "null", 8897.748197387455], [20.052714684805053, 107.1613131190442, "null", 12.465201020284223, 1.5766262160043285, "null", "null", 4320.1036405596105], [54.25288473217539, 289.9263496129766, "null", 33.724766184865786, 4.265583074765633, "null", "null", 11688.097523271093], [239.3607433499332, 1279.1391075825668, "null", 148.79181343374225, 18.81951790466305, 7.645429148769365, "null", 51567.243388580326], [0.6291752702538564, 3.3623002771551294, "null", 0.3911089517794243, "null", "null", "null", 135.54785066749113]]}