{"values": [[884, 2281, 431, 117896], [1161, 2566, 491, 81006], [535, 4902, 688, 615711], [2434, 7929, 2470, 173425], [558, 9991, 308, 85338], [310, 10054, 180, 65525]], "stats": [[147.37264271341587, 743.2986785876215, 3.1027550061074938, 418.9790632845429], [1397.2213533527402, 8.2565209494233, 87.13308146476949, 187.04347470363112], [4439.180855508055, 24232.872454712142, 2559.403059363965, 31676.052864388468], [2947.19222451786, 835.8158917734686, 5103.620319918208, 4549.250279287952], [14.997446115117764, 17675.15497421263, 11.223226639803762, 14045.328425137439], [12.569765140681367, 26619.61739959898, 46.14658706903153, 20058.226801747827]], "pvals": [[6.505345228817476e-34, 1.1495259909107745e-163, 0.07815992102344681, 4.070669575691101e-93], [8.43791802904377e-306, 0.004060587217900902, 1.0145922383938322e-20, 1.4050852201640359e-42], [0.0, 0.0, 0.0, 0.0], [0.0, 8.815599403388162e-184, 0.0, 0.0], [0.00010765677390302582, 0.0, 0.0008077992568082388, 0.0], [0.00039203784393279694, 0.0, 1.0972799437631377e-11, 0.0]], "expected": [[601.9978063709592, 3860.7893998183768, 467.51546744347866, 116561.69732636718], [422.2883897718255, 2708.2599332476325, 327.9519490781535, 81765.4997279024], [3081.222697152831, 19760.789494168013, 2392.897871573297, 596601.0899371059], [922.9159732249211, 5918.932209786416, 716.7426327255083, 178699.40918426315], [476.6501414402135, 3056.8978724157046, 370.1696440154531, 92291.28234212863], [376.92499203924945, 2417.331090563857, 292.7224351641094, 72982.02148223278]]}