{"values": [[1039, 2562, 0, 365, 122, 4, 0, 81006], [490, 4829, 0, 570, 45, 73, 0, 615711], [2089, 7903, 0, 2099, 345, 26, 0, 173425], [1700, 2610, 0, 704, 247, 16, 0, 42204], [38, 313, 0, 38, 14, 4, 0, 3828], [515, 9985, 0, 259, 43, 6, 0, 85338]], "stats": [[711.1921130977289, 31.590768352362723, "null", 3.9470523775739785, 48.988335852976725, 3.77862928102608, "null", 285.52693701702253], [6484.480913611327, 21897.752590696593, "null", 3503.707778766562, 996.4887014997764, 0.41202467648014873, "null", 33207.90383407882], [1261.9721688490106, 2038.1311612086374, "null", 3218.333435827315, 330.1122489048072, 0.31855844964892444, "null", 5455.1592623451825], [8061.667976590466, 1464.0988303734277, "null", 1541.173876406156, 1233.3322341827648, 16.45433547601934, "null", 7460.43308136485], [7.82288618708579, 351.51482009310706, "null", 27.27011100723877, 31.350475872995425, 16.92855389351268, "null", 402.2533049325149], [1.485537689941078, 23662.174348240642, "null", 38.101420078610936, 14.879342071224459, 2.715171469596456, "null", 16442.044566806948]], "pvals": [[1.1013691935831987e-156, 1.9033225403240237e-08, 2, 0.04695354529969255, 2.574891715346045e-12, 0.051911169979319736, 2, 4.690530807778464e-64], [0.0, 0.0, 2, 0.0, 1.0411108322550392e-218, 0.5209436443617748, 2, 0.0], [2.0763333955413132e-276, 0.0, 2, 0.0, 9.085302855729121e-74, 0.5724752544439649, 2, 0.0], [0.0, 0.0, 2, 0.0, 3.47821778012376e-270, 4.983608019259956e-05, 2, 0.0], [0.005158874667422556, 1.9827505393457345e-78, 2, 1.769252791649752e-07, 2.1540589402738605e-08, 3.8813329557676385e-05, 2, 1.7800077622357953e-89], [0.2229101052476312, 0.0, 2, 6.716123338637849e-10, 0.00011461124669564066, 0.09939828918761633, 2, 0.0]], "expected": [[480.1337331161436, 2306.3756670654884, "null", 329.984604517738, 66.73294604373585, 10.54969367603177, "null", 81904.22335558086], [3507.8119848351616, 16850.16412814192, "null", 2410.836545530553, 487.5446396909371, 77.07507171584668, "null", 598384.5676300856], [1048.79808277234, 5038.017974850201, "null", 720.8142163151749, 145.7706073142956, 23.04461806806879, "null", 178910.55450067992], [267.8938374825215, 1286.8577763042194, "null", 184.11712387020512, 37.23409493880728, 5.886272361649681, "null", 45699.0108950426], [23.894408326245838, 114.77944193779341, "null", 16.42206397485981, 3.3210419339493447, 0.5250176586758155, "null", 4076.058026168476], [542.4679534675873, 2605.8050117003745, "null", 372.82544579146906, 75.39667007827478, 11.919326519727264, "null", 92537.58559244257]]}