{"values": [[7991, 18158, 208, 1631, 860, 1282, 29, 591559], [7344, 5983, 1658, 521, 1774, 262, 268, 29671], [4271, 22402, 375, 483, 576, 309, 37, 67693], [1137, 641, 268, 131, 201, 35, 37, 2212]], "stats": [[24432.31136859133, 57723.19744685992, 8493.043790742244, 845.1441925324415, 6790.662384040023, 199.8231458900338, 1264.7892391872963, 102090.99124356372], [31490.763885333665, 3684.7336293254375, 15607.301728166774, 767.9159914679599, 12435.787979304074, 193.1505526169899, 2788.9836711638154, 40916.34306576894], [1280.345959886707, 56317.84604710869, 13.71338788541558, 62.4371015157451, 60.30271768107007, 25.721914218557366, 1.9217656817223694, 44742.548139392], [8413.457748312761, 472.3414087797296, 4230.026113093264, 780.1863997475706, 1582.771062878382, 46.95546425953736, 525.790008465852, 9127.870510932516]], "pvals": [[0.0, 0.0, 0.0, 8.264806345953304e-186, 0.0, 2.2825773638177597e-45, 5.071011655454619e-277, 0.0], [0.0, 0.0, 0.0, 5.103647323310748e-169, 0.0, 6.526230431294465e-44, 0.0, 0.0], [2.1103048629627682e-280, 0.0, 0.0002129311849251878, 2.750916212469449e-15, 8.133502718680993e-15, 3.9432391098999654e-07, 0.16566214329051704, 0.0], [0.0, 9.914337833017827e-105, 0.0, 1.0963819029516997e-171, 0.0, 7.261824235862113e-12, 2.327352385689467e-116, 0.0]], "expected": [[16748.28472208694, 38097.24081988865, 2025.8133523461474, 2233.3199412472873, 2754.1049600847787, 1524.4063807212142, 299.5523131607894, 558035.2775104642], [1279.0771811165353, 2909.5105680857446, 154.7126571576622, 170.56006763574877, 210.33275152044072, 116.41988709193552, 22.877001118171652, 42617.50988627376], [2590.049802144656, 5891.573536344475, 313.283274048158, 345.37327063260466, 425.91042159356994, 235.74285428574026, 46.32446977754748, 86297.74237117326], [125.5882946518668, 285.6750756811302, 15.19071644803229, 16.746720484359233, 20.651866801210897, 11.430877901109989, 2.2462159434914226, 4184.470232088799]]}