{"values": [[6776, 8208, 366, 522, 914, 92, 51, 68169], [7991, 18158, 208, 1631, 860, 1282, 29, 591559], [12659, 17629, 1037, 3151, 3465, 788, 223, 146935], [7344, 5983, 1658, 521, 1774, 262, 268, 29671], [246, 728, 84, 39, 62, 31, 19, 3026], [4271, 22402, 375, 483, 576, 309, 37, 67693]], "stats": [[4470.951317990096, 973.1365726764824, 13.174895175785423, 0.01255492476185773, 145.23199539026038, 86.14954034972126, 0.0, 4132.772131475555], [26363.007706139648, 39847.11296212369, 4562.5353687962, 3077.318027285124, 7539.077151805613, 205.31154804737756, 790.3615673387782, 87936.44616985571], [5735.214588046257, 2092.656907933698, 251.89103724039984, 4393.845482886005, 3948.8402423102384, 213.31610166426435, 132.78414476196357, 13353.843371904219], [18716.069798020188, 2366.330940533013, 13676.213713873043, 194.05169453207535, 6134.427708091878, 152.66866308898614, 2091.330514802847, 27089.89169827255], [47.82529558901471, 670.9814405551236, 310.06983241793057, 6.27644063701247, 29.944052014771565, 33.16659557794501, 100.13891471810199, 937.7818266930656], [129.38927342661472, 42948.519346213965, 2.8969800807414376, 20.034489716360536, 26.713173309754378, 12.202509101516045, 7.945495723398668, 26612.64483382671]], "pvals": [[0.0, 1.2401842051179841e-213, 0.00028372459942030924, 0.9107847445628448, 1.910914564146103e-33, 1.668306940170529e-20, 1.0, 0.0], [0.0, 0.0, 0.0, 0.0, 0.0, 1.4481283060456647e-46, 6.724278490692124e-174, 0.0], [0.0, 0.0, 1.0050382639290723e-56, 0.0, 0.0, 2.5966458527991598e-48, 1.007963950746324e-30, 0.0], [0.0, 0.0, 0.0, 4.1493623586529604e-44, 0.0, 4.525708713437538e-35, 0.0, 0.0], [4.6594138655024706e-12, 6.111831926879289e-148, 2.1086872647158618e-69, 0.012235360850700004, 4.446939274659696e-08, 8.459131354767751e-09, 1.420744378103351e-23, 6.007461473124045e-206], [5.574080077909786e-30, 0.0, 0.08874567202060607, 7.605791599174122e-06, 2.3600702822119688e-07, 0.0004772528298696143, 0.004820721098762988, 0.0]], "expected": [[3212.9132980640325, 5978.813994320393, 304.87796918020496, 519.0612849749896, 625.7031497311557, 226.0414986089288, 51.27641809978233, 74179.31238702052], [23473.24296511991, 43680.653821721855, 2227.40982447036, 3792.213024654875, 4571.328478278628, 1651.4379707178311, 374.6206974095804, 541947.0932176269], [7018.247364652857, 13060.046028840101, 665.971598122174, 1133.8309370390125, 1366.7780840216612, 493.7622041871483, 112.00756223782273, 162036.35622089924], [1792.6665292413256, 3335.9193784146114, 170.10870824984502, 289.6137261968258, 349.11527006962564, 126.1213706015482, 28.61002147871589, 41388.8449957475], [159.89433144493617, 297.5425658176087, 15.172603345297986, 25.83168278771629, 31.138838035105927, 11.249215570387241, 2.5518300154243128, 3691.6189329835233], [3630.035511476938, 6755.024210885433, 344.45929663211814, 586.4493443465809, 706.936179863824, 255.38774031415625, 57.933470758674375, 83809.77424572228]]}