{"values": [[490, 4829, 0, 570, 45, 73, 0, 615711], [1700, 2610, 0, 704, 247, 16, 0, 42204], [515, 9985, 0, 259, 43, 6, 0, 85338], [230, 221, 0, 76, 21, 0, 0, 4114]], "stats": [[7768.147687461533, 33082.271936087614, "null", 2126.4800636373166, 1057.9298464840808, 0.6953616574593853, "null", 44079.270835590265], [13630.344572694268, 2320.4937735789645, "null", 3930.5268142768514, 2448.9787509875196, 16.91534835222206, "null", 11843.063855476705], [68.58148695771368, 32139.258516008722, "null", 18.905879758170204, 0.023284552250731186, 2.770009653763895, "null", 26524.147610729717], [2547.8587662109076, 124.53355090173613, "null", 447.52130459975734, 157.15464622078403, "null", "null", 1273.8391857717556]], "pvals": [[0.0, 0.0, 2, 0.0, 4.599967828927323e-232, 0.40434664753413296, 2, 0.0], [0.0, 0.0, 2, 0.0, 0.0, 3.908427818037318e-05, 2, 0.0], [1.2174164705591332e-16, 0.0, 2, 1.3732874869777585e-05, 0.8787194300454063, 0.09604558203491406, 2, 0.0], [0.0, 6.438132433220381e-29, 2, 2.4977649161550073e-99, 4.735412050864203e-36, 2, 2, 5.4749213643858935e-279]], "expected": [[2369.7736903690484, 14246.901794399271, "null", 1299.1365818752297, 287.4410336529408, 76.70477021637465, "null", 603438.0421294871], [180.98112744429596, 1088.0449723184336, "null", 99.21588894646412, 21.95205498131835, 5.857992200070909, "null", 46084.947964109415], [366.47525282237694, 2203.2217499321437, "null", 200.90585410262503, 44.45151277845526, 11.862060994250701, "null", 93319.08356937015], [17.769929364278507, 106.83148335015136, "null", 9.74167507568113, 2.1553985872855703, "null", "null", 4524.9263370333]]}