{"values": [[10741, 8979, 2447, 101492], [8107, 8717, 1579, 68169], [9088, 19677, 3802, 591559], [17384, 19677, 7627, 146935], [5259, 23123, 1405, 67693], [5962, 31074, 860, 41920]], "stats": [[4891.510141528471, 646.4627864818547, 242.9887660461249, 665.1211392955579], [4533.195662034286, 75.33125804957737, 79.06781302143443, 2439.740357712143], [30448.845068492392, 57365.46452802145, 6662.076363652876, 103434.38997528964], [9732.040453299835, 284.2739663370081, 9875.065331976077, 10918.23248086043], [114.58463662732443, 26487.76651953306, 0.6940545940700278, 18644.65528242658], [1464.8813378832756, 89786.52258708664, 91.712418160601, 67388.96518609692]], "pvals": [[0.0, 1.3133745948517224e-142, 8.770766674985134e-55, 1.1497909079619639e-146], [0.0, 3.980084912871461e-18, 6.00141670703758e-19, 0.0], [0.0, 0.0, 0.0, 0.0], [0.0, 8.79527713155006e-64, 0.0, 0.0], [9.703498485750915e-27, 0.0, 0.40478867743914204, 0.0], [0.0, 0.0, 1.0023390776081269e-21, 0.0]], "expected": [[5810.639885612279, 11432.699374873262, 1821.0597402424714, 104594.60099927199], [4067.9507045765063, 8003.878814170647, 1274.8993913283402, 73225.2710899245], [29327.19356656328, 57702.59285650175, 9191.168709423275, 527905.0448675117], [9004.215195017601, 17716.204662105785, 2821.9291002230575, 162080.65104265357], [4580.5091101293465, 9012.360888108797, 1435.5356543303449, 82451.59434743151], [3750.491538100984, 7379.2634042397585, 1175.4074044525114, 67510.83765320675]]}