{"values": [[535, 4902, 688, 615711], [1947, 2626, 967, 42204], [558, 9991, 308, 85338], [251, 221, 97, 4114]], "stats": [[8814.823012001329, 32853.61586155738, 2966.6288418045624, 44886.01634070282], [15941.178466639763, 2312.0020674553334, 5892.123872624918, 12964.937002290391], [60.026321978677075, 31926.055384812884, 11.27067147586565, 25976.775420964907], [2683.6937008029845, 121.24753280263997, 568.209518741455, 1354.6689872467714]], "pvals": [[0.0, 0.0, 0.0, 0.0], [0.0, 0.0, 0.0, 0.0], [9.359724307478073e-15, 0.0, 0.0007874124160440739, 0.0], [0.0, 3.3730712718296384e-28, 1.3765612653438478e-125, 1.4896028086651852e-296]], "expected": [[2656.1633158458994, 14317.938992131953, 1662.6242572599674, 603199.2734347621], [203.9377928452946, 1099.318275623071, 127.65477157742538, 46313.08915995421], [410.8955257781735, 2214.9154139485863, 257.1998733221019, 93311.98918695113], [20.00336553063243, 107.82731829638993, 12.521097840505258, 4542.648218332472]]}