{"values": [[1161, 2566, 491, 81006], [535, 4902, 688, 615711], [2434, 7929, 2470, 173425], [1947, 2626, 967, 42204], [52, 317, 56, 3828], [558, 9991, 308, 85338]], "stats": [[753.5606841644874, 29.5231816884128, 18.50050686476138, 308.75520124047796], [7476.54641550921, 21763.445653328323, 4378.19853517686, 34069.746570510906], [1569.8848359869055, 2023.7345115578707, 3425.1644200701126, 5710.882025008498], [9254.579455115541, 1460.2719854825555, 2513.8385343416458, 8163.7784093288565], [21.662812893069653, 359.7770392767803, 61.347775126082176, 436.0691880025133], [6.274980906377004, 23534.123078404977, 55.212300235475645, 15909.800030766275]], "pvals": [[6.748124182481078e-166, 5.525188740960012e-08, 1.698591207130325e-05, 4.0775327202667897e-69], [0.0, 0.0, 0.0, 0.0], [0.0, 0.0, 0.0, 0.0], [0.0, 0.0, 0.0, 0.0], [3.2503161845377646e-06, 3.1487128537911315e-80, 4.783314898982475e-15, 7.761596082324014e-97], [0.01224544404330152, 0.0, 1.0818958805726906e-13, 0.0]], "expected": [[547.1794682720281, 2318.250563124694, 407.5001872281591, 81951.06978137512], [3992.489109082006, 16915.090316943668, 2973.32073623873, 597955.0998377356], [1195.8668145289053, 5066.562393063917, 890.5961920672869, 179104.9746003399], [306.53966644583346, 1298.7251817073288, 228.28884984301638, 45910.446302003824], [27.306325431344874, 115.6894729767357, 20.33580090445603, 4089.6684006874634], [617.6186162398825, 2616.6820721836566, 459.95823371835127, 92500.74107785811]]}