{"values": [[9088, 19677, 3802, 591559], [11044, 8171, 2825, 29671], [5259, 23123, 1405, 67693], [1643, 981, 404, 2212]], "stats": [[38158.50111295968, 62604.525465504965, 6603.9432522933985, 114041.95545816065], [52854.52706020086, 7409.869929577507, 9907.76603882774, 54759.653314613264], [1228.2827397052474, 52000.29714991258, 132.7018009770107, 41761.09561201822], [12228.20997841567, 1227.7877708802105, 2155.016127775998, 11467.356584920999]], "pvals": [[0.0, 0.0, 0.0, 0.0], [0.0, 0.0, 0.0, 0.0], [4.3524119063095e-269, 0.0, 1.0506509816443067e-30, 0.0], [0.0, 5.5756882745963966e-269, 0.0, 0.0]], "expected": [[21671.659601031137, 41647.03926880113, 6762.673684778379, 554044.6274453894], [1795.5720313348927, 3450.601397200205, 560.3109290649239, 45904.51564239998], [3384.8187351728902, 6504.701595387364, 1056.2377321120996, 86534.24193732765], [181.94963246107864, 349.6577386113027, 56.77765404459789, 4651.614974883021]]}