{"values": [[8888, 8025, 591, 899, 1185, 286, 77, 101492], [6776, 8208, 366, 522, 914, 92, 51, 68169], [7991, 18158, 208, 1631, 860, 1282, 29, 591559], [12659, 17629, 1037, 3151, 3465, 788, 223, 146935], [4271, 22402, 375, 483, 576, 309, 37, 67693], [2640, 27754, 2848, 136, 252, 250, 222, 41920]], "stats": [[5203.333743742276, 690.60547145999, 2.4887891098549755, 64.26201433806526, 295.12140552896824, 1.6502325751634592, 2.0940039886081627, 547.1974273897317], [4869.316345267122, 124.01058110493999, 1.426978215870516, 2.286664446809696, 322.28615855861074, 75.99903743826836, 0.5111936955915005, 2431.0961909818084], [20692.785427517574, 53775.11979484067, 5153.3695860891075, 2233.255756422712, 4808.349059688821, 115.06456432187204, 585.4560582472819, 93824.9288988689], [6293.7379238613175, 212.2361793974352, 48.71225652317964, 4834.234776599383, 5691.108455697805, 252.46377542460263, 177.44789263008664, 8231.87457670867], [189.7906162790639, 28671.058492606633, 10.239786119449008, 9.53309246236829, 0.23558217417577715, 18.794132199761197, 4.292145979951041, 20318.49298679717], [6.710075206340104, 80296.84331886102, 19294.891490369537, 222.22803706138063, 104.19028344156399, 17.9368829229507, 851.0537977117841, 62602.42497674661]], "pvals": [[0.0, 3.3008496287712574e-152, 0.11465991121623366, 1.0892568550986917e-15, 3.8078640370948934e-66, 0.19892727932781815, 0.14787805431882267, 5.124675230618926e-121], [0.0, 8.37955626017604e-29, 0.23225822897896775, 0.13049008780403024, 4.601843658080651e-72, 2.8380304474318966e-18, 0.4746225704972682, 0.0], [0.0, 0.0, 0.0, 0.0, 0.0, 7.617648445578823e-27, 2.4394195404201262e-129, 0.0], [0.0, 4.466906356796937e-48, 2.9640825663691736e-12, 0.0, 0.0, 7.539190847819924e-57, 1.7485193893028312e-40, 0.0], [3.5321172740405546e-43, 0.0, 0.0013744352320900987, 0.002017998029315139, 0.6274152698588935, 1.4561443589534774e-05, 0.038288808679597566, 0.0], [0.009586968144625894, 0.0, 0.0, 2.953947445853397e-50, 1.8378969878076557e-24, 2.2835270896669138e-05, 4.290112376079337e-187, 0.0]], "expected": [[4424.944555151503, 10459.760205139617, 555.3574138044396, 698.36834598597, 742.3874589695477, 307.8266807944608, 65.41444929420035, 104188.94089086026], [3100.6639473191753, 7329.402879844628, 389.1521553315564, 489.36331864919407, 520.208558610958, 215.70148038377698, 45.83746124550498, 73007.6701986152], [22653.159745227655, 53547.92944195213, 2843.1091178220945, 3575.2424703746224, 3800.5948981466963, 1575.8947681642467, 334.8841891775702, 533387.185369135], [6773.051295862647, 16010.255389382575, 850.0590695212229, 1068.9590732301904, 1136.3370271277252, 471.1755985346207, 100.1267733500574, 159477.03577299096], [3503.213188076681, 8280.955713242869, 439.6745296776402, 552.8957864443984, 587.7455648335938, 243.70531073560625, 51.788391606269506, 82486.02151538295], [2769.967268362339, 6547.696370438181, 347.64771384304663, 437.1710053156247, 464.7264923114791, 192.6961613872887, 40.94873532639757, 65221.14625301564]]}