{"values": [[8107, 8717, 1579, 68169], [9088, 19677, 3802, 591559], [17384, 19677, 7627, 146935], [11044, 8171, 2825, 29671], [411, 862, 151, 3026], [5259, 23123, 1405, 67693]], "stats": [[4143.860918672636, 820.1750340386708, 18.15761498513369, 3985.7106167593397], [38203.17382319249, 42947.14965659833, 10142.777991558278, 99432.12927705588], [8996.392531239255, 2378.7163951528623, 7868.69455838504, 16424.902795617163], [32026.183026171657, 5211.417538781241, 4886.984479062664, 36508.5029031319], [184.42771129066708, 880.6478675117528, 83.08391204735284, 1180.356756096908], [67.00402764856412, 39764.98147723484, 27.841576259414587, 24005.308395511223]], "pvals": [[0.0, 2.2167317411407727e-180, 2.0335463717199426e-05, 0.0], [0.0, 0.0, 0.0, 0.0], [0.0, 0.0, 0.0, 0.0], [0.0, 0.0, 0.0, 0.0], [5.2328054374151256e-42, 1.58049263459283e-193, 7.864313494128246e-20, 1.133322034197112e-258], [2.709529975000698e-16, 0.0, 1.3166607381141107e-07, 0.0]], "expected": [[4205.205865362579, 6577.331233510296, 1425.619963597175, 74363.84293752995], [30316.711129756564, 47418.142510810045, 10277.762849420718, 536113.3835100126], [9308.022958212512, 14558.609515304528, 3155.5419105990554, 164600.8256158839], [2511.8444820931054, 3928.757281985526, 851.5482365842711, 44418.8499993371], [216.1572575528286, 338.08995967657927, 73.28014644466373, 3822.4726363259283], [4735.058307022412, 7406.069498713022, 1605.246893354117, 83733.62530091045]]}