{"values": [[280, 1156, 194, 20490], [84, 558, 84, 72056], [91, 2223, 52, 19859], [48, 455, 8, 7048]], "stats": [[495.16739485722957, 229.037245799505, 362.50296622604844, 671.9262517181778], [359.2174137657033, 3905.1794194441813, 155.33761882636597, 4449.290507250897], [0.009647269607902628, 3339.2714455718283, 1.2157591616559194, 2795.3314887380357], [10.136897695627761, 146.83872248208306, 7.49010138579931, 130.8087677674695]], "pvals": [[1.070182284810604e-109, 9.667297760610792e-52, 8.027409803582825e-81, 3.8080585596027325e-148], [4.1686013867775995e-80, 0.0, 1.1814469197154141e-35, 0.0], [0.9217571924474017, 0.0, 0.2701945267175517, 0.0], [0.001453305472253337, 8.511133893477116e-34, 0.006203906309700298, 2.72646377376698e-30]], "expected": [[89.23503841650225, 779.1655839468746, 59.96310732560191, 21191.63627031102], [293.61232215324895, 2563.708387469323, 197.2981409300162, 69727.3811494474], [89.65862245961856, 782.8641547567489, 60.24774232872977, 21292.229480454902], [30.494016970630224, 266.26187382705353, 20.49100941565212, 7241.753099786664]]}