{"values": [[264, 1155, 0, 177, 16, 1, 0, 20490], [78, 547, 0, 67, 6, 11, 0, 72056], [85, 2222, 0, 45, 6, 1, 0, 19859], [48, 455, 0, 8, 0, 0, 0, 7048]], "stats": [[465.5577333374256, 231.79118146093015, "null", 354.77582700146235, 27.176346038559885, 0.3419556366777533, "null", 659.3558144724232], [343.7166696374207, 3930.838050130532, "null", 155.72253760837484, 14.251717152896006, 2.6827477356363887, "null", 4457.571983993178], [0.0, 3354.9071381731683, "null", 1.2755367363835186, 0.06318214865210904, 0.35078846124571444, "null", 2817.6097388686476], [12.964298909059728, 148.31337212882417, "null", 5.359732103676823, "null", "null", "null", 135.0259821610471]], "pvals": [[2.967892048923474e-103, 2.4250585097882905e-52, 2, 3.865052808009735e-79, 1.8571701755316625e-07, 0.558702560690624, 2, 2.0626618553857593e-145], [9.895980238117141e-77, 0.0, 2, 9.734181665080619e-36, 0.00015991483833135696, 0.1014405608386271, 2, 0.0], [1.0, 0.0, 2, 0.2587305559808578, 0.8015353305799622, 0.5536671403052345, 2, 0.0], [0.000317487328119703, 4.051631344412913e-34, 2, 0.020606938996310598, 2, 2, 2, 3.258764766623834e-31]], "expected": [[84.23061494644791, 776.517606001043, "null", 52.66630029283164, 4.965173091580088, 2.305258935376469, "null", 21182.31504673272], [277.2945164266517, 2556.3635524890688, "null", 173.38204500782223, 16.345782020939467, 7.589113081150467, "null", 69734.02499097437], [84.66885956115368, 780.5577600385094, "null", 52.94031850455293, 4.99100645834169, 2.317252998515785, "null", 21292.524802438926], [28.80600906574672, 265.5610814713787, "null", 18.011336194793213, "null", "null", "null", 7244.135159853985]]}