{"values": [[296, 521, 109, 6579], [280, 1156, 194, 20490], [84, 558, 84, 72056], [91, 2223, 52, 19859], [48, 455, 8, 7048], [11, 45, 9, 658]], "stats": [[1454.4171432699297, 227.54239124118772, 282.8433218491017, 1042.6473447257704], [187.46886730094909, 164.83602927503074, 219.413398240223, 428.25735644558733], [646.3693929449041, 3932.6833671357595, 242.41431551937478, 4893.114109675474], [17.224287330404735, 2921.3615759004047, 8.913016088981857, 2124.3740655295546], [0.047634701511535704, 116.27257258009016, 12.468791420238652, 77.0023798824123], [8.526370615772155, 11.901172381763567, 14.738572466082188, 29.258203496912362]], "pvals": [[0.0, 2.0479452552962477e-51, 1.8030095080320663e-63, 9.648540217733941e-229], [1.134597110535879e-42, 9.934113772971448e-38, 1.214331195348517e-49, 3.8920286813182344e-95], [1.3762585722200314e-142, 0.0, 1.1702744417284113e-54, 0.0], [3.321626355972055e-05, 0.0, 0.002831452403180171, 0.0], [0.8272314041226272, 4.142619473654518e-27, 0.00041380774296566813, 1.7075207555146275e-18], [0.0035003703719741147, 0.0005609862455895173, 0.00012349375210647233, 6.334746398930675e-08]], "expected": [[45.736716974886015, 279.95387995245045, 25.748077704380275, 7153.561325368283], [134.8029552944009, 825.1272251230118, 75.88907112869975, 21084.180748453888], [443.5456009148773, 2714.9371473283477, 249.69974570022723, 69373.81750605654], [135.44284274041863, 829.0439682802414, 76.2493040612727, 21184.263884918066], [46.0658019471237, 281.9682050047399, 25.93334035541779, 7205.032652692718], [4.406082128293483, 26.969574311208753, 2.480461050002257, 689.1438825104955]]}