{"values": [[296, 521, 109, 6579], [84, 558, 84, 72056], [91, 2223, 52, 19859], [14, 38, 12, 647]], "stats": [[2080.9002126531614, 353.8122814635303, 466.7130845399243, 1495.4141609913524], [660.4352441245917, 4802.539675499202, 175.45130543547637, 5679.138289522348], [2.0485321518420854, 4139.071377033642, 0.1855384986269915, 3336.389242562741], [31.25658794367409, 9.502293344510107, 53.98393797746803, 46.68234597220506]], "pvals": [[0.0, 6.265762916467782e-79, 1.663530789450305e-103, 0.0], [1.2013753989792253e-145, 0.0, 4.77148849274892e-40, 0.0], [0.15235301464005602, 0.0, 0.666656121490116, 0.0], [2.2607898269530913e-08, 0.0020521524623630227, 2.021352669394809e-13, 8.347765719232079e-12]], "expected": [[35.26273214303014, 242.84025846952713, 18.685612702595353, 7208.211396684847], [341.9709754608953, 2355.016614514207, 181.2093622545363, 69903.80304777036], [104.42561250884009, 719.1372077928369, 55.33480910262248, 21346.1023705957], [3.340679887234434, 23.005919223428887, 1.7702159402458755, 682.8831849490908]]}