{"values": [[2208, 2747, 684, 17016], [1263, 2497, 489, 68828], [1006, 6035, 250, 15160], [496, 1080, 58, 6009]], "stats": [[2441.4858077671242, 165.13688134465804, 804.1860753343578, 2145.501591480648], [2269.82347730281, 8072.6804141948805, 385.4960549559966, 11443.0774885943], [19.944339473924977, 8975.219781827614, 0.8816334004433828, 6597.379101454398], [137.2936777453232, 170.0026107024492, 11.8528038171128, 263.8256109830374]], "pvals": [[0.0, 8.539031708761352e-38, 6.636451774223499e-177, 0.0], [0.0, 0.0, 7.914181196364879e-86, 0.0], [7.97296517521961e-06, 0.0, 0.3477546942221984, 0.0], [1.0400730643647107e-31, 7.389180648820743e-39, 0.0005757459445379599, 2.5156327520237833e-59]], "expected": [[895.3897843053105, 2225.2407689984584, 266.65438780538204, 19267.715058890848], [2888.210075818988, 7177.83799055839, 860.1325401745268, 62150.819393448095], [887.3271263490852, 2205.2032886684788, 264.25326244178467, 19094.21632254065], [302.07301352661614, 750.717951774673, 89.95980957830655, 6500.249225120404]]}