{"values": [[270, 518, 0, 80, 26, 3, 0, 6579], [78, 547, 0, 67, 6, 11, 0, 72056], [85, 2222, 0, 45, 6, 1, 0, 19859], [14, 38, 0, 12, 0, 0, 0, 647]], "stats": [[1879.435457575556, 353.64659574948473, "null", 306.0741097383569, 202.6538857933928, 1.9808134182760722, "null", 1404.480415916497], [605.9751960346488, 4831.247608814423, "null", 137.8553687285168, 52.198144743266006, 0.0, "null", 5648.933487630558], [1.5403278877349296, 4168.142966299615, "null", 0.009375368474780765, 0.44150788935505303, 1.1813777068346163, "null", 3397.3489888571376], [35.64163776218188, 9.659915136287095, "null", 73.12300477091847, "null", "null", "null", 48.18957519276097]], "pvals": [[0.0, 6.808529094768026e-79, 2, 1.5648430859060762e-68, 5.5044408004091326e-46, 0.15930474107702314, 2, 2.2326788506591128e-307], [8.397634715928642e-134, 0.0, 2, 7.838267361460853e-32, 5.017351557984431e-13, 1.0, 2, 0.0], [0.21456900632996778, 0.0, 2, 0.9228641896270974, 0.5063955579020138, 0.277075700225362, 2, 0.0], [2.3716375201648207e-09, 0.0018833232034642594, 2, 1.2181636300419504e-17, 2, 2, 2, 3.869400462562528e-12]], "expected": [[32.39092759523117, 240.939226519337, "null", 14.782436754870602, 2.7535911602209944, 1.086943879034603, "null", 7184.046874091306], [315.26562954347196, 2345.096685082873, "null", 143.87961616749055, 26.80110497237569, 10.579383541727246, "null", 69923.37758069206], [96.26292526897353, 716.0497237569061, "null", 43.93207327711544, 8.18342541436464, 3.230299505670253, "null", 21350.34155277697], [3.08051759232335, 22.914364640883978, "null", 1.405873800523408, "null", "null", "null", 683.2339924396626]]}