{"values": [[270, 518, 0, 80, 26, 3, 0, 6579], [264, 1155, 0, 177, 16, 1, 0, 20490], [78, 547, 0, 67, 6, 11, 0, 72056], [85, 2222, 0, 45, 6, 1, 0, 19859], [48, 455, 0, 8, 0, 0, 0, 7048], [9, 45, 0, 7, 2, 0, 0, 658]], "stats": [[1294.8812117125135, 226.75107381684285, "null", 164.7961694378005, 168.00116728016556, 3.011314892798063, "null", 971.7809639426678], [183.25782203310558, 167.23933776604028, "null", 238.77168983611912, 4.922989794439602, 0.6086823543141104, "null", 426.1596705652956], [602.4954575826993, 3956.5132226362157, "null", 215.1074007323357, 42.144819590594544, 0.760368172408045, "null", 4869.409640966265], [15.79172632480089, 2936.243977548212, "null", 6.574508280696413, 1.053625745412428, 0.6206961834166714, "null", 2163.2940931891026], [0.5249625791457774, 117.60355688860051, "null", 8.674239198761201, "null", "null", "null", 81.75310325428084], [4.800444986565996, 12.166267213620268, "null", 9.434444079108792, 4.734397333117312, "null", "null", 26.75625843766978]], "pvals": [[1.4642251598157105e-283, 3.047198195547895e-51, 2, 1.013529701704111e-37, 2.021837633903155e-38, 0.08268519241993606, 2, 2.4443026379078792e-213], [9.421932754025812e-42, 2.9658620294401767e-38, 2, 7.28676514631601e-54, 0.026501616987168988, 0.43528435877259997, 2, 1.113637998133418e-94], [4.797544521203073e-133, 0.0, 2, 1.0559364602396103e-48, 8.475817639255676e-11, 0.38321332859872226, 2, 0.0], [7.071104658772448e-05, 0.0, 2, 0.01034495790612887, 0.30467352045894874, 0.4307886974859668, 2, 0.0], [0.4687324296853528, 2.117505052529177e-27, 2, 0.003227395610523809, 2, 2, 2, 1.5419428454636595e-19], [0.028452387189223854, 0.00048661593245930815, 2, 0.00212947630252885, 0.029565204737106984, 2, 2, 2.3080300845208854e-07]], "expected": [[42.43314614353894, 278.12282260128575, "null", 21.610514746842114, 3.1515334005811413, 0.9004381144517547, "null", 7129.7815449933005], [125.45476581201729, 822.2777886511795, "null", 63.892082323361585, 9.317595338823565, 2.662170096806733, "null", 21079.39559777781], [413.008009515063, 2707.010057060267, "null", 210.33829662305595, 30.674334924195662, 8.764095692627333, "null", 69395.2052061848], [126.10749612321405, 826.5560289667425, "null", 64.22450730943527, 9.366073982625977, 2.676021137893136, "null", 21189.06987248009], [42.904247150750514, 281.2105960464311, "null", 21.850438867225726, "null", "null", "null", 7208.9377606479875], [4.0923352554162085, 26.822706674094036, "null", 2.084160130079342, 0.3039400189699041, "null", "null", 687.6100179160205]]}