{"values": [[2208, 2747, 684, 17016], [1914, 1647, 354, 4286], [1263, 2497, 489, 68828], [1006, 6035, 250, 15160], [496, 1080, 58, 6009], [81, 155, 28, 497]], "stats": [[1162.366312275158, 75.7318411723438, 533.957319470469, 1180.257089380542], [5876.189775157578, 850.7062051665414, 549.3345320735488, 5807.264752794395], [3854.194294801196, 8529.86329808459, 594.174058425976, 14259.940232209843], [25.89671424849668, 7679.857968782341, 14.02617588364972, 4524.316792962954], [28.512995279011687, 112.79623162781522, 22.61190457543692, 106.60957181810053], [45.66744571117222, 78.11141918893472, 27.95880699719757, 166.9427741426279]], "pvals": [[9.20996625663252e-255, 3.2492551964076054e-18, 3.8906172078492155e-118, 1.1912803828755115e-258], [0.0, 5.105472366716746e-187, 1.7569386437223686e-121, 0.0], [0.0, 0.0, 3.097404427186951e-131, 0.0], [3.601817102752185e-07, 0.0, 0.0001802834033834991, 0.0], [9.307170501402226e-08, 2.3912987934443152e-26, 1.9825237252641096e-06, 5.421073211392662e-25], [1.4013243443928992e-11, 9.738931932003605e-19, 1.2392564174652533e-07, 3.442943075288503e-38]], "expected": [[1171.1728047007152, 2380.1633305635514, 313.13073122236403, 18790.53313351337], [423.9588687420245, 861.6075689230495, 113.35180431492418, 6802.081758020002], [3777.788349111197, 7677.563262308217, 1010.0487506306199, 60611.59963794996], [1160.6268213787578, 2358.7308291539307, 310.3111033623171, 18621.331246104994], [395.1125025966703, 802.9833738908508, 105.63929281538415, 6339.264830697095], [39.34065347063537, 79.95163516040003, 10.518317654390598, 631.189393714574]]}