{"values": [[1262, 1172, 402, 66, 215, 38, 35, 4286], [1115, 2318, 15, 200, 125, 156, 8, 68828], [838, 5909, 61, 83, 102, 60, 5, 15160], [110, 106, 27, 18, 20, 6, 7, 417]], "stats": [[4815.773614104067, 401.7937858645909, 3942.3487441345173, 61.58429565272822, 1060.0427421627815, 19.97477330159415, 252.0202189006841, 5475.7202202224635], [2260.477281317035, 10721.670223660549, 1111.1004353140963, 44.78032642775912, 419.85910476260653, 13.399558447944889, 80.30406491652344, 15216.776904590366], [27.12731367885105, 10226.462014302904, 26.295436750787104, 0.1943333272012959, 0.05181779874543108, 0.2808349300073649, 4.333398602963596, 7378.52735165955], [340.4194011032266, 27.085864278252036, 154.0738266361418, 89.54865341750535, 84.57218356923694, 7.747042966336593, 99.5854502235515, 440.51408724011833]], "pvals": [[0.0, 2.2410532547054442e-89, 0.0, 4.241884313600709e-15, 1.5977649435543084e-232, 7.847062997561294e-06, 9.419344639050447e-57, 0.0], [0.0, 0.0, 1.2772604388802957e-243, 2.204263489777393e-11, 2.61886910700425e-93, 0.00025168353861054966, 3.210080225873155e-19, 0.0], [1.9048747569400507e-07, 0.0, 2.9298010599163844e-07, 0.659334235190073, 0.8199298279205106, 0.5961544955814047, 0.037371555393840725, 0.0], [5.170501481371129e-76, 1.9461584227977825e-07, 2.2314895837514158e-35, 2.9918937980242935e-21, 3.7044044247714315e-20, 0.0053800562338562, 1.8787965351589938e-23, 8.366834310488088e-98]], "expected": [[240.939226519337, 688.7601046815935, 36.59377726083164, 26.593893573713288, 33.477871474265775, 18.84036056993312, 3.985460889793545, 6426.809305030532], [2345.096685082873, 6703.802704274498, 356.1725792381506, 258.84225065425994, 325.8450130851992, 183.37598138993894, 38.79107298633323, 62553.073713288744], [716.0497237569061, 2046.9331200930503, 108.75341669089852, 79.03466123873218, 99.49322477464379, 55.99185809828438, 11.844431520790927, 19099.899563826693], [22.914364640883978, 65.50407095085781, 3.4802268101192206, 2.5291945332945622, 3.1838906658912474, 1.7917999418435593, 0.37903460308229137, 611.2174178540273]]}