{"values": [[1914, 1647, 354, 4286], [1263, 2497, 489, 68828], [1006, 6035, 250, 15160], [164, 146, 51, 417]], "stats": [[8206.261746625994, 1039.3095207334397, 850.0273036402255, 7363.040046582371], [3600.7347696785714, 11396.22224527749, 405.0378188939767, 16429.24761688385], [7.304069145787238, 9279.846461384011, 0.07317572983568323, 6693.213955443548], [558.6440596776191, 68.51716996589869, 210.8253724691542, 594.1933249693643]], "pvals": [[0.0, 5.1280921269050686e-228, 7.17183815280741e-187, 0.0], [0.0, 0.0, 4.4084074400888886e-90, 0.0], [0.006879862851858806, 0.0, 0.7867678255690782, 0.0], [1.65799141087406e-123, 1.2577769126214273e-16, 9.073912164411189e-48, 3.0676599786752757e-131]], "expected": [[341.1230539581081, 810.2359172112873, 89.77335489488742, 6959.867673935717], [3039.6597261427464, 7219.803697359986, 799.9472571215325, 62017.58931937574], [933.8560766264461, 2218.096156238338, 245.76290583405896, 19053.284861301156], [32.36114327269944, 76.86422919038917, 8.516482149521085, 660.2581453873903]]}