{"values": [[186, 160, 40, 29, 18, 8, 4, 389], [455, 3340, 35, 35, 37, 18, 4, 7273], [615, 2999, 23, 114, 34, 179, 2, 85241], [556, 543, 88, 34, 61, 10, 8, 3395]], "stats": [[2107.7262336565273, 210.8802749582225, 997.5384566724738, 435.6161737158051, 227.62113259792812, 20.123070266342843, 80.22967343362205, 1986.44227465246], [410.7758839178057, 10838.156287329022, 12.547705757447028, 7.310793063370308, 30.102791075716436, 0.8802309481615938, 1.4999797255448737, 10193.601707427522], [3500.0160451277984, 9825.843301220215, 717.9380454575427, 145.72358055751434, 423.28601514464077, 0.08455727147008549, 66.95743989004167, 14768.808770506615], [2993.3336313104382, 190.63779340252836, 798.7341821433329, 64.83327727851459, 457.09878600762164, 0.0, 58.9282505005041, 2051.8658956733025]], "pvals": [[0.0, 8.8270711971981e-48, 6.156265592184501e-219, 9.739721059370236e-97, 1.9685451941639773e-51, 7.261546792639983e-06, 3.333237937176681e-19, 0.0], [2.4844877187367506e-91, 0.0, 0.00039669304363835, 0.006854167069106974, 4.097410778784315e-08, 0.34813843238817455, 0.22067448150205368, 0.0], [0.0, 0.0, 3.758616404800756e-158, 1.4920071367537346e-33, 4.7012436789590277e-94, 0.7712139757903724, 2.774324082881577e-16, 0.0], [0.0, 2.3073619046816114e-43, 1.0168876736124837e-175, 8.151090360900484e-16, 2.0570736165512918e-101, 1.0, 1.6352743976272537e-14, 0.0]], "expected": [[14.26569624196426, 55.44096740392512, 1.4643595480161988, 1.6690549687066354, 1.1809351193679023, 1.6926736710939934, 0.1417122143241483, 758.1446008326018], [191.52637988162328, 744.3315491867501, 19.65999263685537, 22.408163650609346, 15.854832771657557, 22.7252603060425, 1.9025799325989068, 10178.591241633863], [1525.8992381977287, 5930.122756836869, 156.63204100705164, 178.52684243814485, 126.31616210246099, 181.0531656801941, 15.157939452295318, 81093.29185428526], [80.3086856786837, 312.1047265724562, 8.243606808076803, 9.395938942539152, 6.648070006513551, 9.528900342669424, 0.7977684007816261, 4267.97230324828]]}