{"values": [[531, 3397, 94, 7273], [674, 3203, 329, 85241], [351, 1372, 39, 6236], [713, 649, 113, 3395], [45, 107, 10, 396], [803, 1625, 240, 10438]], "stats": [[262.1216901211845, 7981.75321816944, 6.207705472471499, 7384.939570599357], [3619.082807735833, 8348.596214719626, 365.9419517464857, 12867.06748290994], [133.51722452234787, 927.8697363440393, 3.156480986004037, 997.0485251221169], [3145.102311694894, 181.95144579626324, 217.15443903568945, 1842.285156269824], [71.63316004710263, 89.95358183771503, 9.673460051929325, 176.3295384945959], [825.5425014344316, 354.9289429343214, 315.46419123347664, 1219.2843618403044]], "pvals": [[5.916235430886184e-59, 0.0, 0.012719539399039819, 0.0], [0.0, 0.0, 1.431429642932148e-81, 0.0], [6.967557052655497e-31, 8.577812441540489e-204, 0.07562603990366369, 7.86703523594444e-219], [0.0, 1.8169916586213271e-41, 3.776513076274651e-49, 0.0], [2.5916448975370848e-17, 2.4381369129482385e-21, 0.0018694890045184446, 3.0681441047043925e-40], [1.509278481883442e-181, 3.579427358465127e-79, 1.409030327407196e-70, 3.9291353532241895e-267]], "expected": [[276.61985165862626, 918.7825871741283, 73.21507142071437, 10026.382489746531], [2190.5990147241387, 7275.99345506545, 579.802434118516, 79400.6050960919], [195.87477410940176, 650.5908040919591, 51.843660134827225, 7099.690761663812], [119.26858588556972, 396.14618853811464, 31.567720037085344, 4323.01750553923], [13.665681914609426, 45.39005609943901, 3.6169995442902714, 495.3272624416613], [320.97209170765433, 1066.0969090309097, 84.95411474456684, 11633.97688451687]]}