{"values": [[455, 3340, 35, 35, 37, 18, 4, 7273], [615, 2999, 23, 114, 34, 179, 2, 85241], [313, 1353, 16, 14, 22, 3, 0, 6236], [657, 1527, 60, 124, 78, 30, 8, 10438], [1449, 2149, 77, 247, 224, 75, 23, 18762]], "stats": [[138.54609411497094, 8055.549541596952, 21.78596836188345, 0.9262211375406009, 1.2126916821257823, 1.226136017303775, 0.1493090201767108, 6799.81465128505], [2957.472696574443, 6566.939121509982, 230.0289231133264, 370.3501073620641, 473.02930945204884, 1.144453913393085, 47.552890562348274, 11007.074620068219], [81.30108315035577, 964.8638952436554, 1.360120755431412, 8.060476614413696, 0.0, 11.18720464875625, "null", 889.5035393877519], [426.3756139409968, 302.73076415921344, 95.96938339736818, 132.02192020411226, 55.24951473206472, 0.19243930100219364, 5.810913993188913, 881.0918629132844], [1744.5349936251737, 80.40981946999831, 65.04724242899167, 365.1487497861447, 488.0623604369884, 16.406819233476526, 55.58804081159175, 1382.3061087648566]], "pvals": [[5.535550618064777e-32, 0.0, 3.048212679439709e-06, 0.33584678908224075, 0.2707996955844032, 0.26815980886648644, 0.6991965597323717, 0.0], [0.0, 0.0, 5.875366166225149e-52, 1.570236171427537e-82, 7.023818626673155e-105, 0.28471315656491947, 5.353975555925123e-12, 0.0], [1.9382030866828597e-19, 7.793370772200109e-212, 0.24351655471922518, 0.004524128102733468, 1.0, 0.0008236333452731263, 2, 1.8777594119329904e-195], [9.99408498255315e-95, 8.372182046348439e-68, 1.1667391813470456e-22, 1.4797618971357643e-30, 1.0616051143264645e-13, 0.6608941158060748, 0.015927014360042974, 1.2655254857885312e-193], [0.0, 3.042793674228179e-19, 7.312381061738815e-16, 2.1304937837672146e-81, 3.762028669228167e-108, 5.110105761751246e-05, 8.936564485399476e-14, 1.470166979334989e-302]], "expected": [[270.7505977586649, 882.1704773059623, 16.373853862733817, 41.43904247725052, 30.652475240662838, 23.668366957980165, 2.871244516213987, 9929.073941880531], [2157.082126842656, 7028.29166464526, 130.45122635821164, 330.14670557007116, 244.20964176063316, 188.56693857466612, 22.87533353200868, 79105.37636271649], [192.4053323538177, 626.9027853821151, 11.635862747680003, 29.448107617351287, 21.782776233808537, 16.81961202863697, "null", 7055.965111685576], [312.46219739550486, 1018.0768873580107, 18.896395428618952, 47.82310501840057, 35.37476869338619, 27.314694813880475, 3.313585928241238, 11458.738365363957], [556.2997456493565, 1812.5581853086514, 33.64266160275558, 85.14303931692645, 62.980338071509266, 48.63038762483627, 5.89942407252112, 20400.846218353443]]}