{"values": [[455, 3340, 35, 35, 37, 18, 4, 7273], [615, 2999, 23, 114, 34, 179, 2, 85241], [313, 1353, 16, 14, 22, 3, 0, 6236], [556, 543, 88, 34, 61, 10, 8, 3395], [31, 92, 10, 2, 3, 4, 1, 396], [657, 1527, 60, 124, 78, 30, 8, 10438]], "stats": [[237.50409616972325, 8305.665337648352, 10.443379218747792, 1.3456841501481334, 13.02996982163127, 0.48743144898355506, 1.1560985682806895, 7616.160637721138], [2859.7066881982782, 8251.84199543301, 407.52407714834885, 191.44070272957276, 352.9142682202074, 0.8230587658552092, 39.351420163388575, 12382.349824978799], [143.07210987608642, 1002.6075984920562, 0.06052543985340741, 1.780412645231023, 3.2667444901275244, 9.776638497371252, "null", 1059.9968250936686], [2282.152095714912, 96.29648357979428, 752.1348353379705, 40.20404623756471, 319.8801442676723, 0.022781896274125295, 53.76142348159555, 1470.8531566825357], [34.16256091100643, 63.61533141123159, 73.74744372485492, 0.011236555536353445, 2.2576610268694774, 5.860102207892246, 1.6567080292087055, 140.2973451853824], [638.7699030378631, 324.5619035523513, 60.3655635865229, 277.2737989619724, 133.05228326790936, 0.9387326530374944, 12.581129331039977, 1092.9586274406063]], "pvals": [[1.3770052442704226e-53, 0.0, 0.0012308986859801397, 0.24603403891794906, 0.0003065454895369079, 0.48507531891382794, 0.28227613500213655, 0.0], [0.0, 0.0, 1.2678714442043902e-90, 1.541213654083263e-43, 9.829327819228671e-79, 0.3642873698163209, 3.539953096305209e-10, 0.0], [5.6684518068263756e-33, 4.869324367522717e-220, 0.8056673806238757, 0.18209866414512801, 0.07069779050725658, 0.001767431460286335, 2, 1.6349069556203246e-232], [0.0, 9.890554644099653e-23, 1.377883131809134e-165, 2.287739174490475e-10, 1.5381844935827264e-71, 0.8800256265328323, 2.2637415041369832e-13, 0.0], [5.069495366351028e-09, 1.5124746856652608e-15, 8.877918074343366e-18, 0.9155802731062926, 0.13295473668352562, 0.01548789461544561, 0.1980483859238394, 2.2918790759015864e-32], [6.186835088578698e-141, 1.4697432534829513e-72, 7.877919821635666e-15, 2.9491223316302412e-62, 8.806184173954e-31, 0.33260398411592385, 0.00038966120140990944, 1.1201890556719502e-239]], "expected": [[232.49459756396374, 872.0981212011034, 20.53245018456018, 28.586126765573006, 20.797956005912248, 21.594473469968463, 2.0355446303658797, 9998.860730178552], [1852.2948615601065, 6948.04475287906, 163.5829493269679, 227.74695100263204, 165.6982460855063, 172.04413636112142, 16.217275148794233, 79661.37082763581], [165.2192116474466, 619.7449986958275, 14.591114237612336, 20.314353011848212, 14.779792438960772, 15.345827043006079, "null", 7105.5581700482935], [97.48701755495308, 365.67836733403414, 8.609435886086455, 11.986412893128987, 8.720764798406538, 9.054751535366789, 0.8535216611206399, 4192.609728336904], [11.1918003114206, 41.980966984674, 0.988388912162002, 1.3760759423634767, 1.0011698032675451, 1.0395124765841746, 0.09798683180916398, 481.32409873771905], [268.31251136210943, 1006.4527929053013, 23.695661452611112, 32.99008038445427, 24.0020708679466, 24.921299113953065, 2.349138850905412, 11539.276445062718]]}