{"values": [[21, 603, 44, 88552], [43, 1273, 20, 9863], [75, 726, 58, 12071], [69, 185, 28, 4417], [19, 165, 6, 7768], [1, 32, 3, 504]], "stats": [[409.6910890840503, 3715.06968465672, 138.38310278124916, 4276.2457101006785], [27.142405974059987, 4326.75142222015, 2.3008293259122183, 4064.269678168776], [125.5774521418369, 661.8725380713985, 116.82592597533807, 877.929977306731], [442.91013351826706, 52.13481689213181, 82.14248257697238, 208.3068029892937], [1.2914939050684178, 2.8579981092590945, 1.308176890935504, 2.388197297421301], [0.0, 28.447757263976772, 4.917276256466299, 31.9793033745497]], "pvals": [[4.2792583221757246e-91, 0.0, 6.009052393975728e-32, 0.0], [1.8900617668672889e-07, 0.0, 0.12930494249774746, 0.0], [3.8044762601993513e-29, 5.849297041659274e-146, 3.134020850225901e-27, 6.160905141614342e-193], [2.518220160250791e-98, 5.181796502219382e-13, 1.2662154598262562e-19, 3.2157358235272343e-47], [0.25577282542920554, 0.09092058731658119, 0.2527250046223009, 0.12225453515727146], [1.0, 9.626121151102512e-08, 0.02658940468819281, 1.558239410995285e-08]], "expected": [[160.7491347020056, 2103.839552415722, 112.10137025271443, 86843.30994262955], [20.177421649044618, 264.0764307050401, 14.07109667630743, 10900.675050969608], [23.29619268882462, 304.8940306291783, 16.246029111943482, 12585.563747570053], [8.466265231615381, 110.8041028558785, 5.904106016784411, 4573.8255258957215], [14.338058887677208, 187.65249000363505, 9.998909487459105, 7746.010541621229], [0.9729268408325826, 12.73339339054573, 0.6784884547911432, 525.6151913138306]]}