{"values": [[19, 592, 0, 31, 2, 11, 0, 88552], [41, 1273, 0, 18, 2, 0, 0, 9863], [67, 726, 0, 50, 8, 0, 0, 12071], [113, 687, 0, 93, 10, 2, 0, 22101], [18, 165, 0, 5, 1, 0, 0, 7768]], "stats": [[322.4985544669768, 2974.9009993473683, "null", 175.59778260026732, 25.306946814378712, 1.9768963250096696, "null", 3495.096231793219], [22.750092572055824, 4201.190082635989, "null", 0.34764119105173524, 0.0, "null", "null", 3859.69728505133], [89.6760445513889, 635.0413530704647, "null", 63.27003072118444, 15.784182405090455, "null", "null", 795.4320335050537], [147.5485432729306, 41.995377089037376, "null", 141.54235659714158, 11.038741027246244, 0.0, "null", 149.87608900768086], [0.7979453075716836, 3.3910349568993716, "null", 2.806687039099965, 0.0, "null", "null", 3.777722818028789]], "pvals": [[4.1368377639077006e-72, 0.0, 2, 4.4326920940254164e-40, 4.889446331784498e-07, 0.15971775464884297, 2, 0.0], [1.8449525193988212e-06, 0.0, 2, 0.5554514413327988, 1.0, 2, 2, 0.0], [2.805313371910203e-21, 4.002949732245418e-140, 2, 1.8022559188983867e-15, 7.099355654193897e-05, 2, 2, 5.311568695986662e-175], [5.95413119806427e-34, 9.148945632127758e-11, 2, 1.2244716430214556e-32, 0.0008922743566751722, 1.0, 2, 1.8452014962594045e-34], [0.37170839963279667, 0.06555179081328401, 2, 0.0938720523887274, 1.0, 2, 2, 0.05193930184612111]], "expected": [[159.50908246643888, 2128.6425229920505, "null", 121.79569475150566, 14.219801925302692, 8.03727934908413, "null", 86774.79561851562], [20.021110410356993, 267.18094241418265, "null", 15.28743701876096, 1.7848276722411271, "null", "null", 10891.716866843626], [23.105545121249715, 308.34260407931305, "null", 17.64260615847362, 2.059796658095905, "null", "null", 12569.685215089161], [41.13652461379592, 548.9653265321681, "null", 31.410447088828672, 3.66720955859421, 2.0727706200749885, "null", 22378.747721586536], [14.227737388158488, 189.86860398228555, "null", 10.863814982431093, 1.2683641857660668, "null", "null", 7740.0545779650565]]}