{"values": [[44, 52, 15, 724], [21, 603, 44, 88552], [43, 1273, 20, 9863], [69, 185, 28, 4417]], "stats": [[1283.1723225121345, 75.00007820620188, 223.15808204812328, 458.1575439496976], [692.2794971256527, 5020.006710903141, 146.2872945272703, 5849.150779221108], [33.88798695595893, 5623.189080138374, 6.639081739521401, 5287.963684337079], [491.161630613703, 93.91222578870753, 114.28810032400742, 309.11090770746375]], "pvals": [[5.130152483991714e-281, 4.706954137321736e-18, 1.85159988141803e-50, 1.21016127950382e-101], [1.427550459669353e-152, 0.0, 1.1234006994022273e-33, 0.0], [5.837804799183816e-09, 0.0, 0.009976534459175831, 0.0], [7.962604283376266e-109, 3.298305578725354e-22, 1.1268695440196302e-26, 3.411209133649979e-69]], "expected": [[1.3949109510820836, 16.65224203184431, 0.8432512529140279, 816.1095957641596], [149.04665276112993, 1779.2970468037715, 90.1016488442989, 87201.5546515908], [18.70851226487216, 223.33947127499928, 11.309665606448142, 10945.642350853681], [7.849924022915821, 93.71123988938491, 4.745434296338943, 4592.69340179136]]}