{"values": [[531, 3397, 94, 7273], [674, 3203, 329, 85241], [351, 1372, 39, 6236], [803, 1625, 240, 10438], [1773, 2324, 569, 18762]], "stats": [[152.09236834889862, 7773.111100847066, 0.20656049852652725, 6538.207340134096], [3679.979267295614, 6608.2234358859605, 688.6015017217446, 11559.626358354744], [72.45749846860446, 898.5044814654137, 14.1690365090807, 821.9327780605909], [560.4529303083416, 335.6270637702334, 150.70527600534416, 974.2960208139548], [2253.3173271451324, 108.6553826175479, 775.492703960998, 1697.4643489764962]], "pvals": [[6.048368035395641e-35, 0.0, 0.6494767115628379, 0.0], [0.0, 0.0, 9.003501632454179e-152, 0.0], [1.7066823280561853e-17, 2.0745733266768693e-197, 0.0001670977865178093, 9.195177634030682e-181], [6.700257863150155e-124, 5.717895431931769e-75, 1.2156414900919112e-34, 6.941561778109337e-214], [0.0, 1.931029648321793e-25, 1.149454884711873e-170, 0.0]], "expected": [[321.2614783099522, 926.8533598579237, 98.81978192931977, 9948.065379902804], [2544.123545851288, 7339.907258009003, 782.5704324242466, 78780.39876371546], [227.4855514407258, 656.305725732065, 69.97437944849044, 7044.234343378719], [372.7713974971433, 1075.461720610708, 114.6641931797844, 11543.102688712364], [666.3580269008908, 1922.4719357902998, 204.97121301815878, 20634.198824290652]]}