{"values": [[21, 603, 44, 88552], [43, 1273, 20, 9863], [75, 726, 58, 12071], [123, 689, 105, 22101], [19, 165, 6, 7768]], "stats": [[349.9945363084333, 2951.5007304182477, 180.4479824889696, 3499.23729575602], [21.33719966433713, 4177.780560558334, 0.12113966520149728, 3820.158546729067], [106.3619666252849, 628.6251160112939, 70.70047284954566, 802.9175940106569], [160.5217125147198, 41.696449409772555, 145.4168732851797, 155.11542117362367], [0.6183508756095687, 3.573968541381518, 3.324449521809699, 4.010877697627852]], "pvals": [[4.249417497654206e-78, 0.0, 3.8690845748065096e-41, 0.0], [3.851840264517261e-06, 0.0, 0.7278017028566324, 0.0], [6.142538830050786e-25, 9.950537128206948e-139, 4.157928001273043e-17, 1.2523482167923354e-176], [8.702851263793213e-37, 1.0660240614677323e-10, 1.7410970269090317e-33, 1.3212067184785995e-35], [0.43166077178364326, 0.05869188774051239, 0.06825686081893104, 0.045207610948433403]], "expected": [[173.71086090420926, 2136.4581326866446, 144.03783128356142, 86765.79317512558], [21.80439286332929, 268.1707535077083, 18.07979906461112, 10890.945054564352], [25.174640568162133, 309.62120214793003, 20.87434609388533, 12574.329811190022], [44.81592239736705, 551.1879993071193, 37.16053351810151, 22384.835544777412], [15.494183266932271, 190.56191235059762, 12.847490039840638, 7739.096414342629]]}