{"values": [[43, 52, 0, 14, 1, 0, 0, 724], [19, 592, 0, 31, 2, 11, 0, 88552], [41, 1273, 0, 18, 2, 0, 0, 9863], [65, 185, 0, 24, 4, 0, 0, 4417]], "stats": [[1294.1802524252644, 75.90889737569657, "null", 241.86699257549924, 2.61998117663277, "null", "null", 454.1126431720351], [667.0936214532065, 5062.282380422308, "null", 150.9038222255932, 21.558431196250574, "null", "null", 5865.582317481448], [32.62162403306237, 5664.49757492004, "null", 8.392255082976721, 0.35393703978495106, "null", "null", 5332.499739195072], [458.1820398920269, 95.60079685744013, "null", 104.80598608674332, 25.229796436224998, "null", "null", 301.1102443738963]], "pvals": [[2.0793932971801036e-283, 2.9705854038993024e-18, 2, 1.5403671346913756e-54, 0.10552569259171181, 2, 2, 9.185431628760039e-101], [4.282118777505366e-147, 0.0, 2, 1.100042666765536e-34, 3.432105351443703e-06, 2, 2, 0.0], [1.1196212636991755e-08, 0.0, 2, 0.003768231179017425, 0.5518928838865149, 2, 2, 0.0], [1.1953978411739538e-101, 1.4054983114093685e-22, 2, 1.3469981296076462e-24, 5.088987035683824e-07, 2, 2, 1.887504433811102e-67]], "expected": [[1.3226473336920506, 16.548837472742203, "null", 0.6849423692333834, 0.07085610716207415, "null", "null", 815.2861148084166], [141.47410155475632, 1770.1104849291532, "null", 73.26337401942737, 7.578969726147659, "null", "null", 87205.30988454967], [17.757412704256463, 222.17905657349456, "null", 9.195803007561382, 0.9512899662994534, "null", "null", 10945.7537500118], [7.445838407295177, 93.1616210246099, "null", 3.8558806037778597, 0.39888420039081307, "null", "null", 4589.650250630115]]}