{"values": [[248, 212, 59, 389], [531, 3397, 94, 7273], [674, 3203, 329, 85241], [713, 649, 113, 3395]], "stats": [[2925.070546106977, 373.0305129690687, 570.8449911077068, 2382.4942339342133], [449.9008903656386, 10320.518194586206, 16.486401575404294, 9851.154929534236], [4585.17520303838, 10037.8043760747, 363.48149680542514, 15404.289602268815], [4065.1786202721814, 312.13663881210255, 281.8451076133754, 2515.939825763308]], "pvals": [[0.0, 4.096044525110329e-83, 3.677127130794325e-126, 0.0], [7.58026843440874e-100, 0.0, 4.9000256405313965e-05, 0.0], [0.0, 0.0, 4.914824665180989e-81, 0.0], [0.0, 7.477860864680361e-70, 2.975225270618824e-63, 0.0]], "expected": [[18.463462260608335, 63.59921141569658, 5.071911378144949, 820.8654149455501], [229.6748967330079, 791.1377675553887, 63.09167292527225, 10211.09566278633], [1818.8340405557642, 6265.15271310552, 499.63354299662035, 80863.3797033421], [99.0276004506196, 341.11030792339466, 27.202872699962448, 4402.659218926024]]}