{"values": [[19, 592, 0, 31, 2, 11, 0, 88552], [41, 1273, 0, 18, 2, 0, 0, 9863], [67, 726, 0, 50, 8, 0, 0, 12071], [65, 185, 0, 24, 4, 0, 0, 4417], [18, 165, 0, 5, 1, 0, 0, 7768], [1, 31, 0, 2, 0, 1, 0, 504]], "stats": [[381.54958656108556, 3743.6708209427566, "null", 134.03976411057621, 25.463123573241475, 1.666051066692261, "null", 4276.335251738927], [28.03404801423095, 4352.663766289601, "null", 3.430334030789025, 0.0, "null", "null", 4102.7698420756715], [104.59123367948308, 668.9698461565563, "null", 110.16991157961012, 21.311694146984003, "null", "null", 868.8345667531113], [426.6613234932084, 53.105323916082156, "null", 75.16151863872311, 13.553398449191155, "null", "null", 202.60846568387944], [1.440980411534195, 2.681703183862029, "null", 0.9356287252817895, 0.0, "null", "null", 2.2317564434687243], [0.0, 25.84644771647232, "null", 1.6249794128367008, "null", 3.9584745626457263, "null", 29.744216228930025]], "pvals": [[5.722603874434515e-85, 0.0, 2, 5.355210606050778e-31, 4.5091984732632335e-07, 0.19678829744262955, 2, 0.0], [1.1919963906780284e-07, 0.0, 2, 0.0640091537320513, 1.0, 2, 2, 0.0], [1.5011951703092005e-24, 1.673530482019109e-147, 2, 8.994144722763215e-26, 3.903430052510106e-06, 2, 2, 5.847147825424554e-191], [8.660784092632866e-95, 3.161344508847926e-13, 2, 4.337389154123574e-18, 0.00023187120033947142, 2, 2, 5.631502246494884e-46], [0.22998075443586666, 0.10150711183304564, 2, 0.33340456292281645, 1.0, 2, 2, 0.13520007568089468], [1.0, 3.6968441951347476e-07, 2, 0.20239887500640674, 2, 0.04663594700244868, 2, 4.9297487794119356e-08]], "expected": [[148.77587201719928, 2095.55398879202, "null", 91.66285953666306, 11.986681631717477, 8.461187034153513, "null", 86850.55941098825], [18.67390943509568, 263.0277670194519, "null", 11.505252258589755, 1.5045329876617373, "null", "null", 10901.226515013792], [21.55079554526269, 303.54959412569065, "null", 13.277741331204503, 1.7363200202344349, "null", "null", 12580.659911316267], [7.8301334998458705, 110.28984247176268, "null", 4.824252867203617, 0.630863836480473, "null", "null", 4570.979591675427], [13.27036682817329, 186.91720480251666, "null", 8.176055391765534, 1.0691764743078005, "null", "null", 7746.812483697843], [0.8989226744232001, 12.66160278855806, "null", 0.5538386145735356, "null", 0.051123564422172516, "null", 524.762087308425]]}