{"values": [[1042, 821, 154, 38, 144, 23, 22, 4313], [863, 2565, 24, 152, 72, 109, 3, 81485], [420, 3370, 38, 59, 75, 28, 4, 10159], [64, 53, 9, 17, 13, 1, 3, 239]], "stats": [[5920.498691851942, 435.84232913592314, 1501.4040276614387, 29.0239751554586, 887.8293337648358, 17.011647690286065, 206.0970763869836, 4900.107897802238], [2976.3904459179603, 8253.181099555972, 680.1900956351018, 87.35863189983282, 607.7487861987578, 14.953096521777665, 96.42710665327597, 13073.274462875572], [38.374587720552434, 8256.882345647722, 2.2105729134394636, 17.453506904066376, 33.17242336623851, 1.9941259665719608, 0.0, 6552.333733426406], [340.8796891394409, 30.526173228520264, 69.8683052376236, 242.3967898776041, 113.93006782729947, 0.0, 47.38647240637141, 427.4918955532107]], "pvals": [[0.0, 8.696115507306342e-97, 0.0, 7.148804768053856e-08, 4.341074698781303e-195, 3.715121430645645e-05, 9.759113688688064e-47, 0.0], [0.0, 0.0, 6.075557840953245e-150, 9.052419956102951e-21, 3.4545717497627367e-134, 0.00011021703179800784, 9.259076399378917e-23, 0.0], [5.838778078636287e-10, 0.0, 0.13706775938758464, 2.9442064413754784e-05, 8.433816408739357e-09, 0.15791014107308554, 1.0, 0.0], [4.1047874778497883e-76, 3.293925170023428e-08, 6.339901030499284e-17, 1.1806167423050837e-54, 1.3498617442173597e-26, 1.0, 5.828351848251444e-12, 5.711897835851084e-95]], "expected": [[147.24928089338422, 419.68202327461415, 13.868182587279803, 16.395273636517455, 18.737455584591377, 9.923455095786881, 1.972363745746461, 5929.1719651820795], [1914.9592694252788, 5457.914468613111, 180.35405425729917, 213.21857081085145, 243.6783666409731, 129.05334549077853, 25.650354383260325, 77108.17157037844], [317.8311838468914, 905.8654377620275, 29.933870391607602, 35.38848677407832, 40.44398488466094, 21.419347257994772, 4.257261566806415, 12797.860427515932], [8.960265834445677, 25.53807035024722, 0.843892763813427, 0.9976687785527627, 1.1401928897745859, 0.6038521554398301, 0.12002030418679852, 360.7960369235397]]}