{"values": [[2164, 2531, 595, 21416], [962, 2701, 336, 81485], [390, 1120, 72, 5683], [537, 3440, 166, 10159]], "stats": [[2920.345049215192, 228.32573182255135, 704.1715829100501, 2466.0251367218098], [2922.9149030728236, 6042.966923140125, 630.80405949498, 10185.949822087417], [142.08592867389692, 740.8246864597551, 1.0768338203558465, 857.0812476065449], [28.34034978077945, 6605.071135736185, 14.826337520213071, 5057.402720471694]], "pvals": [[0.0, 1.3819051516057798e-51, 3.7031376680878157e-155, 0.0], [0.0, 0.0, 3.341534513397762e-139, 0.0], [9.3130637505086e-33, 3.966992497241961e-163, 0.2994069332565099, 2.0994021230483823e-188], [1.0175278227313475e-07, 0.0, 0.00011787772583926835, 0.0]], "expected": [[809.2243247082396, 1955.0763847873382, 233.40321628026945, 23708.296074224152], [2590.269309269795, 6258.059974431245, 747.1070373886974, 75888.56367891026], [220.1383478995492, 531.8516414094215, 63.49413488639847, 6449.515875804631], [433.368018122416, 1047.0119993719954, 124.99561144463468, 12696.624371060954]]}