{"values": [[243, 955, 137, 24917], [55, 1568, 38, 12495], [45, 428, 9, 6722], [49, 523, 53, 84655]], "stats": [[439.7546760899013, 134.1567671914966, 214.46359203619144, 435.571013301052], [4.3654079570856625, 4453.0436132266, 6.669107086630159, 3955.0962381028216], [26.975487836320383, 329.7928603412174, 0.923917934406029, 329.239632314683], [454.33250333988497, 3741.0184218977465, 178.69583996211566, 4408.198314671039]], "pvals": [[1.224160011698357e-97, 5.048739000420649e-31, 1.4590965543609597e-48, 9.96266183514052e-97], [0.03667570044900217, 0.0, 0.009809832401332413, 0.0], [2.060520146413292e-07, 1.0663571715495133e-73, 0.3364483491253018, 1.4073334958410887e-73], [8.227215831831388e-101, 0.0, 9.336346591102311e-41, 0.0]], "expected": [[77.4371971224754, 686.2674051109171, 46.81789723986395, 25441.477500526744], [41.75685519068116, 370.0594768684345, 25.245853775998555, 13718.937814164885], [21.250097823796768, 188.32357102007646, 12.847635674081209, 6981.578695482046], [251.5558498630467, 2229.349547000572, 152.08861331005627, 82647.00598982633]]}