{"values": [[1362, 1020, 227, 4313], [962, 2701, 336, 81485], [537, 3440, 166, 10159], [89, 66, 34, 239]], "stats": [[7907.806916045018, 749.6423245938538, 685.8550900252882, 6091.76819845657], [4184.464912597283, 8643.77655351265, 606.959405453143, 14121.726898736493], [61.35878992806264, 7855.952476470308, 46.22360146512904, 6330.974864817918], [515.5781398691462, 50.0317608820633, 307.63634557282137, 536.4158790480327]], "pvals": [[0.0, 4.799247085918733e-165, 3.561660029150466e-151, 0.0], [0.0, 0.0, 5.129645744750171e-134, 0.0], [4.7566295798304835e-15, 0.0, 1.0549845277216358e-11, 0.0], [3.877786974863359e-114, 1.5127742351099037e-12, 7.147220168848706e-69, 1.1354165680805396e-118]], "expected": [[190.5979316009558, 466.93262768817203, 49.29702434289128, 6215.172416367981], [2353.8101105137393, 5766.435819892473, 608.7990218040621, 76754.95504778973], [393.80693697729987, 964.760248655914, 101.85582810633214, 12841.576986260454], [11.785020908004778, 28.87130376344086, 3.0481257467144562, 384.2955495818399]]}