{"values": [[195, 289, 63, 6023], [55, 1568, 38, 12495], [49, 523, 53, 84655], [7, 16, 1, 375]], "stats": [[1744.5511909204765, 145.61098407134276, 312.44437917518326, 850.3737361098932], [5.403641637757854, 5772.572907052625, 15.959359951437454, 5112.445274794085], [789.236068219016, 5235.532455918314, 203.12110226379647, 6261.055303376823], [25.13460995853026, 4.851881197178923, 0.0, 15.741691315558553]], "pvals": [[0.0, 1.579016019272535e-33, 6.408254853347673e-70, 6.029972769212271e-187], [0.020094780839632533, 0.0, 6.47169854948071e-05, 0.0], [1.1812814558695404e-173, 0.0, 4.3527447003729435e-46, 0.0], [5.346463153240434e-07, 0.02761599781790213, 1.0, 7.260613338621415e-05]], "expected": [[18.894036934354588, 147.94154410037123, 9.570508904656736, 6393.593910060617], [40.709891452469336, 318.761110850054, 20.621023448146232, 13775.90797424933], [245.24862553451436, 1920.3127672571777, 124.22724496029322, 82990.21136224801], [1.147446078661717, 8.984577792396975, 0.581222686903811, 388.2867534420375]]}