{"values": [[195, 289, 63, 6023], [243, 955, 137, 24917], [55, 1568, 38, 12495], [45, 428, 9, 6722], [49, 523, 53, 84655], [2, 17, 3, 446]], "stats": [[1060.657070344569, 74.89354868172589, 172.245394775787, 529.594102569992], [194.91248663875749, 107.38064017060012, 137.6908217751085, 304.75396831726744], [0.3130591485921192, 4199.516380485005, 1.7052788198667748, 3436.086915082782], [7.017001844035498, 302.0038972936121, 2.5197226062456037, 263.3116249527147], [685.9981600085116, 3620.1709327815474, 239.05798561621125, 4592.557036202767], [0.0, 1.2138735612050022, 2.1928625775160375, 2.292376115676886]], "pvals": [[1.1748641377768064e-232, 4.9679072288896156e-18, 2.3920388441115644e-39, 3.4614182410068916e-117], [2.692224421817519e-44, 3.673778634970315e-25, 8.515432310944228e-32, 3.0343692393889873e-68], [0.5758090085037334, 0.0, 0.19159906705906105, 0.0], [0.008073931172283548, 1.2055754772162476e-67, 0.11243036061181333, 3.2559535041659987e-59], [3.3154314208731026e-151, 0.0, 6.311147877942506e-54, 0.0], [1.0, 0.2705663276521071, 0.13865142211530343, 0.13001075385575592]], "expected": [[27.654755949403274, 177.47873936968483, 14.226470378046166, 6350.640034302865], [110.50116486814836, 709.1585792896449, 56.84525119702708, 25375.49500464518], [59.58610733938398, 382.4032016008004, 30.652955048953046, 13683.357736010863], [30.323418852283286, 194.60530265132567, 15.599313942685628, 6963.471964553705], [358.9646251697277, 2303.711855927964, 184.66261702279712, 82432.66090187951], [1.969927821053384, 12.64232116058029, 1.0133924104909597, 452.37435860787537]]}