{"values": [[184, 287, 0, 50, 11, 2, 0, 6023], [52, 1568, 0, 35, 3, 0, 0, 12495], [48, 517, 0, 46, 1, 6, 0, 84655], [7, 16, 0, 1, 0, 0, 0, 375]], "stats": [[1633.1244457012024, 143.74628020662163, "null", 224.389292684204, 105.70135970693431, 2.1913662716597093, "null", 807.0079463927888], [4.883758994750017, 5801.338021055654, "null", 18.869076859422975, 0.1470805724657667, "null", "null", 5153.273263338885], [739.5368190575259, 5253.667732631404, "null", 167.7431205463652, 46.42544166767337, 0.0, "null", 6228.926540712743], [26.976647722185383, 4.908750273948279, "null", 4.9063616187550455e-05, "null", "null", "null", 16.071567794554248]], "pvals": [[0.0, 4.0370411745516425e-33, 2, 9.977203817133258e-51, 8.572853062509654e-25, 0.13878615923470417, 2, 1.6159044383249111e-177], [0.02711051723301805, 0.0, 2, 1.4000389863120726e-05, 0.7013410265977404, 2, 2, 0.0], [7.55953427743236e-163, 0.0, 2, 2.3020266115757847e-38, 9.51717251976727e-12, 1.0, 2, 0.0], [2.0592840358542764e-07, 0.026720967686838702, 2, 0.9944112293531729, 2, 2, 2, 6.099294441975717e-05]], "expected": [[17.936182812881878, 147.18764452632965, "null", 8.13600045120415, 0.9245455058186536, 0.4930909364366152, "null", 6382.322535767329], [38.71447237314583, 317.6981444229287, "null", 17.561203963076462, 1.9955913594405068, "null", "null", 13775.966272489706], [233.2579101727736, 1914.157695850802, "null", 105.80771183094885, 12.023603617153277, 6.412588595815081, "null", 83001.34048993251], [1.091434641198699, 8.95651519993984, "null", 0.4950837547705439, "null", "null", "null", 388.37070181045664]]}