{"values": [[2164, 2531, 595, 21416], [1362, 1020, 227, 4313], [962, 2701, 336, 81485], [390, 1120, 72, 5683], [537, 3440, 166, 10159], [42, 82, 10, 353]], "stats": [[1589.9925224309825, 142.97655241766324, 505.427357695598, 1564.6511907033191], [4891.831541330288, 502.4340447608956, 382.4494061806633, 4172.001579909127], [4377.338124798305, 6319.224346492073, 797.4241907068294, 12300.282627732178], [46.104689894631186, 636.3863147037697, 0.0, 588.236070025679], [0.49438713246734184, 5960.534151316386, 4.193321641996953, 3885.624388520678], [28.505882378588375, 55.80433125883415, 4.5173241825310555, 97.78801556105299]], "pvals": [[0.0, 5.947817252233883e-33, 6.267573143484035e-112, 0.0], [0.0, 2.807849526131596e-111, 3.644949189385223e-85, 0.0], [0.0, 0.0, 1.9592486381880403e-175, 0.0], [1.1209978729537203e-11, 2.04111488692957e-140, 1.0, 6.061629859398961e-130], [0.48197680472872806, 0.0, 0.040583506572959956, 0.0], [9.341424929674393e-08, 8.005497420351979e-14, 0.03355326946183242, 4.656573702994568e-23]], "expected": [[1032.3636144680731, 2060.943598316875, 265.98923253474635, 23346.703554680305], [267.5811030984798, 534.181516795829, 68.94246489948004, 6051.294915206211], [3304.522250400238, 6596.933369224884, 851.4125497641076, 74731.13183061077], [280.84032274060326, 560.65136080926, 72.35871243783915, 6351.1496040122975], [552.8669367978125, 1103.707606647493, 142.44656645367866, 12502.978890101016], [18.825772494793362, 37.58254820565859, 4.850473910148336, 425.74120538939974]]}