{"values": [[1711, 1050, 112, 162, 218, 58, 25, 29373], [695, 560, 25, 95, 112, 36, 11, 16223], [2563, 6139, 256, 646, 442, 337, 49, 76486], [51, 166, 8, 7, 5, 5, 2, 804], [370, 328, 35, 37, 21, 13, 1, 11037]], "stats": [[326.23469098080045, 416.8915136411262, 3.7219597499949897, 11.877214188944494, 14.196693590764275, 20.189310767003512, 1.90811545560402, 19.95073005709306], [6.125956809644577, 210.6443877582492, 14.945214539702757, 2.7433845999600646, 3.5788675305575857, 5.875909202939116, 0.0011253730701187724, 104.1137628898719], [242.24591967766779, 989.0496843542935, 0.1039104931972333, 41.64591893851705, 1.876958976764369, 54.03113076686771, 0.09124864928161687, 267.04963111033567], [4.631532496500013, 216.24034539605552, 6.6051676022706145, 0.0, 0.0007731965780516287, 0.6042766167483381, 1.2897027227001707, 166.10394009393784], [7.800579158136591, 182.27337294850525, 0.000639062554785388, 20.17725642005813, 29.722993250127352, 14.7349992629742, 4.626145966360529, 220.5416721207452]], "pvals": [[6.351711429835143e-73, 1.1589134433258595e-92, 0.05370130696334345, 0.0005682487347546146, 0.00016465959161806842, 7.014379926036119e-06, 0.16717274723123976, 7.946360742178328e-06], [0.013321117126945638, 9.937557718226548e-48, 0.0001106784233335393, 0.09765772538988095, 0.05851903220444486, 0.015349444129446806, 0.973238720767497, 1.9102666987454572e-24], [1.2735150700272396e-54, 4.310055744156206e-217, 0.7471864178580223, 1.0939350326312792e-10, 0.17068018276261693, 1.973381321926847e-13, 0.7625957180119288, 4.988180487453362e-60], [0.03138951416589377, 5.97711527503206e-49, 0.01016832323718814, 1.0, 0.9778165514784689, 0.4369509395911775, 0.2561027423002894, 5.250025680662437e-38], [0.0052229491121914585, 1.545494932351656e-41, 0.979831876495206, 7.058721818389463e-06, 4.984014374888487e-08, 0.00012372802069332664, 0.03148822018797376, 6.890198528599992e-50]], "expected": [[1173.20035401999, 1794.191190758215, 94.9008078576467, 206.12629596603537, 173.69459786789466, 97.73041910110864, 19.15429149420392, 29150.002042934906], [636.9047872552803, 974.0271171327042, 51.51957091712472, 111.90145334522272, 94.29499447675579, 53.05570491236009, 10.39844550620866, 15824.897926454343], [3117.5587260603966, 4767.724782730213, 252.1810027017315, 547.7417650425223, 461.56064255959114, 259.70016103916845, 50.898917976496264, 77460.63400188988], [37.589469901646325, 57.48608541730439, 3.0406324447342854, 6.604309461383872, 5.565194245178807, 3.131293503866271, 0.6137056310472869, 933.9693093948388], [424.7466627626868, 649.5708239615635, 34.35798607876279, 74.6261761848357, 62.88457085057961, 35.38242144349655, 6.9346393920438665, 10553.49671932603]]}