{"values": [[179, 258, 0, 77, 12, 1, 0, 32182], [80, 213, 0, 42, 1, 0, 0, 17421], [11, 50, 0, 11, 0, 1, 0, 11769], [273, 2687, 0, 305, 28, 12, 0, 83613], [7, 56, 0, 4, 0, 0, 0, 3513], [4, 61, 0, 4, 0, 0, 0, 979]], "stats": [[39.90047468362766, 369.1885495142283, "null", 3.7629216329688426, 1.129166359256139, 0.9301330722650376, "null", 228.19119398910198], [4.296278833616379, 87.27482054962441, "null", 1.6509583521908917, 2.4961679904182095, "null", "null", 65.52873556100049], [24.727816173398324, 182.58247360922647, "null", 16.271558498740045, "null", 0.0, "null", 229.63385765279315], [11.485922784922106, 816.6845667152689, "null", 27.090313952606902, 1.8675224732133697, 3.747639712694233, "null", 661.9235510325977], [2.316507814621456, 5.890373102088174, "null", 3.3601997535047494, "null", "null", "null", 12.206784256388053], [0.0, 65.09886675645484, "null", 0.07788382768744727, "null", "null", "null", 52.0197034101429]], "pvals": [[2.672382484938108e-10, 2.8110757244876984e-82, 2, 0.05240094242567942, 0.28795322581373917, 0.33482834872282563, 2, 1.4784942719825617e-51], [0.038195860244457244, 9.444261527647789e-21, 2, 0.19882854442185474, 0.11412368189899698, 2, 2, 5.727276300344564e-16], [6.602436809659716e-07, 1.323071239330341e-41, 2, 5.488156947103158e-05, 2, 1.0, 2, 7.164607368953094e-52], [0.0007012530124860106, 1.2722789383039113e-179, 2, 1.9416839137328084e-07, 0.17175910364703817, 0.05288213597999835, 2, 5.701769639986145e-146], [0.12800712041612883, 0.015223874591155965, 2, 0.06678996648028172, 2, 2, 2, 0.0004761603987653418], [1.0, 7.123302606069401e-16, 2, 0.7801859318355343, 2, 2, 2, 5.494650096094174e-13]], "expected": [[117.77910226578445, 706.8872112522262, "null", 94.18076228112366, 8.716503958298127, 2.976367205272531, "null", 31778.460053037295], [63.93969607550015, 383.75359106685556, "null", 51.12867393762918, 4.73199916804243, "null", "null", 17251.830235158006], [42.6408673157669, 255.92217296917858, "null", 34.097300037698076, "null", 1.0775670440807519, "null", 11505.10636057561], [312.97575623643195, 1878.419475606744, "null", 250.26761735151507, 23.162465714248572, 7.909134634133659, "null", 84445.26555045693], [12.890922562949289, 77.36880419098625, "null", 10.308084287701327, "null", "null", "null", 3478.1524042273845], [3.773655543567278, 22.648744914009384, "null", 3.0175621043326792, "null", "null", "null", 1018.1853965447763]]}