{"values": [[2066, 1245, 463, 29373], [843, 632, 254, 16223], [3310, 6781, 1474, 76486], [66, 181, 19, 804], [427, 377, 72, 11037]], "stats": [[332.657962483035, 394.07709921626304, 2.966003413650707, 13.65360306510961], [3.8147190293541775, 229.76048516935336, 0.9338447469161656, 105.38662049844542], [210.82363371542934, 991.3068614175668, 42.5682046354374, 268.82279080251334], [7.467732936471331, 221.32250143007096, 0.3823603241325261, 168.6878213997073], [20.77959514569156, 189.5680975318748, 69.51447372592989, 260.9443314366024]], "pvals": [[2.5344662153702237e-74, 1.0722584968874355e-87, 0.08503168748668082, 0.00021981910295744447], [0.050804125268801174, 6.723213316153275e-52, 0.3338658588125477, 1.0048609097261477e-24], [9.081841347368142e-48, 1.3926728481500797e-217, 6.825999820460339e-11, 2.0487025348541073e-60], [0.0062814601567565955, 4.654962075196843e-50, 0.5363427300370391, 1.431415569293373e-38], [5.15290651831079e-06, 3.950086181770646e-43, 7.585582182338639e-17, 1.0682572469934546e-58]], "expected": [[1462.422117489302, 2007.9979491629035, 497.20608940860956, 29179.373843939185], [792.0295005028495, 1087.506537043245, 269.280590010057, 15803.18337244385], [3884.747635292803, 5334.003904478318, 1320.7678938823267, 77511.48056634655], [47.20764068282358, 64.81907278499733, 16.05003516659765, 941.9232513655815], [525.5931060322218, 721.6725365305358, 178.69539153240913, 10487.038965904832]]}