{"values": [[191, 259, 90, 32182], [81, 213, 43, 17421], [11, 51, 12, 11769], [301, 2699, 345, 83613], [7, 56, 4, 3513], [4, 61, 4, 979]], "stats": [[41.28082723887973, 370.9561003858948, 2.845786401032183, 224.01549076519467], [2.3208134733719716, 88.47750399416158, 3.846013067251832, 68.8050370628218], [27.92073750184952, 181.89104445240693, 18.909124260035696, 232.365008085141], [8.252830869709383, 821.2185747284901, 32.66910349259549, 667.669414839821], [2.9850079425168707, 6.037010412030497, 4.449427861905001, 12.952720066231263], [0.0, 64.5558539893319, 0.003539767102700535, 50.44823085979029]], "pvals": [[1.318558743772885e-10, 1.1588364132711361e-82, 0.09161375896306578, 1.2037540991148744e-50], [0.12765325304606948, 5.141629159894634e-21, 0.049864389493324474, 1.0869471687782292e-16], [1.2638792691389162e-07, 1.873010638431593e-41, 1.370953872153841e-05, 1.8179627235669795e-52], [0.0040688497998687765, 1.3147274113653963e-180, 1.092602513438679e-08, 3.209519174169657e-147], [0.08403887502636784, 0.014008987707465599, 0.03491294179456445, 0.0003194569997424198], [1.0, 9.383433863894915e-16, 0.9525570976472517, 1.223500501634349e-12]], "expected": [[126.50065948060218, 709.8919361440851, 105.8778628930082, 31779.729541482306], [68.65102105789785, 385.2533769954973, 57.459173927450635, 17246.636428019156], [45.78409969527448, 256.92959476054034, 38.320137223944016, 11501.966168320241], [336.17273843634877, 1886.5223086369217, 281.36810712823814, 84453.9368457985], [13.839996361486333, 77.66680311092918, 11.583728047092762, 3476.909472480492], [4.051484968390413, 22.735980352026196, 3.3909907802662613, 1017.8215438993171]]}