{"values": [[2066, 1245, 463, 29373], [843, 632, 254, 16223], [3310, 6781, 1474, 76486], [89, 217, 21, 5432], [47, 51, 17, 2352], [66, 181, 19, 804]], "stats": [[374.57278063620595, 418.8665610497742, 3.852945774338551, 13.977657781350839], [6.66794364639072, 241.87737501546388, 1.2800227096400063, 106.1474709961468], [167.37216703750087, 921.3850143025487, 36.73477314075549, 275.8679497424596], [111.19769822011148, 57.86007673878773, 52.302450271863606, 224.73963085462682], [34.91902676509531, 71.3632397283768, 10.900073511640633, 126.58371381110558], [8.400705999429963, 215.6549146826991, 0.33285209090391343, 168.52783069148856]], "pvals": [[1.8904896417487663e-83, 4.30678747300626e-93, 0.049658701730283805, 0.0001849959412173949], [0.00981623840770511, 1.5323588473205347e-54, 0.2578948128622201, 6.844717222716179e-25], [2.774195328306956e-38, 2.2031075650781673e-202, 1.3534362175825427e-09, 5.971246755389711e-62], [5.355466797313142e-26, 2.814415490588852e-14, 4.757804432766065e-13, 8.36754511002e-51], [3.4370566169185843e-09, 2.971571942330351e-17, 0.000961604438007132, 2.291296605063159e-29], [0.003750753125625032, 8.020466867906245e-49, 0.5639844802171246, 1.5513541517136287e-38]], "expected": [[1433.766399902995, 2033.5322541530254, 501.96338062325697, 29177.737965320724], [776.5099228002102, 1101.3355967826685, 271.85707934198297, 15802.297401075139], [3808.627184295973, 5401.832700106436, 1333.405063120596, 77507.135052477], [249.10431402664943, 353.3083612896272, 87.21172682322191, 5069.375597860501], [106.70955768427577, 151.34775608638833, 37.35914743408377, 2171.583538795252], [46.28262128989666, 65.64333158185468, 16.203602656858386, 941.8704444713902]]}