{"values": [[179, 258, 0, 77, 12, 1, 0, 32182], [80, 213, 0, 42, 1, 0, 0, 17421], [11, 50, 0, 11, 0, 1, 0, 11769], [273, 2687, 0, 305, 28, 12, 0, 83613], [4, 61, 0, 4, 0, 0, 0, 979]], "stats": [[38.06772069006128, 376.90267595252277, "null", 4.372858750489609, 0.9505944794511672, 1.0043129486254663, "null", 236.52327527841229], [3.8905092390654628, 89.58665334755624, "null", 1.9265856810318724, 2.6192886455026727, "null", "null", 68.44031076469001], [25.247393524030002, 184.7688322197382, "null", 16.785154685667546, "null", 0.0, "null", 233.0699967591849], [13.836870848194584, 811.9486104800459, "null", 23.97172543829578, 1.4338524496455731, 3.391289290570408, "null", 645.2464401500838], [0.0, 64.18489321085822, "null", 0.06341613075469474, "null", "null", "null", 50.97333929412894]], "pvals": [[6.833128115461741e-10, 5.8790145265937905e-84, 2, 0.03651568198789036, 0.32956802384381073, 0.3162691462305391, 2, 2.2532497262967187e-53], [0.048559697587584244, 2.934975076690421e-21, 2, 0.1651324730897015, 0.10557175880274831, 2, 2, 1.307767246589987e-16], [5.042767185570162e-07, 4.40822836206791e-42, 2, 4.185949994957275e-05, 2, 1.0, 2, 1.2759872744465734e-52], [0.0001993849684412001, 1.3622034864322774e-178, 2, 9.776087621117827e-07, 0.23113674424045502, 0.06554168065043557, 2, 2.415030171697809e-142], [1.0, 1.1327397628506591e-15, 2, 0.801175872076998, 2, 2, 2, 9.36290788458757e-13]], "expected": [[119.06133462874483, 711.5383965290071, "null", 95.55379506767638, 8.924158537072282, 3.047273646805169, "null", 31770.875041590694], [64.63579195336519, 386.2786177249557, "null", 51.87406337756365, 4.844730292665398, "null", "null", 17247.712498502737], [43.10508803918176, 257.6060928703568, "null", 34.5943942398552, "null", 1.1032380850978878, "null", 11502.36027523058], [316.3830469675393, 1890.7791234677989, "null", 253.91619308729386, 23.71426860268576, 8.097555132624406, "null", 84425.10981274206], [3.8147384111689315, 22.797769407881603, "null", 3.0615542276108973, "null", "null", "null", 1017.942371933934]]}