{"values": [[191, 259, 90, 32182], [81, 213, 43, 17421], [3, 9, 1, 2448], [301, 2699, 345, 83613], [4, 61, 4, 979], [4, 51, 3, 5688]], "stats": [[35.98609405615067, 404.2548038981401, 3.8207526830641503, 255.03263072453115], [1.552893345563797, 99.96877532747592, 4.561552114391071, 80.62502351954976], [4.133337240139581, 39.392536194847246, 5.540349163638053, 51.01716393966696], [14.223193350468566, 718.3957746596129, 27.209049873133107, 563.5168587390045], [0.0, 59.91363600969015, 0.0002270837289077564, 46.437393413377855], [15.423802328907586, 49.52448180351491, 13.24103345895011, 79.25917456857762]], "pvals": [[1.9873075397062914e-09, 6.527237483760631e-90, 0.05062149322239362, 2.0764599198215054e-57], [0.2127088125202026, 1.5481871644076317e-23, 0.03269742821534908, 2.728819126062638e-19], [0.042046355314981396, 3.4661933768409725e-10, 0.01858287466919871, 9.15618219107294e-13], [0.00016235703944806517, 2.988789672682107e-158, 1.8260194280279603e-07, 1.444069859606002e-124], [1.0, 9.911238749812104e-15, 0.987976895179533, 9.459298732825573e-12], [8.58994828348465e-05, 1.9591161903730903e-12, 0.0002738868636270334, 5.447380797339019e-19]], "expected": [[130.26966521919928, 734.3283183246645, 108.4093446858405, 31748.992671770295], [70.69643404934114, 398.51483029183396, 58.83299134928047, 17229.955744309544], [9.797495449680625, 55.228347637583255, 8.153395185864357, 2387.8207617268718], [346.18878883109625, 1951.4614603287137, 288.09546467793285, 84372.25428616226], [4.172196355654326, 23.5186137034487, 3.472067515150689, 1016.8371224257463], [22.875420095028392, 128.94842971375593, 19.036736585931163, 5575.139413605284]]}