{"values": [[1711, 1050, 112, 162, 218, 58, 25, 29373], [695, 560, 25, 95, 112, 36, 11, 16223], [2563, 6139, 256, 646, 442, 337, 49, 76486], [78, 208, 6, 13, 5, 3, 0, 5432], [45, 47, 0, 11, 2, 4, 0, 2352], [51, 166, 8, 7, 5, 5, 2, 804]], "stats": [[368.9500375160153, 445.64017192812713, 6.100491844956041, 13.063604916075288, 13.441816354318673, 21.23454245608015, 1.7219386536473946, 20.586796911363177], [9.73684727955867, 223.97427314055767, 13.096787933908999, 3.136767837120574, 3.3050888280059914, 6.2532306719104165, 0.0, 105.19267564066494], [196.3154449465065, 901.6372140544938, 2.0741247581481477, 37.68375372409897, 2.6197345651067234, 51.24603082951373, 0.20380312024976724, 272.03354812119824], [80.97734308201828, 42.87475623847995, 5.839496617208275, 15.264349441744892, 21.660362289896078, 11.547649678368915, "null", 181.84877815645012], [20.34202755904459, 63.08535936353191, "null", 1.1383078321878766, 8.827291056400341, 1.1818172800522648, "null", 106.97917062968928], [5.364128789539584, 209.5738708465333, 7.319329099817512, 0.0, 0.0019221850607159612, 0.5677880383217055, 1.2501129306265981, 165.78622207244953]], "pvals": [[3.168139882618674e-82, 6.4112833377688164e-99, 0.013514426232169238, 0.0003010893805438843, 0.0002460772579176744, 4.06374374935977e-06, 0.18944368883621224, 5.698778653005419e-06], [0.0018061041095604872, 1.2289315135888657e-50, 0.0002958025416189435, 0.07654535885452586, 0.069065611273279, 0.012396700584446266, 1.0, 1.1081875595185717e-24], [1.3302120007720363e-44, 4.324246386065834e-198, 0.14981585890424842, 8.319456925514692e-10, 0.10554209432189025, 8.148532604970501e-13, 0.6516684319373689, 4.089896766239194e-61], [2.2832044385269308e-19, 5.835887321635336e-11, 0.015670309213472, 9.346397560898173e-05, 3.2544713083151886e-06, 0.0006783495523218002, 2, 1.9132343875659045e-41], [6.4762354025726055e-06, 1.9793992553939287e-15, 2, 0.286010175215676, 0.002967585833497642, 0.27698634378129106, 2, 4.498729219430858e-25], [0.020555053420440447, 1.7015140805796593e-47, 0.0068216873357583125, 1.0, 0.9650297654082972, 0.4511392322270693, 0.2635309092431763, 6.159761586472499e-38]], "expected": [[1147.195044940602, 1822.3961728883373, 90.78521938378864, 208.3375796178344, 174.87865355501302, 98.81536163886578, 19.406177116436396, 29147.185790859123], [622.7870742917934, 989.3389844378675, 49.28530803748005, 113.10191082802548, 94.93779238669376, 53.64469646339966, 10.535188695972394, 15823.369044858768], [3048.4545206563103, 4842.674204503607, 241.2446023540965, 553.6178343949044, 464.7070472865151, 262.5831912601099, 51.56825652286583, 77453.1503430216], [201.49303045595275, 320.0851757388944, 15.945491618816405, 36.59235668789809, 30.71563987506649, 17.35590365389599, "null", 5119.403906218034], [86.31407275058307, 137.1156862477666, "null", 15.67515923566879, 13.157735375550676, 7.434791800215496, "null", 2193.01183867756], [36.75625690475866, 58.38977618352678, 2.9087685320312606, 6.67515923566879, 5.603131521160954, 3.166055183513141, 0.6217760744145446, 933.8790763649258]]}