{"values": [[191, 259, 90, 32182], [81, 213, 43, 17421], [11, 51, 12, 11769], [301, 2699, 345, 83613], [4, 61, 4, 979]], "stats": [[39.17806268020029, 378.7567561792105, 3.4583849331743197, 232.4881716085008], [1.997944616696233, 90.82811492841748, 4.302214497568004, 71.86452083391116], [28.528174055420116, 184.0983714049024, 19.530204483487605, 235.9130294219237], [10.448279707276795, 816.1702202966006, 28.742922142756807, 649.9200788066678], [0.0, 63.63758581011408, 0.0009246346497130773, 49.39658689291947]], "pvals": [[3.8686261940293616e-10, 2.320791425073115e-84, 0.06293175605407782, 1.7089378046675802e-52], [0.15751267281440337, 1.5671076379086543e-21, 0.0380627799057928, 2.3049112567843923e-17], [9.234492585389422e-08, 6.17495571543082e-42, 9.902152615578447e-06, 3.061109444141471e-53], [0.0012276373536014818, 1.6459161719808065e-179, 8.265143295070357e-08, 2.325372091985815e-143], [1.0, 1.4954844488671983e-15, 0.975741819658173, 2.0910914226256093e-12]], "expected": [[127.98951632752164, 714.6081328286625, 107.52860725475458, 31771.87374358906], [69.45901323098005, 387.81282387297193, 58.355021319905006, 17242.373141576143], [46.32295831143691, 258.63651723885613, 38.917587424914686, 11499.122937024793], [340.12934297440944, 1899.0554982737863, 285.7549241995889, 84433.06023455222], [4.0991691556519365, 22.887027785723312, 3.4438598008368313, 1017.5699432577879]]}