{"values": [[2066, 1245, 463, 29373], [843, 632, 254, 16223], [3310, 6781, 1474, 76486], [66, 181, 19, 804], [427, 377, 72, 11037], [54, 236, 32, 3280]], "stats": [[360.71697691583967, 394.7574637032329, 2.204589685169341, 10.55204956378441], [5.930349985527637, 230.7146265031594, 0.6445315857612026, 99.35417289795795], [166.72621330250988, 945.7849774165079, 48.71309123372894, 294.35196314133094], [8.18589034457025, 220.4297768750701, 0.4350350490477758, 171.373851768808], [17.742691766145967, 190.36005995057494, 67.82367685847377, 253.86318934923517], [71.1357118970446, 1.4211635805201805, 8.57892548044168, 30.53229327683071]], "pvals": [[1.9654623328682987e-80, 7.624081405778926e-88, 0.1376005020844338, 0.001160593222812938], [0.01488228583197245, 4.163853980582812e-52, 0.422074592276922, 2.111524851187939e-23], [3.8391406126165434e-38, 1.0939248657218053e-207, 2.9628213132456492e-12, 5.601790059903726e-66], [0.0042217453302079285, 7.288509138995114e-50, 0.5095286122833269, 3.707750080608127e-39], [2.528871061500118e-05, 2.6530052895415007e-43, 1.7878960541271227e-16, 3.734692379750431e-57], [3.3347900969859183e-17, 0.23321197836621044, 0.003400759970504352, 3.2835506412485185e-08]], "expected": [[1440.0911933733587, 2011.7856872250939, 492.51714771888146, 29202.605971682668], [779.9353517192667, 1089.557928532443, 266.74111792467977, 15815.76560182361], [3825.4282338587986, 5344.065572928372, 1308.3122868976145, 77573.19390631521], [46.48678845474684, 64.94134266542524, 15.898674029601567, 942.6731948502263], [517.5673933284104, 723.0338459562719, 177.01019038751727, 10495.388570327801], [156.49103926541883, 218.61562269239414, 53.520583041705464, 3173.3727550004814]]}