{"values": [[2027, 6797, 1484, 224559], [264, 510, 197, 12884], [203, 633, 216, 18187], [45, 142, 42, 6600], [39, 61, 16, 1736], [23, 870, 14, 5354], [314, 1299, 183, 26656]], "stats": [[54.89654400312668, 521.1085301000678, 48.67102827810935, 616.6058874559899], [145.7744721646891, 6.045709915056269, 111.67994736834409, 131.72690724691583], [2.9914927159618623, 0.023567813015758554, 54.969056093071266, 12.086998380774576], [5.486193286714495, 32.73435155618023, 0.48186641346585757, 37.06128483020428], [26.225596891132252, 0.0, 0.5766840217542752, 6.676079700399414], [21.673306598067008, 2231.591784575378, 19.66137815731143, 1238.2587781346529], [9.261630587169126, 153.24175707787737, 0.9748558054997944, 125.39834766302796]], "pvals": [[1.2704420879312452e-13, 2.428661445915085e-115, 3.027052018289681e-12, 4.0923004808369454e-136], [1.4542702269058006e-33, 0.013940126768817403, 4.199085447022909e-26, 1.7168476658834786e-30], [0.08370297777271746, 0.8779897023793132, 1.2244245554020049e-13, 0.0005077465045749701], [0.019167232320223816, 1.0565344412315409e-08, 0.48757812213992036, 1.144741525165624e-09], [3.0376924671687897e-07, 1.0, 0.4476150216848168, 0.009771530229548568], [3.2325836807446473e-06, 0.0, 9.245115783881147e-06, 2.9560179915382306e-271], [0.002340045874282111, 3.391856858603892e-35, 0.3234721334569826, 4.163821420340735e-29]], "expected": [[2198.896131425543, 7778.736503348268, 1623.3360119477766, 223266.0313532784], [129.71471471471472, 458.8741468741469, 95.76194376194377, 13170.649194649195], [180.1213566507684, 637.1908850026497, 132.97466878643348, 18288.713089560148], [63.93517046458223, 226.1747779865427, 47.20016701193172, 6491.689884536943], [17.3389860448684, 61.337778420131364, 12.800513882866824, 1760.5227216521334], [58.61738208797032, 207.36275955099484, 43.27430746254276, 5951.745550898492], [266.3762586115527, 942.3231488172664, 196.6523871465048, 27046.648205424677]]}