{"values": [[2027, 6797, 1484, 224559], [264, 510, 197, 12884], [203, 633, 216, 18187], [39, 61, 16, 1736], [314, 1299, 183, 26656]], "stats": [[97.35200582727727, 183.2762206074401, 79.08684718331347, 362.4376329601696], [137.92332169772283, 15.048470944996753, 106.60880577419539, 158.81594257577785], [2.0904086631040073, 1.9573333845827827, 51.344919770886165, 21.543302824127235], [24.917298667316157, 0.136420499779288, 0.4809936566938971, 8.750377826843312], [7.2218237618346475, 217.64142453892094, 1.5050639603425946, 163.0478758233384]], "pvals": [[5.803583194867126e-23, 9.335191521650773e-42, 5.943873315757367e-19, 8.294711770152884e-81], [7.574583545425576e-32, 0.00010478511135668515, 5.423169133813692e-25, 2.0528463865579008e-36], [0.14822641517494953, 0.16179879552027998, 7.748225458590334e-13, 3.459285993901709e-06], [5.984303244417716e-07, 0.7118657745567487, 0.48797257541025474, 0.003095379170892201], [0.007202249584579342, 2.957068504371667e-49, 0.21989382995854367, 2.4420928171458438e-37]], "expected": [[2241.8532144234155, 7323.229678306204, 1650.4827317989036, 223651.43437547146], [132.24878882872613, 432.00341977771444, 97.36335138216016, 13193.3844400114], [183.64016227180528, 599.8782961460446, 135.19837728194727, 18320.283164300203], [17.67771612492247, 57.745964159388464, 13.0145742879654, 1763.5617454277237], [271.5801183511307, 887.1426416106483, 199.94096524902352, 27093.3362747892]]}