{"values": [[13379, 17033, 4598, 203356], [1446, 1275, 578, 11061], [1292, 1370, 575, 16421], [315, 421, 133, 6049], [251, 174, 82, 1425], [319, 1599, 45, 4357], [2154, 2863, 624, 23335]], "stats": [[326.99599497064054, 598.78545582904, 131.16450711436966, 1169.3284889786344], [426.3393695568284, 23.503130440202128, 271.73348285339836, 550.6577128377859], [9.890425443149264, 20.66236587282697, 69.73351517003233, 3.9306966273062276], [27.665243739904074, 29.10007804461975, 0.9544638576141428, 60.726533130995705], [163.43389787799683, 3.668032534011245, 42.66158033076221, 152.35961267359323], [11.262857272439462, 2734.7293675231704, 59.51592172686571, 1094.628520764804], [106.85642893549169, 188.70285150902598, 0.48068464128353333, 291.87707390754144]], "pvals": [[4.3358335825721325e-73, 3.075902010481074e-132, 2.2791392188119083e-30, 2.825830016385153e-256], [1.0177281334014685e-94, 1.2471068712839449e-06, 4.754541200064231e-61, 9.055470341629111e-122], [0.00166140953067528, 5.478222831787569e-06, 6.788281762390514e-17, 0.047412300280698816], [1.44230979437391e-07, 6.873421552690412e-08, 0.3285856575487816, 6.558024112019329e-15], [2.0110883594246682e-37, 0.05546562153855315, 6.507801231463382e-11, 5.28725765638697e-35], [0.0007907340265568812, 0.0, 1.2130869622857239e-14, 4.85677162050888e-240], [4.786165369281855e-25, 6.1020465270625554e-43, 0.4881123658294063, 1.938935541620338e-65]], "expected": [[14425.612409566234, 18626.93270780021, 4996.551385334724, 200316.90349729883], [869.0492528354342, 1122.1514548384039, 301.00969892269296, 12067.78959340347], [1189.6775913815436, 1536.159700502322, 412.0646700154804, 16520.098038100656], [418.6687138659843, 540.6019334660222, 145.0128897734812, 5813.716462894512], [116.92222538148043, 150.97469434176855, 40.49796227845702, 1623.605117998294], [382.478501247907, 493.8716709316652, 132.47780621110164, 5311.172021609326], [1753.5913057214166, 2264.3078381196096, 607.3855874640634, 24350.715268694912]]}