{"values": [[13379, 17033, 4598, 203356], [1446, 1275, 578, 11061], [1292, 1370, 575, 16421], [251, 174, 82, 1425], [2154, 2863, 624, 23335]], "stats": [[473.85295401469057, 189.66815619402067, 213.32073819949338, 904.8113842999123], [412.06700585428274, 41.7849031088193, 259.1319302317911, 596.9682419947623], [7.85376607127286, 8.133279693317112, 63.52066529633998, 8.652786896623246], [159.52369183027747, 6.2374487853609395, 40.740332020326235, 161.4767686384443], [98.09283769207273, 263.98360540190026, 0.0799927466927137, 338.2578156082444]], "pvals": [[4.648843783245702e-105, 3.756346973125339e-43, 2.5906052091499768e-48, 8.828495228020131e-199], [1.300753818811282e-91, 1.0188709027146721e-10, 2.6529912313343897e-58, 7.642461935058773e-132], [0.005071495320059086, 0.004346006228389161, 1.5869327501697793e-15, 0.00326561481511739], [1.4378609028930695e-36, 0.012507652353813953, 1.7386148194281633e-10, 5.382712111144231e-37], [3.992202008456246e-23, 2.3238610323362625e-59, 0.7773072404835946, 1.5285870989895474e-75]], "expected": [[14556.978265170199, 17852.378862614245, 5074.744015668069, 200881.8988565475], [876.9631905886076, 1075.4896271579864, 305.7202959524155, 12101.82688630099], [1200.511309233346, 1472.282387929784, 418.51320179892645, 16566.693101037945], [117.98696965300766, 144.69679384883216, 41.13172783983752, 1628.1845086583228], [1769.5602653548397, 2170.1523284491514, 616.8907587407515, 24419.396647455258]]}