{"values": [[10223, 15523, 844, 1750, 2182, 536, 130, 203356], [974, 1075, 123, 180, 321, 49, 28, 11061], [922, 1200, 72, 196, 281, 81, 17, 16421], [182, 136, 23, 25, 42, 11, 4, 1425], [1679, 2655, 126, 218, 324, 57, 25, 23335]], "stats": [[277.5253721429875, 149.12772725172903, 41.937632482181, 33.76437365569301, 170.64969500555762, 14.104231265147057, 26.671927976215542, 698.3277530120091], [179.45599929517863, 16.901032313431713, 86.82884648346769, 46.658830295743506, 220.7165492361144, 6.458048955664925, 36.09581460285199, 391.31975006213366], [0.5322311718485678, 13.781347992399132, 0.23002537238195148, 12.959603725643754, 31.987548046526577, 24.9768600610799, 0.9158576931150886, 1.0713129541953896], [109.26480143862683, 0.5068728546401097, 31.36425015778668, 6.626384171268647, 25.075882072910943, 7.828395579644386, 3.970332618671623, 115.3717062924379], [103.15788938810664, 287.5950493454714, 1.4414935194459504, 0.282040064870581, 1.950644413794353, 2.4891125851273928, 1.4395543811843041, 356.022279087651]], "pvals": [[2.5993743556538044e-62, 2.689189378517855e-34, 9.42315052322048e-11, 6.220771007122825e-09, 5.336643163858622e-39, 0.0001729542863781277, 2.410989816975798e-07, 6.907897237932822e-154], [6.370869551283574e-41, 3.938016017286987e-05, 1.1833093767503698e-20, 8.448542172728769e-12, 6.310838424202311e-50, 0.011045085363298424, 1.878498819653675e-09, 4.2713710944072395e-87], [0.4656703360966986, 0.00020536502375245857, 0.6315050158919251, 0.0003182845433487138, 1.551639947417775e-08, 5.80225226392753e-07, 0.33856496256894186, 0.3006490687944694], [1.419914331130489e-25, 0.4764957158655, 2.1388308511338128e-08, 0.01004790281694282, 5.511794119689274e-07, 0.005143173292665566, 0.04630862408751668, 6.524641789476703e-27], [3.0947476122745573e-24, 1.6618074389642302e-64, 0.22989780938941506, 0.5953671930243427, 0.16251742592745466, 0.11463634585048153, 0.23021146485786342, 2.0688759436583698e-79]], "expected": [[11010.050367345842, 16215.0162384323, 935.6180140491317, 1865.7231273420816, 2480.8053402817886, 578.0670221482009, 160.66167918015393, 201298.05821122052], [648.3210213154607, 954.8126972721045, 55.09337434354559, 109.86212442749117, 146.08091682000725, 34.03917236377312, 9.460478422629041, 11853.330215034988], [900.8240097779808, 1326.685660752421, 76.55070984379407, 152.65036331645467, 202.97536701006004, 47.29648234456637, 13.145071387318174, 16469.872335567405], [86.74949296871851, 127.76003653311486, 7.371845325238741, 14.700253851423046, 19.546559574496662, 4.554658643708112, 1.2658724295864505, 1586.0512806737136], [1334.0551085919976, 1964.72536701006, 113.36605643828993, 226.06413106254954, 300.59181631364754, 70.04266449975152, 19.46689858031241, 24390.687957503393]]}