{"values": [[13379, 17033, 4598, 203356], [1446, 1275, 578, 11061], [1292, 1370, 575, 16421], [2154, 2863, 624, 23335], [9, 40, 5, 1012], [12, 13, 1, 179]], "stats": [[367.71132745991554, 166.29084256745406, 174.89592116642808, 738.2040001078578], [429.3819824043108, 43.352030670196605, 267.3083921908306, 618.1757731661661], [10.223862502106432, 7.4306795362614455, 67.48386067096865, 11.399454372794985], [108.6579191375471, 270.074816235801, 0.2907034585153049, 359.91220478704304], [50.02224832624676, 20.81790320692891, 13.14502783183313, 89.59495240705607], [0.0, 0.23020628198867124, 1.883953836952386, 1.1278794372876233]], "pvals": [[5.895398712735224e-82, 4.778974636228702e-38, 6.308627123739625e-40, 1.4733422684486623e-162], [2.215132664073478e-95, 4.5726145588033874e-11, 4.3807063715528703e-60, 1.8643213868634945e-136], [0.0013863521581972084, 0.006412112368756516, 2.1241883782774722e-16, 0.0007346568041938349], [1.9285600388627414e-25, 1.0929577867820918e-60, 0.5897700898399012, 2.9423959988697993e-80], [1.520125793944435e-12, 5.050860055768969e-06, 0.0002882832336471158, 2.922689037707102e-21], [1.0, 0.6313709156865043, 0.16988544803065264, 0.288228111102091]], "expected": [[14407.614791610906, 17796.06651004028, 5025.967088632691, 201136.35160971613], [867.9650134982867, 1072.0971744467686, 302.7818035825808, 12117.156008472364], [1188.1933311524597, 1467.6383186124356, 414.4905776341485, 16587.677772600957], [1751.4034979893006, 2163.306944761112, 610.9613886217869, 24450.328168627802], [64.43250030565275, 79.58604372982279, 22.476699346729184, 899.5047566177952], [12.39086544339476, 15.305008409581305, 4.3224421820633045, 172.98168396496064]]}