{"values": [[10223, 15523, 844, 1750, 2182, 536, 130, 203356], [974, 1075, 123, 180, 321, 49, 28, 11061], [922, 1200, 72, 196, 281, 81, 17, 16421], [1679, 2655, 126, 218, 324, 57, 25, 23335], [8, 38, 0, 2, 1, 2, 0, 1012], [9, 11, 2, 0, 1, 0, 0, 179]], "stats": [[209.65310643387969, 134.92169651362542, 30.158835627317163, 26.19714749481729, 144.04055608088728, 10.529105928562892, 22.440414619073042, 570.0707178662631], [188.3693532027583, 17.557969428909768, 90.50708045254714, 48.18499654514409, 227.15346064100447, 6.846911840221307, 37.43352732941887, 405.8315783434164], [1.0984676636425192, 13.16016586245257, 0.1152962438212399, 13.794769753876666, 34.18411953315855, 25.98801457249629, 1.066161372298245, 1.9791782719365678], [112.26717433967015, 292.0047459075178, 1.9275712322248981, 0.16763355106749164, 2.568327944705419, 2.2338359853990695, 1.6731328407252684, 375.476866932767], [35.6483138964397, 17.82713793656821, "null", 4.1829347200685145, 8.443015418507638, 0.0033461930273615582, "null", 75.27225070526484], [0.0, 0.45677005199465764, 0.6329679727683958, "null", 0.1801350257973964, "null", "null", 1.003828064339553]], "pvals": [[1.6351155169260905e-47, 3.434501653836946e-31, 3.9806948179185244e-08, 3.082775699494636e-07, 3.481159048063925e-33, 0.0011750904721734945, 2.1676454566051393e-06, 5.419180909787008e-126], [7.215623915985307e-43, 2.7868034016550422e-05, 1.8431613559296743e-21, 3.878446220815689e-12, 2.4896702605024445e-51, 0.008879462490778927, 9.458216362860993e-10, 2.9613926443725154e-90], [0.29460263415446686, 0.0002859635712276483, 0.7341931732708524, 0.00020390308216186636, 5.013642812073804e-09, 3.435435410961532e-07, 0.30181411339726294, 0.159477000882137], [3.122631148191705e-26, 1.8186345002028462e-65, 0.16502440939843305, 0.6822235664065375, 0.1090229121081044, 0.13501826988882093, 0.19583944120717, 1.201527533560595e-83], [2.3635236505670617e-09, 2.4190829958208276e-05, 2, 0.040832935762708224, 0.003664481168922547, 0.9538710674458969, 2, 4.1008278021886275e-18], [1.0, 0.4991373750561603, 0.4262687274920278, 2, 0.6712572271879826, 2, 2, 0.3163859979040438]], "expected": [[10901.444206319033, 16178.169317260428, 920.8820404469282, 1851.2333049601486, 2454.1072371807595, 572.098954005161, 157.820401104872, 201508.24453872268], [641.9258046825848, 952.6429857113538, 54.22565429349088, 109.00889886249323, 144.5088130700571, 33.687745812151576, 9.293171258524572, 11865.706926309344], [891.9380343102456, 1323.6709069438043, 75.34503699167982, 151.4648301477985, 200.79097261707304, 46.808184934848214, 12.912602740647783, 16487.069431313903], [1320.8956225671116, 1960.260734988847, 111.58054227548456, 224.30844231215661, 297.3568864410942, 69.31953140507824, 19.12262935312503, 24416.155610657104], [49.40751070723247, 73.32267712773653, "null", 8.390157084268358, 11.122501505573144, 2.5928661066046716, "null", 913.2753937199936], [9.388821413792058, 13.933377967829518, 0.793105652543998, "null", 2.113589185442874, "null", "null", 173.54809927698844]]}