{"values": [[2027, 6797, 1484, 224559], [264, 510, 197, 12884], [203, 633, 216, 18187], [314, 1299, 183, 26656], [3, 6, 1, 193], [1, 11, 2, 1049]], "stats": [[78.79425951026802, 171.0996303930586, 73.39208079151885, 326.97092176261026], [142.28685909785105, 15.56036100743013, 107.96526757940343, 162.60592267948206], [2.559526510820921, 2.168071222855005, 52.30923830237029, 23.008314779996567], [8.309597394291288, 220.88970007486301, 1.3596608991594885, 168.40277924832085], [0.1786751072649639, 0.0, 0.0, 0.0], [7.361185597866066, 14.55698378477564, 3.31349117829753, 27.072379137006347]], "pvals": [[6.8927064780201e-19, 4.255990634916895e-39, 1.0629169910465686e-17, 4.3906996861128474e-73], [8.417020779627307e-33, 7.99125002329927e-05, 2.735298106178767e-25, 3.050095502456631e-37], [0.10963141368750211, 0.14090286165466817, 4.741386851033669e-13, 1.6130225092651817e-06], [0.003943613190651298, 5.78520907596482e-50, 0.24359625936216017, 1.652056351252333e-38], [0.6725143133225596, 1.0, 1.0, 1.0], [0.0066646831583296665, 0.00013598368118594386, 0.06871336951401504, 1.9597820452299002e-07]], "expected": [[2218.651648251976, 7302.930176465253, 1643.4748873786864, 223701.94328790408], [130.8801091108207, 430.8059352524028, 96.94995280150766, 13196.36400283527], [181.73961885117862, 598.2154737149749, 134.62433359424077, 18324.420573839605], [268.769459720034, 884.6835416673665, 199.09202866174638, 27099.454969950853], [1.9176226740885316, 6.312060978436504, 1.420486497200004, 193.34982985027497], [10.041541391902015, 33.05281192156652, 7.43831106661874, 1012.4673356199128]]}