{"values": [[10223, 15523, 844, 1750, 2182, 536, 130, 203356], [974, 1075, 123, 180, 321, 49, 28, 11061], [922, 1200, 72, 196, 281, 81, 17, 16421], [233, 388, 15, 50, 65, 16, 2, 6049], [182, 136, 23, 25, 42, 11, 4, 1425], [269, 1564, 25, 14, 21, 6, 4, 4357], [1679, 2655, 126, 218, 324, 57, 25, 23335]], "stats": [[192.7146310243316, 567.0813383531791, 29.62679055513235, 16.163648438589988, 112.91723527449192, 8.199471490500098, 20.06377511296066, 1005.4789546348891], [185.96398244010163, 6.027060245281318, 88.91612373024711, 49.771449796579596, 229.79468923725153, 6.948992908105959, 37.06342951170101, 350.083206283074], [0.951483711982432, 30.086701617549597, 0.15368455485360047, 14.691415554230012, 35.16191928371606, 26.210390779546024, 1.0296232524162081, 0.00057793308488969], [23.880722868047297, 24.978887810516017, 4.980245691629067, 0.15765437982314565, 0.43518496139850776, 0.0003909349395846545, 0.9847659495414053, 56.04860323676546], [111.5892492028488, 0.018487219344215933, 31.969055296095686, 7.06370566319322, 26.19721792259904, 8.095138743940254, 4.0887842724592, 106.80937776262928], [1.7937683569073104, 2984.904308494785, 0.0, 24.976368633616847, 30.16857291600496, 5.113236476233527, 0.0, 1316.2341474605018], [109.69333999907185, 203.18929670646108, 1.7272089384811082, 0.0760497059247993, 2.8831122927218655, 2.1509373414923525, 1.6137466797546047, 301.3270214891869]], "pvals": [[8.124698424281563e-44, 2.422182548322049e-125, 5.237601185337467e-08, 5.809841782638652e-05, 2.2497246571537005e-26, 0.004190259403553289, 7.4902059564869456e-06, 1.1570226900309466e-220], [2.4174369923122435e-42, 0.014088177515626094, 4.119123436354547e-21, 1.7273935027645087e-12, 6.608722608807137e-52, 0.00838664327976059, 1.1434831278842955e-09, 4.0646229483819703e-78], [0.32934191855020384, 4.131547063932631e-08, 0.6950388427184577, 0.00012662175102853124, 3.0339871232201345e-09, 3.061706473246366e-07, 0.31024717126228907, 0.980820511996131], [1.0249297575029832e-06, 5.796153101059589e-07, 0.02563834183864972, 0.6913253179594019, 0.5094556724090881, 0.9842251946558179, 0.32102499571395593, 7.07014176938666e-14], [4.3956485677718086e-26, 0.891846804113957, 1.5664817122891828e-08, 0.007866112246182807, 3.082663269850729e-07, 0.004438414069213271, 0.04316868176402176, 4.9011574689673135e-25], [0.18046769958590458, 0.0, 1.0, 5.803731371675876e-07, 3.9607586779540806e-08, 0.02374398695599649, 1.0, 3.3522051531732995e-288], [1.143855196924496e-25, 4.206130757693416e-46, 0.18876773471811925, 0.782723873323243, 0.08951285877758201, 0.1424828788093364, 0.20396593312527384, 1.6930125406521674e-67]], "expected": [[10925.620663257101, 17005.552780726302, 926.4371063720287, 1835.522377689858, 2441.327749364727, 570.3472739554184, 158.42979832094954, 200680.76225031362], [643.3494226253658, 1001.3630255074142, 54.55276142687124, 108.08376917880922, 143.7562996558268, 33.584599054327896, 9.32905529286886, 11816.981067258515], [893.916111808035, 1391.3660458683134, 75.79954324680756, 150.17938820804787, 199.74537617806942, 46.6648653864711, 12.962462607353084, 16419.3662066969], [317.5987519701502, 494.337347614912, 26.930760075911095, 53.35711666505838, 70.96737752902956, 16.57952330406253, 4.605423140017369, 5833.623699700859], [86.08426131429123, 133.9887677313519, 7.299507864517997, 14.462298562192416, 19.235510952426903, 4.493833831901959, 1.248287175528322, 1581.1875325677893], [291.60577696291296, 453.8797002155103, 24.7266878960404, 48.99025378751327, 65.15925246871883, 15.222618932741485, 4.228505259094857, 5356.187204477468], [1323.8250120621442, 2060.512332336196, 112.25363311782303, 222.4047959085207, 295.8084338512014, 69.10728553507671, 19.196468204187976, 24315.89203898485]]}