{"values": [[149, 1043, 0, 60, 6, 1, 0, 23934], [21, 152, 0, 13, 0, 0, 0, 2325], [53, 949, 0, 16, 3, 2, 0, 11641], [407, 11269, 0, 220, 29, 29, 0, 92496], [32, 225, 0, 12, 2, 0, 0, 6119]], "stats": [[15.947526343262599, 876.342097008172, "null", 0.8141886951903669, 0.0048711835840682775, 3.304782042429453, "null", 766.914461797668], [8.396600102818688, 27.007561331657104, "null", 9.826137671663846, "null", "null", "null", 15.260100193101962], [0.07471474428048042, 39.00407352608158, "null", 4.387083220656084, 0.0, 0.013207323039496262, "null", 42.12235291504959], [17.60825218359711, 1288.200109563164, "null", 0.022373612973599116, 0.0884435849310284, 5.98488304611828, "null", 1148.5441930246052], [0.4655538865373931, 245.09709099925507, "null", 0.08754506557911337, 0.0, "null", "null", 227.40962186617048]], "pvals": [[6.51228252559888e-05, 1.3640822527088648e-192, 2, 0.36688475234564744, 0.9443577303356038, 0.06907850878416272, 2, 8.4264125640041e-169], [0.0037592345543091188, 2.0266113344003975e-07, 2, 0.0017204924919925618, 2, 2, 2, 9.367448107170451e-05], [0.784591885976184, 4.2292215291463834e-10, 2, 0.03621221363376471, 1.0, 0.9085060610214781, 2, 8.573754246655773e-11], [2.714080680271836e-05, 4.144883509695988e-282, 2, 0.8810974743232267, 0.7661652186160015, 0.014428999333181146, 2, 9.295789345240524e-252], [0.4950397312183533, 3.0434046455459676e-55, 2, 0.7673216075980162, 1.0, 2, 2, 2.1891448408503196e-51]], "expected": [[110.29684937304904, 2272.2483863287657, "null", 53.482309137082694, 6.664462197767314, 5.331569758213851, "null", 22744.97642320512], [10.993346912861753, 226.47623141632718, "null", 5.3306108142426325, "null", "null", "null", 2267.004159832813], [55.44394476482726, 1142.2122639013808, "null", 26.884450558171526, 3.3500872969684146, 2.6800698375747314, "null", 11433.429183641078], [457.2899582032697, 9420.725755251045, "null", 221.73727580551292, 27.630813184487593, 22.104650547590076, "null", 94300.5115470081], [27.975900745992277, 576.3373631024814, "null", 13.565353684990212, 1.6903867520237024, "null", "null", 5769.078686312893]]}