{"values": [[184, 495, 43, 16, 32, 10, 7, 1724], [1470, 2995, 175, 132, 143, 122, 23, 20133], [567, 2731, 269, 51, 62, 40, 17, 8927], [3285, 28661, 2514, 281, 367, 366, 208, 68768], [303, 709, 47, 49, 40, 9, 7, 5226]], "stats": [[83.04100310453586, 20.536448107629557, 1.0382174295212814, 5.238368469501645, 41.335904001154155, 0.01947840181109944, 1.0814077816472134, 0.4555666500366364], [324.46438619341205, 2278.718017123735, 266.3303244299495, 25.68870133639307, 13.91726050268249, 12.18251849269436, 11.182666849800036, 1602.101723116095], [14.924661202806407, 29.766769573353795, 0.7629614660670018, 0.9487532851169006, 1.16255939091177, 0.6747862217034402, 0.9835794467065442, 9.249224497383555], [443.1867610505637, 2857.0363702557293, 260.97717621151855, 62.53982399753793, 43.685968720503, 1.1067979517282607, 12.58705866242864, 1895.278334436473], [14.377877922710738, 573.1874142109323, 54.69100100193584, 32.03743038061137, 5.814711674574048, 8.404546695969472, 1.205338374039192, 488.56268098651714]], "pvals": [[8.036889548862019e-20, 5.850652711552674e-06, 0.30823641331430335, 0.022093984874669192, 1.2819254262244018e-10, 0.8890036602293111, 0.2983828390057507, 0.4997032267694598], [1.543412304334306e-72, 0.0, 7.156801803358833e-60, 4.011689190824452e-07, 0.00019103607753312196, 0.0004823946972192093, 0.0008256501355724404, 0.0], [0.0001118907295630029, 4.8727301569681693e-08, 0.38240332552032796, 0.33003684098665875, 0.2809353770385825, 0.41138787246403197, 0.32131669330494206, 0.00235595173076836], [2.1922486706370523e-98, 0.0, 1.0507915474418528e-58, 2.611109614085425e-15, 3.855259533620824e-11, 0.29277906340448506, 0.0003884269497819535, 0.0], [0.0001495489597546472, 1.1375533870243548e-126, 1.4105068579382647e-13, 1.5123043822917787e-08, 0.015892658624867634, 0.0037428371309851044, 0.27225731401894676, 2.927907073523493e-108]], "expected": [[96.46578884715095, 591.0335498121792, 50.615893338976775, 8.784713771758108, 10.694434156922915, 9.083626527696948, 4.350841225331993, 1739.971152319983], [967.8465226707582, 5929.871852018412, 507.8320194698693, 88.13751256547273, 107.29784138405375, 91.13652055446802, 43.6522273953759, 17457.22550394159], [486.516427702238, 2980.823924660071, 255.27665202899317, 44.30490450240728, 53.93640548119147, 45.81244378604307, 21.943071795143116, 8775.386170043914], [4012.6848447172106, 24585.206801227447, 2105.467964657955, 365.4175043648484, 444.85609227025026, 377.85137029786785, 180.98182635839373, 72377.53359610602], [245.48641606264218, 1504.0638722818899, 128.80747050420612, 22.355364795513466, 27.21522670758161, 23.11603883392413, 11.07203322575525, 4427.883577588487]]}