{"values": [[149, 1043, 0, 60, 6, 1, 0, 23934], [21, 152, 0, 13, 0, 0, 0, 2325], [53, 949, 0, 16, 3, 2, 0, 11641], [407, 11269, 0, 220, 29, 29, 0, 92496], [32, 225, 0, 12, 2, 0, 0, 6119], [2, 28, 0, 3, 0, 1, 0, 961]], "stats": [[16.31097179786229, 864.2036362543665, "null", 0.7717861609093766, 0.0026460351266069204, 3.4450058012793527, "null", 755.4578326956542], [8.49437543346595, 26.372933809364056, "null", 9.758201744527424, "null", "null", "null", 14.770350292463942], [0.06058197038865197, 37.08051670417292, "null", 4.434897630165659, 0.0, 0.023997247544847534, "null", 40.15517939383689], [16.303306939083644, 1333.9629915111755, "null", 0.0489782209649761, 0.12800289331922748, 4.823515244639634, "null", 1191.151383117378], [0.493652658845701, 242.40166939697818, "null", 0.09349400040042018, 0.0, "null", "null", 224.78299691801152], [0.7891941861159709, 45.81728040506964, "null", 0.06946178081835874, "null", 0.37712551126795557, "null", 44.17312032473243]], "pvals": [[5.3751825219559055e-05, 5.938758870821905e-190, 2, 0.37966505573857023, 0.9589752095433977, 0.06344319892399913, 2, 2.6102249486694844e-166], [0.0035624604558008185, 2.8145701436039447e-07, 2, 0.001785244504092768, 2, 2, 2, 0.00012142985879257749], [0.8055784658875745, 1.1335065259444455e-09, 2, 0.03521133128309465, 1.0, 0.876891915127235, 2, 2.3456874847287426e-10], [5.396968412215494e-05, 4.706088321607791e-292, 2, 0.824850879688649, 0.7205117608931084, 0.028074035113092966, 2, 5.109240471325506e-261], [0.4823024456943552, 1.177728073982373e-54, 2, 0.7597813810059466, 1.0, 2, 2, 8.187281241971463e-51], [0.37434389717030103, 1.2981334528912927e-11, 2, 0.7921220439578716, 2, 0.5391456430155277, 2, 3.005805212347105e-11]], "expected": [[109.90684809103631, 2262.0285933917203, "null", 53.62924515285507, 6.620894463315441, 5.462237932235238, "null", 22755.35218096884], [10.954475273154932, 225.45761910080617, "null", 5.345256006780418, "null", "null", "null", 2268.0383172473603], [55.24789918726963, 1137.0749853813657, "null", 26.95831225402916, 3.3281866980282913, 2.74575402587334, "null", 11438.644862453433], [455.67301564358127, 9378.35456594154, "null", 222.34647148873543, 27.45018166527598, 22.646399873852683, "null", 94343.52936538702], [27.876980085806455, 573.7451955611913, "null", 13.602622812953753, 1.6793361497473769, "null", "null", 5771.710413066759], [4.340781719151397, 89.33904062337798, "null", 2.1180922846461634, "null", 0.21573162158433146, "null", 898.7248608765924]]}