{"values": [[155, 1044, 67, 23934], [56, 951, 21, 11641], [436, 11298, 278, 92496], [34, 225, 14, 6119], [4, 32, 4, 2503], [2, 19, 2, 1886]], "stats": [[18.334149245857223, 829.2860885169874, 0.17183189567432763, 716.2052955995493], [0.0017844108560494353, 30.970857959620986, 3.715224401297921, 33.0379934301733], [6.941118258849822, 1555.4836623708038, 2.421722448927331, 1427.3542632496797], [0.856811221144503, 234.59099554916696, 0.1669332344502933, 214.93790376664978], [4.267736856493479, 183.9690150405274, 0.5783429964191174, 189.7423046470628], [4.363293170254124, 146.99389944807282, 1.1256342655718998, 155.01390194345265]], "pvals": [[1.8535468403921205e-05, 2.3167526212375887e-182, 0.6784888494793616, 8.949795722136419e-158], [0.9663055520518175, 2.6193193734082838e-08, 0.053918376675994174, 9.03754277449469e-09], [0.008423643485797919, 0.0, 0.11966329033673043, 0.0], [0.35463258990564306, 5.945179877647623e-53, 0.6828518463886057, 1.1497758956084769e-48], [0.03884263075581665, 6.589830458002368e-42, 0.44696254732765306, 3.618933200058161e-43], [0.036721252737322116, 7.871632985533963e-34, 0.28870847736687344, 1.3904512956142788e-35]], "expected": [[112.98973378322815, 2231.6705934565107, 63.48477036437564, 22791.854902395884], [56.80424354363958, 1121.9458233531957, 31.916212529614086, 11458.33372057355], [468.58456738958756, 9255.056761148928, 263.280411953975, 94521.07825950751], [28.659935648507712, 566.0650171973815, 16.102962387662267, 5781.172084766448], [11.402098928997983, 225.20390155396453, 6.406419485579653, 2299.987580031458], [8.55942070603899, 169.057903290019, 4.809223278793377, 1726.5734527251486]]}