{"values": [[1470, 2995, 175, 132, 143, 122, 23, 20133], [567, 2731, 269, 51, 62, 40, 17, 8927], [16, 99, 5, 4, 2, 2, 0, 1781], [163, 169, 14, 12, 18, 9, 1, 2157], [3285, 28661, 2514, 281, 367, 366, 208, 68768], [303, 709, 47, 49, 40, 9, 7, 5226]], "stats": [[345.2383482548723, 2130.229071074042, 254.41226865325729, 27.305827009370773, 17.167255274443917, 13.099386763651417, 9.861878673141625, 1446.9428850660056], [17.690677001811814, 18.013117016746826, 1.5128063489472667, 1.141648960953102, 1.7881352702549544, 0.5596390540914888, 0.6943324729950058, 2.5680809645225913], [45.37360281624385, 347.95330435466957, 28.404560295316273, 0.6756886698014154, 3.7329765202699234, 2.790426506138342, "null", 503.0340505005364], [47.955275989502866, 392.87339047374775, 26.34908693827501, 0.8569887520098393, 4.775668692550131, 0.0, 1.813213421379164, 274.1328962802695], [373.91754545029875, 3497.0343950567126, 316.5161741781255, 54.98476825435487, 29.572548081420685, 0.4431958635776292, 19.53369117042646, 2524.5087725958974], [16.303876388784598, 539.6065355823715, 52.22279184317671, 33.135783025241196, 6.851040815198901, 8.18131946839718, 0.9904570953693285, 449.59955104406754]], "pvals": [[4.613991376127253e-77, 0.0, 2.8350338048409413e-57, 1.736872084034157e-07, 3.4228589916763006e-05, 0.000295392459852769, 0.001687387101278715, 0.0], [2.5989730088182172e-05, 2.193880727725884e-05, 0.2187113613358846, 0.2853041632514454, 0.18115352684121527, 0.45440570971011174, 0.404694643812304, 0.10903993678448562], [1.62814032127917e-11, 1.1826064989011525e-77, 9.843316922294238e-08, 0.4110752802683101, 0.05334824662709037, 0.09482898511746002, 2, 2.0788640927853015e-111], [4.360531346699722e-12, 1.960390032791869e-87, 2.8495358697120936e-07, 0.35458274217391417, 0.028864634405249216, 1.0, 0.17812323006325725, 1.4262227158300872e-61], [2.6256388830704103e-83, 0.0, 8.313171352709203e-71, 1.2146752834183242e-13, 5.386240554378029e-08, 0.505583967843986, 9.884095776695254e-06, 0.0], [5.395346811809204e-05, 2.296306839987209e-119, 4.954770800597851e-13, 8.594246322976281e-09, 0.008858964878411065, 0.004232396322990526, 0.31963068205321366, 8.815855021107658e-100]], "expected": [[954.7576020737974, 5817.375575420016, 497.44779267249544, 87.02046373139883, 103.96395666964851, 90.14596242874586, 42.11198244846522, 17600.176664555434], [479.93689805352955, 2924.2743733227117, 250.05671600859293, 43.7433871589106, 52.26053059438847, 45.314510705260886, 21.168822519245964, 8847.24476163736], [72.34677340367877, 440.81173236521295, 37.694114881585904, 6.593977107261556, 7.877870570490177, 6.830811823779457, "null", 1333.6536836675396], [96.37393649321902, 587.2101809349065, 50.21274706331742, 8.7839097872007, 10.494198460322954, 9.099399930786358, 4.250814566206766, 1776.5748127640402], [3958.4182724013867, 24118.798033287843, 2062.4150337253263, 360.786227791236, 431.03382979973753, 373.74452330736733, 174.5959816910329, 72970.20809799607], [242.16651757438834, 1475.530104669309, 126.173595648682, 22.07203442399232, 26.369613905412375, 22.864791804060097, 10.681362594597418, 4464.1419793795585]]}