{"values": [[1811, 3315, 420, 20133], [915, 3057, 170, 8927], [23, 106, 8, 1781], [196, 193, 40, 2157], [6374, 31749, 1222, 68768], [397, 772, 105, 5226]], "stats": [[42.615343802954136, 2332.8408499555094, 37.731916635853885, 1585.5268940703033], [17.524951871604554, 15.638891150250858, 0.31618336523452417, 1.8221247242476657], [81.68258530040302, 386.461489391666, 10.148395225731957, 558.1341214301968], [8.989444309667334, 423.74673326615897, 1.7095473946109703, 293.58135160535494], [39.68193975230733, 3788.2707252643686, 36.251078125749984, 2726.4907182839424], [0.01807353784303771, 608.3816311028925, 7.265228016099501, 494.178625024922]], "pvals": [[6.663462389591542e-11, 0.0, 8.116564561822271e-10, 0.0], [2.8356177941714204e-05, 7.666158672429444e-05, 0.5739103812890308, 0.17706057303778366], [1.5979534104000924e-19, 4.877802379263303e-86, 0.001444269143642928, 2.140481908405267e-123], [0.0027154356173468047, 3.7319341724387506e-94, 0.19104410426353305, 8.245716983117609e-66], [2.9887659715306675e-10, 0.0, 1.7346402245975158e-09, 0.0], [0.8930563464550877, 2.5162189758522355e-134, 0.007030234292167119, 1.7563000066171784e-109]], "expected": [[1580.4463560637253, 6375.139315237703, 319.6353529914801, 17403.778975707093], [804.3480442149938, 3244.5459601558296, 162.67434200107687, 8857.4316536281], [118.04572261109176, 476.1679663003199, 23.874006271181074, 1299.9123048174072], [159.1586228739746, 642.0074874101289, 32.18883223007, 1752.6450574858266], [6653.950578025529, 26840.431355905363, 1345.7197288822729, 73272.89833718684], [400.05067621068633, 1613.7079149906565, 80.90773762391918, 4405.333671174738]]}