{"values": [[155, 1044, 67, 23934], [21, 152, 13, 2325], [56, 951, 21, 11641], [436, 11298, 278, 92496], [34, 225, 14, 6119]], "stats": [[14.544326904278012, 880.1236872070318, 0.019671164908119845, 769.4637461519279], [6.86391907229335, 27.271433572778317, 5.583221993955639, 15.77586285634424], [0.09774464549944246, 39.16032857764198, 4.329905860027694, 42.31741729469611], [15.73481055576582, 1294.117910635762, 0.43082913560781955, 1153.0742628181547], [0.5210883507519238, 246.36424876133538, 0.2794318606379945, 227.66492834742016]], "pvals": [[0.0001369002427496576, 2.0546875068357553e-193, 0.8884593629014874, 2.3515482882770532e-169], [0.008795343503411152, 1.768043013887814e-07, 0.018133332104751116, 7.130642948387075e-05], [0.7545531204441756, 3.903925461423825e-10, 0.03744831692986429, 7.759840256916613e-11], [7.28707095443485e-05, 2.145282211382471e-283, 0.511582384277256, 9.632539786658961e-253], [0.4703777914618924, 1.6109759493574294e-55, 0.5970738373372217, 1.9257231283710396e-51]], "expected": [[116.9381279746166, 2277.1285034373345, 65.46536224219989, 22740.468006345847], [11.652049180327868, 226.89959016393442, 6.523155737704918, 2265.9252049180327], [58.78925171866737, 1144.79924643046, 32.911931517715495, 11432.499570333157], [484.9591221575886, 9443.577207826547, 271.494209413009, 94307.96946060285], [29.661448968799576, 577.595452141724, 16.605341089370704, 5768.137757800106]]}