{"values": [[149, 1043, 0, 60, 6, 1, 0, 23934], [53, 949, 0, 16, 3, 2, 0, 11641], [407, 11269, 0, 220, 29, 29, 0, 92496], [32, 225, 0, 12, 2, 0, 0, 6119], [4, 32, 0, 4, 0, 0, 0, 2503], [2, 19, 0, 2, 0, 0, 0, 1886]], "stats": [[19.986516396835896, 825.6055743108116, "null", 1.4297469311540771, 0.0011643711623823708, 3.222012995198219, "null", 713.7852410636028], [1.6255442286455463e-08, 30.832045966134974, "null", 3.768944556045307, 0.0, 0.008796003946217304, "null", 32.86986648694234], [8.159125156224697, 1548.9879343407124, "null", 0.4207273881483217, 0.17144700720104453, 6.422565128784714, "null", 1422.223553722058], [0.7876895399084913, 233.34982954624238, "null", 0.028863685031174948, 0.0, "null", "null", 214.70534520030517], [3.705085412259994, 183.47200044166436, "null", 0.0996009945125744, "null", "null", "null", 188.47339232675228], [3.9047773699454162, 146.61772948682878, "null", 0.5183457160174594, "null", "null", "null", 154.04873964370015]], "pvals": [[7.799018164536221e-06, 1.4623681825213767e-181, 2, 0.23180574388693723, 0.9727791609011711, 0.07265423271710666, 2, 3.0064516819228303e-157], [0.9998982722461073, 2.8135311945004566e-08, 2, 0.052212569107822744, 1.0, 0.9252783477464825, 2, 9.85388974984071e-09], [0.004284503369813955, 0.0, 2, 0.5165743147249788, 0.6788289955475635, 0.011267928982337623, 2, 3.1133689714374e-311], [0.3747996734649244, 1.108722994366675e-52, 2, 0.8650941622655668, 1.0, 2, 2, 1.2922471636875486e-48], [0.05424689501137055, 8.460203430354633e-42, 2, 0.7523089825883214, 2, 2, 2, 6.847994775588809e-43], [0.048149006583563796, 9.512576940172764e-34, 2, 0.47154820674843656, 2, 2, 2, 2.2598382233445544e-35]], "expected": [[106.43145564123827, 2226.835571894038, "null", 51.65297847194562, 6.579997257572691, 5.2639978060581525, "null", 22796.235998929147], [53.500891288875536, 1119.3841814180962, "null", 25.964883871262625, 3.307628518632182, 2.6461028149057455, "null", 11459.196312088228], [441.2640631019465, 9232.444547466846, "null", 214.15288379290757, 27.280622139223894, 21.824497711379113, "null", 94513.0333857877], [26.995474994939567, 564.8187712619737, "null", 13.101358807435895, 1.6689629054058466, "null", "null", 5782.080261705921], [10.743269626311632, 224.778424932582, "null", 5.213889741362986, "null", "null", "null", 2301.0688741029976], [8.06484534668852, 168.73850302646443, "null", 3.914005315085309, "null", "null", "null", 1727.3851673860097]]}