{"values": [[266, 555, 65, 1724], [1811, 3315, 420, 20133], [915, 3057, 170, 8927], [6374, 31749, 1222, 68768], [397, 772, 105, 5226], [32, 81, 17, 882]], "stats": [[70.17341540292676, 21.393598777472835, 30.29372025286703, 1.8362508731707972], [34.514411930262746, 2453.0147913065, 31.692215976261203, 1717.1598940129147], [13.998988808523258, 24.119771954315073, 0.06302854628677922, 6.429397461283936], [69.99632770276119, 3229.4256194375794, 56.19334011410901, 2159.042691559319], [0.17863310662499438, 636.2536455332324, 6.027989917815479, 527.6575907246935], [15.964251112645131, 158.59052290440457, 1.032878593164266, 181.4339543924017]], "pvals": [[5.4313491439043214e-17, 3.740178323399366e-06, 3.713261605067357e-08, 0.17539100426247733], [4.2310695173497285e-09, 0.0, 1.806447837391441e-08, 0.0], [0.00018290897422889324, 9.052603457021488e-07, 0.8017716894036437, 0.011224665097460585], [5.941496720304044e-17, 0.0, 6.568364772402853e-14, 0.0], [0.6725505680985402, 2.1813297745179254e-140, 0.014080759117833377, 9.131766032888776e-117], [6.45499844738221e-05, 2.2993780175392155e-36, 0.3094835265855413, 2.3568753196399026e-41]], "expected": [[162.85171005777696, 657.2093156583834, 33.23538217513998, 1756.7035921086997], [1602.2486829784116, 6466.083531337788, 326.9928654695094, 17283.67492021429], [815.4440608218724, 3290.8308606664414, 166.4188542708446, 8796.306224240841], [6745.742118573348, 27223.32212405165, 1376.6961199620341, 72767.23963741297], [405.5693928641955, 1636.728180758426, 82.77010886529115, 4374.932317512087], [63.14403470439474, 254.82598752731187, 12.886669257180714, 681.1433085111127]]}