{"values": [[266, 555, 65, 1724], [1811, 3315, 420, 20133], [915, 3057, 170, 8927], [6374, 31749, 1222, 68768], [397, 772, 105, 5226]], "stats": [[69.26342368723672, 22.571121124028426, 30.49293362983071, 1.4701466411562258], [32.77953660903761, 2493.6491946984947, 32.26475251070787, 1755.9455506099725], [13.239390907025456, 27.16146103821279, 0.07812378389223175, 8.187390813608644], [79.27821343913385, 3095.229523387667, 55.03531450505313, 2036.4960820688998], [0.24006890697307534, 645.2555937160928, 6.137735652870356, 537.1610223261989]], "pvals": [[8.615256594843773e-17, 2.025058578193424e-06, 3.3508481862628117e-08, 0.2253225584579456], [1.0322581148687778e-08, 0.0, 1.345317603167851e-08, 0.0], [0.00027412697137249196, 1.87152412774802e-07, 0.7798562872261514, 0.004218254908982315], [5.395138305847626e-19, 0.0, 1.1838355009078653e-13, 0.0], [0.6241563509557304, 2.4039853587119236e-142, 0.01323266577589873, 7.817161777614426e-119]], "expected": [[163.37287059773934, 660.1180988773554, 33.166550192022875, 1753.3424803328824], [1607.3762237851909, 6494.702168992953, 326.315648421822, 17250.60595880003], [818.0536574106725, 3305.395951811555, 166.0741932795199, 8779.476197498252], [6767.329945951491, 27343.811503420508, 1373.8449198889537, 72628.01363073905], [406.86730225490635, 1643.9722768976285, 82.5986882176815, 4366.561732629783]]}