{"values": [[155, 1044, 67, 23934], [21, 152, 13, 2325], [56, 951, 21, 11641], [436, 11298, 278, 92496], [34, 225, 14, 6119], [2, 29, 4, 961]], "stats": [[14.917940910634437, 868.1041883134006, 0.011729277101394955, 758.0851733605926], [6.956085867679287, 26.64249396852147, 5.51952014738148, 15.283532674149747], [0.08025352089117153, 37.25764557179291, 4.401229628534895, 40.36434700285741], [14.431142162230879, 1339.082450512599, 0.2975431534136866, 1195.131711150736], [0.5532813337689522, 243.69741146288996, 0.2942599627853345, 225.0597543138578], [0.9728340716716242, 44.59113144318117, 0.31713839074560063, 43.2843433898746]], "pvals": [[0.00011229000790441844, 8.428027389059399e-191, 0.9137563050101604, 7.004969554706349e-167], [0.008353458313308406, 2.447999598905269e-07, 0.018805416489966604, 9.251955806981165e-05], [0.7769541407777769, 1.0350838989192163e-09, 0.03591302781852865, 2.1075210834428947e-10], [0.00014537823297624275, 3.632061114971378e-293, 0.5854267580993351, 6.971334105380111e-262], [0.4569800339713569, 6.14511329307197e-55, 0.587503489748441, 7.124883003852163e-51], [0.3239743852680241, 2.4278892979951533e-11, 0.5733324636494348, 4.733560086847193e-11]], "expected": [[116.50424229688198, 2267.0335443536737, 65.69912527253146, 22750.763088076914], [11.608815571725026, 225.89369959809818, 6.546448553941527, 2266.9510362762353], [58.57112085949198, 1139.7241259292337, 33.02945309832147, 11437.675300112953], [483.15973626835483, 9401.711970369592, 272.4636580945126, 94350.66463526755], [29.551393522288475, 575.034857758281, 16.66463526754052, 5770.74911345189], [4.604691481257716, 89.60180199112139, 2.596679713152434, 899.1968268144684]]}