{"values": [[5530, 5309, 1530, 67276], [3745, 6141, 1210, 54594], [30758, 73099, 9393, 495590], [444, 728, 86, 11101], [115, 292, 48, 6651], [9110, 24372, 2194, 142995]], "stats": [[521.9647522163403, 2025.362199748407, 93.86602549941907, 440.42557082939146], [33.022731612587734, 333.02513342916774, 49.13418747683057, 91.25349046673354], [95.29649257358227, 352.13080479312015, 6.594990656898479, 114.69386309106812], [66.6381320261304, 391.4474375189461, 56.11111229952436, 549.8141175110045], [186.91632929297612, 386.87006100948525, 33.458846004690436, 675.44992655786], [6.408403644451993, 945.9775615999865, 123.92480958959851, 417.9144811804393]], "pvals": [[1.5815596102822347e-115, 0.0, 3.376197495209317e-22, 8.746326889143038e-98], [9.108763875866011e-09, 2.1082311349692045e-74, 2.3903754549190326e-12, 1.2639685427231662e-21], [1.6390328643074426e-22, 1.455896962918985e-78, 0.010226609284926656, 9.183467305171165e-27], [3.262143391306042e-16, 4.006543288094916e-87, 6.848892656636199e-14, 1.3817425471566923e-121], [1.4978146047660105e-42, 3.97443797759626e-86, 7.278796281655834e-09, 6.522512513935589e-149], [0.01135814852850906, 9.934002189224972e-208, 8.74971643989822e-29, 6.940436084790001e-93]], "expected": [[4156.746892559258, 9194.738845818225, 1209.4224943322088, 65084.09176729031], [3428.422416626501, 7583.682525981533, 997.5135118674467, 53680.38154552452], [31775.92790590469, 70288.4650497579, 9245.336071934484, 497530.27097240294], [645.0277461879575, 1426.80365867873, 187.67345856553163, 10099.49513656778], [370.86877291137034, 820.363038965212, 107.90578497990677, 5806.862403143511], [9325.006265810223, 20626.946880798394, 2713.1486783204227, 146005.89817507096]]}