{"values": [[4282, 4639, 419, 531, 748, 170, 81, 67276], [2746, 5490, 406, 422, 543, 195, 50, 54594], [22266, 66705, 4259, 3479, 3779, 1681, 454, 495590], [377, 676, 33, 36, 31, 16, 3, 11101], [99, 269, 6, 22, 9, 16, 1, 6651], [7474, 23255, 629, 777, 929, 410, 78, 142995]], "stats": [[504.287950494517, 2083.4544685122914, 8.338024257750991, 20.717988545124953, 129.42640014614906, 7.240970196212945, 12.120100767274112, 549.3890086900076], [14.626514307749988, 369.50730681173343, 0.2598286505275617, 10.417684314601237, 41.96388050377096, 3.421488745083143, 0.30510804111137435, 131.15762314833546], [279.57140321407456, 228.4900971488257, 259.43798967236575, 10.900276011825282, 4.309475430060363, 14.640311774309897, 4.926117172794953, 64.8483943378794], [26.397113692351567, 359.4787729232016, 23.71026024533397, 15.606539687220499, 29.234714882624512, 8.077335004497233, 3.1849888892932388, 480.09023381771516], [123.22572801080696, 360.4115813296045, 31.84054231492461, 7.599977498567367, 28.983902558692428, 0.2812390183517848, 2.503926672272184, 607.52785883295], [37.65114712947912, 1286.6987418976757, 236.37584822920564, 57.81824008742208, 47.46859275954354, 8.996328936075079, 21.866523263794477, 672.2012631011909]], "pvals": [[1.109191915995682e-111, 0.0, 0.0038823795549868837, 5.321374334496244e-06, 5.4707877722220526e-30, 0.007125846449121525, 0.0004988120822730274, 1.709644025246362e-121], [0.00013105762891248049, 2.395901030911788e-82, 0.61023789860016, 0.0012481430145718144, 9.297504431441172e-11, 0.06435295487310647, 0.5806977174432125, 2.2870566285582645e-30], [9.310972715421688e-63, 1.2724239530046963e-51, 2.2752099133745818e-58, 0.0009614993202989396, 0.03790064694840212, 0.00013010168519387056, 0.026453692891280738, 8.088796456517995e-16], [2.779555213570276e-07, 3.656620429656662e-80, 1.119839269882228e-06, 7.798440924558615e-05, 6.4120047739893e-08, 0.0044822313975088745, 0.07431750255514608, 2.0422504349379648e-106], [1.244534460672951e-28, 2.2906748632669557e-80, 1.673626152702128e-08, 0.005836902927213548, 7.298225738763614e-08, 0.595890267914732, 0.11356283265998712, 3.858750320599537e-134], [8.459691318425958e-10, 8.785834364842892e-282, 2.426369701560653e-53, 2.874914815698667e-14, 5.5892298132558705e-12, 0.002705224796959098, 2.922888263369419e-06, 3.3181579864291116e-148]], "expected": [[3107.1590032219565, 8428.973867778088, 479.8726932266323, 439.4105485439277, 503.81627162650074, 207.5666308671525, 55.645877326523596, 64923.55510740922], [2562.434022491774, 6951.266218140746, 395.7448313116928, 362.3762215783529, 415.4907921229681, 171.1775278691745, 45.8904385404901, 53541.619947944804], [23785.51568595214, 64524.374176095174, 3673.458442315453, 3363.71794431076, 3856.7481803099827, 1588.936822753972, 425.9730147817119, 496994.2757334808], [487.98610864974626, 1323.7887579561395, 75.36505469212062, 69.01038648529195, 79.12544598152233, 32.59879278059738, 8.739306585473653, 10196.386146869108], [281.2291816572684, 762.907022327367, 43.433311483530446, 39.7710798998183, 45.6004464619333, 18.786870474795506, 5.036512301723715, 5876.2355753935635], [7019.675998027113, 19042.68995770248, 1084.125666970571, 992.7138191818494, 1138.218863497093, 468.9333552543082, 125.714850464077, 146674.9274889025]]}