{"values": [[668, 1515, 383, 75652], [396, 2175, 320, 61616], [8, 69, 8, 6990], [3581, 27672, 2589, 564862], [947, 10242, 470, 164955], [25, 177, 12, 12061]], "stats": [[91.808712573525, 1277.6459381415668, 15.54636815855419, 789.5216516790596], [0.19758634115225626, 193.67949517468162, 14.539519624422704, 130.17962157277097], [27.528367023641934, 202.6655894836633, 14.24036456005689, 250.22771649003712], [0.09607868456937889, 96.2389499419084, 34.42062334654999, 109.03039235473958], [14.751936193823495, 908.3501543308621, 101.73272761531923, 540.5058384598342], [32.09670064003433, 265.6956752854703, 28.16051994374721, 333.0872240466714]], "pvals": [[9.547319044623658e-22, 8.149015925746412e-280, 8.050615619996264e-05, 1.0239090076376368e-173], [0.6566761762962975, 5.002834428944455e-44, 0.00013724999470585115, 3.7432475893991604e-30], [1.5480721997033584e-07, 5.472167238949963e-46, 0.00016088238125789038, 2.3163038040536977e-56], [0.7565871021015789, 1.0182188385045444e-22, 4.4399370252234055e-09, 1.5981649544574252e-25], [0.000122621541858867, 1.5017815988968818e-199, 6.354183810311069e-24, 1.463485802031487e-119], [1.4668621755524486e-08, 9.84114302177924e-60, 1.1165910460915893e-07, 2.0435966119308446e-74]], "expected": [[469.3615698004999, 3492.0500793157194, 315.5778590196428, 73941.01049186414], [387.0861794359463, 2879.9211750034406, 260.2595432225331, 60979.73310233808], [42.454845513034556, 315.86405061697707, 28.544751240941633, 6688.136352629047], [3592.634039298352, 26729.197252379738, 2415.527455400243, 565966.6412529217], [1059.804959072662, 7884.948895500606, 712.5657520378326, 166956.6803933889], [73.65840687950518, 548.0185471835185, 49.524639078806864, 11603.79840685817]]}