{"values": [[668, 1515, 383, 75652], [396, 2175, 320, 61616], [90, 427, 59, 19236], [3581, 27672, 2589, 564862], [947, 10242, 470, 164955]], "stats": [[86.82985632778626, 1290.2280258730855, 14.003180624953607, 805.2629100263339], [0.060651585367071555, 199.05881550206027, 13.183408602724139, 136.7297917135476], [7.467543739294205, 255.32148519765875, 5.721097331124285, 260.4459148446522], [1.605529351689014, 76.11833360550426, 25.36195786446162, 79.16690577281202], [17.388191370246282, 881.8962139198012, 106.6411650339007, 512.7710775609535]], "pvals": [[1.1827053208550989e-20, 1.5025012981505434e-282, 0.00018250165524170652, 3.8709218601431745e-177], [0.8054690315565229, 3.3513654323351504e-45, 0.00028243855887773476, 1.3816283785313058e-31], [0.006282120327111798, 1.7962041069335276e-57, 0.016762251252567417, 1.37188487647573e-58], [0.20512137782896117, 2.6716529666929784e-18, 4.7519748388534996e-07, 5.707823960604333e-19], [3.0471322451385658e-05, 8.460783788548636e-194, 5.33533514999308e-25, 1.5823797006002612e-113]], "expected": [[473.8842102457203, 3505.425420774, 318.6750382521818, 73920.0153307281], [390.81603659414304, 2890.951924337984, 262.81381130345306, 60962.41822776442], [120.03111781672007, 887.896499992003, 80.71786363563663, 18723.35451855564], [3627.251683895698, 26831.57612210843, 2439.234192918948, 565805.9380010769], [1070.0169514477184, 7915.150032787585, 719.5590938897805, 166909.2739218749]]}