{"values": [[5530, 5309, 1530, 67276], [3745, 6141, 1210, 54594], [30758, 73099, 9393, 495590], [9110, 24372, 2194, 142995], [1260, 1648, 289, 16962], [624, 1232, 264, 18520], [867, 2796, 174, 14689]], "stats": [[512.2444253429145, 2021.6604668686953, 94.17567125441907, 443.4798215287449], [31.33859147146201, 333.55685573729323, 49.40453640881175, 92.96062375298244], [101.14204093920522, 320.8392828660599, 6.808697970267297, 96.84716338372303], [7.580353505438688, 932.0081978526495, 121.83847392628758, 406.226790674886], [42.977079995847994, 229.10741345172744, 0.9078703763773304, 81.70185684708251], [206.69352986781112, 642.1306210894163, 7.842456329381214, 907.8017613241175], [11.42659500241113, 231.5058732730889, 41.823504339009766, 73.40458797818482]], "pvals": [[2.060127298225692e-113, 0.0, 2.8872768973891805e-22, 1.892821405978424e-98], [2.1672849291120896e-08, 1.614774225879913e-74, 2.0826349462820655e-12, 5.334518310651203e-22], [8.561827209958914e-24, 9.507974286403528e-72, 0.009071488698411642, 7.489075647737033e-23], [0.0059007867094937275, 1.0808284144427631e-204, 2.5041780905789857e-28, 2.4292174499794477e-90], [5.5384936566955194e-11, 9.332595375336914e-52, 0.3406801026393161, 1.5824474884428653e-19], [7.232202248371643e-47, 1.1496402242523473e-141, 0.005103321553649219, 1.9761488612959626e-199], [0.0007240024586685189, 2.798602992737239e-52, 9.989531282845529e-11, 1.0562029882109818e-17]], "expected": [[4165.710981272381, 9199.097801689426, 1208.4366807737779, 65071.754536264416], [3435.8158623866248, 7587.277727327245, 996.7004276480567, 53670.20598263807], [31844.45318397736, 70321.78674845364, 9237.800096959092, 497435.9599706099], [9345.115785484559, 20636.725511025823, 2710.937161033733, 145978.2215424559], [1054.3859334731615, 2328.3898874286792, 305.8682283598291, 16470.35595073833], [1079.5439092656407, 2383.945993180611, 313.16633927014595, 16863.3437582836], [968.9743441402742, 2139.7763308945737, 281.09106595536457, 15136.158259009788]]}