{"values": [[668, 1515, 383, 75652], [396, 2175, 320, 61616], [90, 427, 59, 19236], [3581, 27672, 2589, 564862], [73, 335, 70, 19962], [947, 10242, 470, 164955], [96, 1413, 41, 16790]], "stats": [[92.32482718475192, 1286.3405572548784, 15.833230009780708, 796.1814733445713], [0.22777656359621717, 198.80108058679252, 14.797992270853648, 133.74838582924522], [6.87662660883855, 255.27269095511775, 5.276113597137087, 258.57279087825975], [0.0205385474028708, 70.0791055198395, 34.1342818216816, 84.35879845101084], [20.110451182368166, 393.6125387518738, 1.7330594520407474, 397.9441780206413], [14.19566280416235, 872.2929860265207, 99.75255176718242, 518.7532402523561], [1.6691852471357558, 452.36355980767246, 14.492180419664868, 316.86844189235956]], "pvals": [[7.355570824735584e-22, 1.0510471079002405e-281, 6.917689024628021e-05, 3.649892090201592e-175], [0.6331773964094436, 3.814756213006491e-45, 0.00011966283391326248, 6.201750482809964e-31], [0.008733023906077258, 1.8407398058950491e-57, 0.02161995443469874, 3.512504424643662e-58], [0.8860431782155045, 5.697326315331544e-17, 5.143704699009032e-09, 4.1265839245759174e-20], [7.309615293777422e-06, 1.3534193193360913e-87, 0.18802064839958677, 1.5433488451342095e-88], [0.00016474981771851123, 1.035373860129967e-191, 1.726780015174222e-23, 7.9029930965386545e-115], [0.19636769942771162, 2.2066961037525295e-100, 0.00014074256120934109, 6.966790190168887e-71]], "expected": [[468.60241338883003, 3506.2288592974855, 314.9110732259237, 73928.25765408776], [386.46009717038606, 2891.6145264095594, 259.70963973234626, 60969.21573668771], [118.69328049885577, 888.100004607658, 79.76448110092306, 18725.442233792564], [3586.8232287394985, 26837.725881214577, 2410.4236772182035, 565869.0272128277], [122.45561545510861, 916.2509637684499, 82.2928524986305, 19319.00056827781], [1058.0908056745868, 7916.964173923728, 711.0601688450649, 166927.88485155662], [109.87455907273444, 822.1155907785406, 73.83810737890819, 17334.171742769817]]}