{"values": [[599, 1512, 0, 311, 69, 3, 0, 75652], [346, 2164, 0, 259, 50, 11, 0, 61616], [86, 426, 0, 54, 4, 1, 0, 19236], [3182, 27580, 0, 2098, 399, 92, 0, 564862], [64, 332, 0, 58, 9, 3, 0, 19962], [888, 10234, 0, 403, 59, 8, 0, 164955], [92, 1412, 0, 36, 4, 1, 0, 16790]], "stats": [[81.84814044946273, 1280.6404288150043, "null", 11.770040634251439, 10.023563322252022, 4.146908669790385, "null", 819.715975331015], [0.0013155316240137508, 200.76870663119917, "null", 10.660978047165292, 2.8833503804489014, 0.9509696775671675, "null", 141.05172517337962], [3.922567896867168, 254.72555048151423, "null", 1.8391445902596637, 4.836387907181528, 0.35401850996043555, "null", 252.6408055198741], [1.2830751529899453, 67.48377352938583, "null", 20.312870335020538, 8.399901493109356, 12.19850208782366, "null", 76.99325917203336], [19.353575431584034, 395.4637067689503, "null", 1.1992976963304443, 0.7073895865230623, 3.389948867560553e-05, "null", 399.5023403936627], [5.042769134644492, 882.4546483860291, "null", 67.2658608969756, 26.14494347265425, 9.625933089390918, "null", 556.8884949423617], [0.4072335153108138, 454.67137331389887, "null", 9.719796780322802, 4.052821370736958, 0.24675954178223664, "null", 330.1964596720062]], "pvals": [[1.4695512901838007e-19, 1.8211772888897007e-280, 2, 0.0006019166424888494, 0.0015455017928540683, 0.041710606761108715, 2, 2.7894446618201987e-180], [0.9710668649119786, 1.4193335702232017e-45, 2, 0.0010941951900377167, 0.08949962689614492, 0.32947259700873316, 2, 1.5675871264641938e-32], [0.04764205572956794, 2.4225055858481938e-57, 2, 0.17505123959364785, 0.027865202866956602, 0.5518471165726573, 2, 6.898141683235542e-57], [0.2573280446917393, 2.1242822664742194e-16, 2, 6.5756773447567515e-06, 0.0037524134358916986, 0.0004782790391456704, 2, 1.7154245535524652e-18], [1.0861568631227457e-05, 5.351094129334146e-88, 2, 0.27346209135291316, 0.40031177033541754, 0.9953544816324342, 2, 7.067552754296504e-89], [0.024728929986968195, 6.397509578421376e-194, 2, 2.3725437369304485e-16, 3.1672542591032254e-07, 0.0019184895568946177, 2, 3.994655720679233e-123], [0.5233770140127674, 6.942358132973867e-101, 2, 0.0018229367224434157, 0.044097585997300466, 0.6193660829895393, 2, 8.709600144612356e-74]], "expected": [[420.9491352792539, 3496.0318140179234, "null", 257.7582778131859, 47.56396925164101, 9.528808654790035, "null", 73914.1679949832], [347.1513317662682, 2883.132422468189, "null", 212.5699328429936, 39.2253930129662, 7.858285805627909, "null", 60956.06263410395], [106.69438643662096, 886.1093611989482, "null", 65.3317918850072, 12.055633544484088, 2.4151858447703813, "null", 18734.39364109017], [3222.394557146985, 26762.36377497382, "null", 1973.1573291717987, 364.1054530997354, 72.9436850486002, "null", 565818.0352005591], [110.03952774914389, 913.8911511370786, "null", 67.38011029569986, 12.433608423624019, 2.490908084867438, "null", 19321.764694309586], [951.0058990370133, 7898.215246710291, "null", 582.3260393760977, 107.45624957732278, 21.527430470877796, "null", 166986.4691348284], [98.76516258471476, 820.2562294937505, "null", 60.4765186152172, 11.159693090226472, 2.2356960904662464, "null", 17342.106700125623]]}