{"values": [[4282, 4639, 419, 531, 748, 170, 81, 67276], [2746, 5490, 406, 422, 543, 195, 50, 54594], [22266, 66705, 4259, 3479, 3779, 1681, 454, 495590], [7474, 23255, 629, 777, 929, 410, 78, 142995], [973, 1441, 142, 96, 128, 48, 17, 16962]], "stats": [[464.84820165233293, 2116.2713515259225, 10.620612610148948, 19.267082273976754, 120.3169473685524, 7.6845038733128055, 10.904059624927719, 592.524162021908], [9.719473059385924, 383.69408579916126, 0.0220570743990381, 9.513379653638463, 37.66112086205014, 3.111327002074708, 0.17229903695193927, 151.1504735306531], [398.1038654774689, 171.8626687252324, 202.15240700243294, 6.977448536119107, 12.30974247356766, 11.700061836184851, 2.408588165708016, 14.024591509376187], [23.878524338046883, 1230.9282441052442, 252.01749939249652, 61.04295636039569, 54.2690833008109, 9.814599289946615, 23.681438436271222, 590.3460370752413], [40.79270698616699, 264.8847763769463, 2.618443115991292, 2.236272650754699, 0.00786316368814749, 0.37854773708541956, 0.3221515649647024, 102.72212770220948]], "pvals": [[4.2349738620992637e-103, 0.0, 0.0011183399162062475, 1.1364895333876852e-05, 5.391951880860477e-28, 0.005569698952680337, 0.0009595373845925222, 7.077341621123213e-131], [0.0018232578399424897, 1.9530385380934234e-85, 0.8819353681408613, 0.0020397913821153927, 8.416546882792508e-10, 0.0777495905232495, 0.67807661147853, 9.716274859699864e-35], [1.4246288121378655e-88, 2.8997042782832346e-39, 7.081752769278465e-46, 0.00825432070778281, 0.00045060013845630133, 0.0006249802088127758, 0.1206711531642009, 0.00018043536612232932], [1.0261009664112245e-06, 1.1582426987525768e-269, 9.432211838064559e-57, 5.5842954888418335e-15, 1.748309959195437e-13, 0.001731319934821861, 1.1367363223064183e-06, 2.106885850734099e-130], [1.6926360007608976e-10, 1.4783893838429904e-59, 0.10562803214551568, 0.13480559015809454, 0.929340613353646, 0.5383814894090675, 0.5703174932048256, 3.856131680993776e-24]], "expected": [[3147.0734272412687, 8466.187039765931, 488.22540251974317, 442.36306752642827, 510.906411825528, 208.7987033150191, 56.70252326446206, 64825.74342454162], [2595.3509340464107, 6981.955441926077, 402.6332031170804, 364.811125966885, 421.3379394531771, 172.19360215288975, 46.761840840241625, 53460.95591249724], [24091.063344640555, 64809.243564859324, 3737.3990059317575, 3386.3196800116098, 3911.023690750449, 1598.3684220073649, 434.0617120467285, 496245.5205797522], [7109.8504383994605, 19126.76174480531, 1102.996060433715, 999.3841333220937, 1154.2368680234624, 471.71684634090906, 128.10201897436826, 146453.9518897007], [797.6618556723032, 2145.8522086433572, 123.7463279977037, 112.12199317298345, 129.49508994738352, 52.92242618381726, 14.371904874199576, 16430.828193508252]]}