{"values": [[599, 1512, 0, 311, 69, 3, 0, 75652], [346, 2164, 0, 259, 50, 11, 0, 61616], [86, 426, 0, 54, 4, 1, 0, 19236], [3182, 27580, 0, 2098, 399, 92, 0, 564862], [888, 10234, 0, 403, 59, 8, 0, 164955]], "stats": [[77.3158421290535, 1284.4910610810625, "null", 10.467539017813982, 9.0606395086682, 4.219142074929092, "null", 828.2963932965544], [0.05645258857339561, 201.0231021222919, "null", 9.531675382018257, 2.4507968303930596, 0.9122208246041027, "null", 143.84212990205427], [4.326841168552625, 254.77010700396497, "null", 2.069367396879392, 5.03815077312449, 0.3639987977683885, "null", 254.32439339558954], [4.6251371238612675, 73.34681224816443, "null", 14.677249399571641, 5.69607695640662, 12.330850692577949, "null", 72.85582100542116], [6.76763822135371, 892.2063913576826, "null", 72.02859759899425, 28.106047766040145, 9.857228790927593, "null", 551.9681587441585]], "pvals": [[1.4569272604404765e-18, 2.6518388377630133e-281, 2, 0.0012149045439815169, 0.0026117061693571326, 0.03997036565446572, 2, 3.802313595813652e-182], [0.8121932626657764, 1.2490243149631221e-45, 2, 0.002019556766593118, 0.11746522497624155, 0.339525854492689, 2, 3.8468644497952104e-33], [0.037515807044085976, 2.3689275226567612e-57, 2, 0.15028384641571635, 0.024794944751955993, 0.5462937494577691, 2, 2.962883324058084e-57], [0.03150674279683063, 1.0875765673806957e-17, 2, 0.0001275769056948415, 0.017002875669694273, 0.00044553332345037284, 2, 1.3947562290716236e-17], [0.00928255964524314, 4.85361971061089e-196, 2, 2.1210117586090034e-17, 1.1484641273700136e-07, 0.0016916573052434185, 2, 4.6971778667026684e-122]], "expected": [[425.35231054708964, 3495.2102428723406, "null", 260.58144882565284, 48.44730296566538, 9.589397316784025, "null", 73906.81929747247], [350.78257371481254, 2882.454883322894, "null", 214.8981656261104, 39.95386695320644, 7.908252495040863, "null", 60950.002257887936], [107.81042171072357, 885.9011245690432, "null", 66.04735695863775, 12.279524605749932, 2.4305427360778693, "null", 18732.531029419766], [3256.101166397591, 26756.074591398046, "null", 1994.7688972735682, 370.8674333811018, 73.40749541966731, "null", 565761.78041613], [960.9535276297833, 7896.359157837677, "null", 588.7041313160307, 109.45187209427642, 21.66431203242993, "null", 166969.8669990898]]}