{"values": [[5530, 5309, 1530, 67276], [3745, 6141, 1210, 54594], [30758, 73099, 9393, 495590], [9110, 24372, 2194, 142995], [1260, 1648, 289, 16962]], "stats": [[474.54974057027397, 2064.3121972048075, 86.06694771998878, 484.24063498433304], [23.839795663385114, 349.16507225541636, 44.189980326114195, 110.2373039200572], [188.83066157677018, 268.361778065731, 0.9068134555020674, 34.82320129877321], [15.816455071057261, 890.7862830855034, 135.8474335862129, 348.0975590381656], [37.81039695739252, 235.50905114348777, 1.2988555490399314, 90.02908738082806]], "pvals": [[3.2788528935625197e-105, 0.0, 1.7394598993963457e-20, 2.5526973631282274e-107], [1.0469541204174156e-06, 6.441063214041202e-78, 2.980027356653343e-11, 8.693513379693891e-26], [5.722376167344635e-43, 2.58200177202736e-60, 0.3409613188134124, 3.610451357446801e-09], [6.979289187798134e-05, 9.880603496912577e-196, 2.1546603637611067e-31, 1.1000850389753724e-77], [7.796514726821047e-10, 3.749477012996598e-53, 0.25442237658093997, 2.34684235104061e-21]], "expected": [[4212.304169442972, 9240.526550227964, 1221.495501072922, 64970.67377925614], [3474.2452243167663, 7621.44753700138, 1007.4711465312354, 53586.83609215062], [32200.63118241772, 70638.48559031695, 9337.62723175639, 496663.2559955089], [9449.640256871684, 20729.664376367386, 2740.2325654115143, 145751.4628013494], [1066.1791669508555, 2338.875946086327, 309.1735552279369, 16444.77133173488]]}