{"values": [[455, 578, 111, 4216], [3932, 8631, 1002, 54770], [170, 318, 55, 1894], [1773, 4430, 503, 30343], [18, 63, 5, 289], [19, 27, 9, 445]], "stats": [[89.56452738153992, 12.079956355976687, 13.18889296855378, 13.808436734898434], [9.449441929687842, 15.545275572954996, 0.1244223627015224, 24.562674179109855], [8.905549840984737, 1.1704096912682052, 9.856315956523233, 13.271758537231555], [65.87356893785991, 6.49036202024186, 5.2791183560859265, 57.00215569033187], [0.300674982515685, 6.594938033321951, 0.0002947181320573325, 2.824340076621969], [2.696736560992691, 21.604067313219467, 0.17105161493543483, 22.01672580674588]], "pvals": [[2.967983701245381e-21, 0.0005096679061564252, 0.0002816132027870812, 0.00020242520341580381], [0.002112133559232945, 8.055269619943538e-05, 0.724286711115331, 7.193165433686668e-07], [0.0028430525958982396, 0.2793170759839272, 0.0016924968885235802, 0.0002694343474977412], [4.80796314529759e-16, 0.010846088772420808, 0.02158267398668493, 4.353344524343405e-14], [0.5834595765084594, 0.010226911562473795, 0.9863031040229777, 0.09284504718898459], [0.10055387899808493, 3.351403762884854e-06, 0.6791788904254666, 2.7028482168191573e-06]], "expected": [[299.21371957634847, 660.1311636389142, 79.18566318299783, 4321.46945360174], [3814.695807322719, 8416.056542400225, 1009.5433383601038, 55094.704311916954], [136.04176018797784, 300.13799361717054, 36.00288454794136, 1964.8173616469103], [2068.203189661219, 4562.9103510556215, 547.3413498632251, 29870.545109419934], [20.933795679315423, 46.18454969488672, 5.540041733885109, 302.34161289191275], [27.911727572420567, 61.579399593182295, 7.386722311846812, 403.1221505225503]]}