{"values": [[455, 578, 111, 4216], [3932, 8631, 1002, 54770], [170, 318, 55, 1894], [1773, 4430, 503, 30343], [75, 150, 39, 2168], [151, 252, 37, 1002], [217, 315, 32, 2731]], "stats": [[85.89875803437512, 10.26804401651996, 13.109601147504302, 14.92019895178839], [4.6905154286060045, 28.19249986781647, 0.13500311152053054, 30.85422192125165], [8.253594341362474, 1.6219753363654692, 9.817662278660993, 14.014538987088777], [71.25718451761712, 2.744250403072644, 5.220345322426396, 49.24457175470772], [29.757199003630717, 83.5878488428133, 0.1874453947543502, 113.06885575086422], [63.55591688689414, 37.54932033369575, 11.11244597777305, 117.12747441343274], [5.669957015937674, 21.682253706135825, 5.627389971433858, 10.21169570349723]], "pvals": [[1.8938769380817056e-20, 0.001353542265931957, 0.0002937862290186687, 0.00011215568929182322], [0.030329548183562892, 1.0982933048416086e-07, 0.7133000159801921, 2.7815632960003052e-08], [0.00406713888215277, 0.20281657496701452, 0.0017284389588893552, 0.00018140254867539643], [3.1356697346029755e-17, 0.09760483957448511, 0.022324117568935865, 2.259577493032364e-12], [4.896845008137732e-08, 6.09465323695727e-20, 0.6650513527293835, 2.0841019631232652e-26], [1.5587870397204093e-15, 8.91304730802735e-10, 0.0008575032699541709, 2.691974131616971e-27], [0.01725787895287806, 3.217541334086012e-06, 0.017681939952801127, 0.0013955280104006264]], "expected": [[301.64752804320733, 653.532530120482, 79.23090984628168, 4325.589031990029], [3845.72459493145, 8331.930120481928, 1010.1201911092646, 55147.225093477355], [137.14832571665974, 297.1378313253012, 36.023456584960535, 1966.6903863730786], [2085.0259825508933, 4517.299759036145, 547.6541005400913, 29899.02015787287], [136.86693809721646, 296.5281927710843, 35.949547154133775, 1962.6553219775653], [81.15218944744495, 175.81975903614457, 21.315479850436226, 1163.7125716659743], [185.43444121312837, 401.75180722891565, 48.706314914831744, 2659.1074366431244]]}