{"values": [[455, 578, 111, 4216], [3932, 8631, 1002, 54770], [170, 318, 55, 1894], [1773, 4430, 503, 30343], [151, 252, 37, 1002]], "stats": [[84.13883312650614, 13.311350661860853, 12.509688331690285, 11.50246689217811], [3.1144424636687607, 8.48866978768555, 0.6132753091924856, 10.304734536343851], [7.901453082417288, 0.9158834992469402, 9.446389120449753, 11.72029248088425], [77.19019094394292, 9.662185693821245, 6.408904888651051, 72.08841608911072], [62.62068861311133, 34.224011390310444, 10.78340806299891, 111.12677843882817]], "pvals": [[4.61221742548778e-20, 0.00026380426377047754, 0.00040484713418450054, 0.0006950388456177753], [0.07760103229798761, 0.0035736499786775326, 0.4335572568404792, 0.0013268933928262195], [0.004939510144509904, 0.33855815742765216, 0.00211565202229302, 0.0006182223735103882], [1.5526274597909696e-18, 0.0018809969341645658, 0.011354942595720474, 2.0576811617361918e-17], [2.5060706382925717e-15, 4.911913841265902e-09, 0.0010241394466783944, 5.550517998312067e-26]], "expected": [[303.06448095059454, 664.4411680029314, 79.86948518185704, 4312.624865864617], [3863.7894227162087, 8471.005077514985, 1018.2614309519032, 54981.944068816905], [137.79256344712667, 302.0975982132731, 36.31379391570627, 1960.796044423894], [2094.820140809436, 4592.701648011307, 552.0680142728771, 29809.41019690638], [81.53339207663383, 178.75450825750505, 21.487275677656317, 1160.224823988205]]}