{"values": [[329, 481, 66, 28, 52, 23, 8, 4216], [3068, 8046, 398, 386, 429, 150, 37, 54770], [134, 287, 12, 14, 22, 17, 2, 1894], [1427, 4212, 111, 175, 221, 93, 14, 30343], [55, 132, 5, 12, 14, 12, 1, 2168], [102, 213, 27, 7, 18, 8, 4, 1002], [186, 299, 11, 8, 19, 4, 1, 2731]], "stats": [[43.13473140086848, 27.750759174101134, 54.43042308653136, 0.0, 9.446386410071563, 6.330987557934822, 7.391943404942041, 3.105748304871887], [2.6797369712400037, 27.172133543539754, 10.300255731935632, 5.025373425772292, 0.5866370478485704, 7.5430402525659614, 0.01782029231348182, 32.59753842498476], [7.280161120382745, 0.5771592641720552, 0.002162364389318007, 0.056708877125778934, 2.3126024864208112, 17.68986652055003, 0.017809096503266973, 9.662824779986282], [40.6203358558758, 0.03153817403134307, 51.571086763571266, 2.7143956108789684, 1.9350643914989283, 0.02612398591690133, 2.681377306428047, 32.56506140185235], [26.729498254086465, 86.73510041543176, 4.233348878124428, 0.0051803621842497205, 0.09259626286922858, 4.599133264176125, 0.0, 116.61306228256461], [27.05561731101694, 20.315871504590362, 50.85281726856239, 0.0, 8.086967330727493, 4.362232872627087, 9.587066806351926, 82.89588242662171], [11.64697203824727, 18.066595691569546, 2.02505508196883, 4.647684998453364, 0.15969896625588795, 1.8983271246864222, 0.06553182148725611, 7.547984299637288]], "pvals": [[5.109709970952546e-11, 1.3799404037461983e-07, 1.6105014588254915e-13, 1.0, 0.002115655148732564, 0.01186462321552164, 0.006551666253501847, 0.07801637139637278], [0.10163251366506648, 1.8612211513946564e-07, 0.0013301177464899421, 0.024978538792501368, 0.4437225058130819, 0.0060242307776947725, 0.8938037627492088, 1.1335822875965438e-08], [0.006972028222735999, 0.4474279578136976, 0.9629107537691568, 0.8117754140873857, 0.12832903061685627, 2.600080632137767e-05, 0.8938369298873026, 0.001880342692406697], [1.8487259846598407e-10, 0.8590450538845356, 6.905104231534184e-13, 0.0994466303797889, 0.16420543835982676, 0.8715978915216964, 0.10152788406336709, 1.1526838007492418e-08], [2.340215293067042e-07, 1.24075050426845e-20, 0.03963715949237334, 0.9426220158668996, 0.760902132875992, 0.031988124135088204, 1.0, 3.489105880766762e-27], [1.9768493224286801e-07, 6.5653713632388974e-06, 9.955827338892064e-13, 1.0, 0.004458470574458675, 0.03674411373074734, 0.0019595273504347554, 8.649115971985981e-20], [0.0006430712474066893, 2.133111513225452e-05, 0.1547233133297255, 0.031095456298171936, 0.6894338224861962, 0.16826568657822943, 0.7979571391675485, 0.00600772403919844]], "expected": [[232.74406771079458, 600.1907952474178, 27.660585296698844, 27.660585296698844, 34.026910484034296, 13.479047120772295, 2.9416812934584486, 4264.296327550125], [3009.7927833659624, 7761.529399851482, 357.70033079052183, 357.70033079052183, 440.02818470262605, 174.30793897252414, 38.04114629042058, 55144.899885235944], [106.55321339364072, 274.77502869101465, 12.66337001282657, 12.66337001282657, 15.577955174508878, 6.17088030783771, 1.3467393505704448, 1952.2494430567745], [1637.0366907446162, 4221.522649024506, 194.5544454195639, 194.5544454195639, 239.3328495240667, 94.80669006953352, 20.690710862080604, 29993.50151893607], [107.31366873692028, 276.73605954229396, 12.75374670897185, 12.75374670897185, 15.689132856274894, 6.214921015324377, 1.3563508404779585, 1966.1823735907649], [61.77581347465065, 159.30491797745225, 7.341777492742861, 7.341777492742861, 9.031551677580504, 3.577659825828664, 0.7807922095456693, 1131.8457098494566], [145.78376257341523, 375.9411496658341, 17.325744278674136, 17.325744278674136, 21.31341558090866, 8.442862688179302, 1.8425791534462972, 2671.024741780868]]}