{"values": [[470, 3317, 256, 63277], [52, 157, 29, 4970], [21, 127, 13, 2225], [197, 1652, 111, 34649], [12, 69, 8, 1292]], "stats": [[2.4789238415241748, 16.799977887197105, 0.47053629753149534, 20.130400640131747], [8.599444520461418, 34.69961988579945, 4.69555584523758, 13.784680762370035], [1.374111208138675, 1.8764493077780298, 1.5821934635093962, 4.299203369016035], [13.117196572672489, 4.816048626457289, 6.1763895208584705, 15.511960029341104], [0.5870639714548949, 0.18903681469407366, 1.1469393311836864, 1.1214360872117786]], "pvals": [[0.11538117503631336, 4.153378684755713e-05, 0.4927405500323776, 7.233769832642883e-06], [0.0033626555179401096, 3.847066949576274e-09, 0.030240716065967163, 0.00020500102506717198], [0.24110677529360225, 0.17073825642877954, 0.20844502550761984, 0.03813022996340889], [0.00029259754494751915, 0.0281959111587123, 0.012946619315919118, 8.198488340111057e-05], [0.4435567138270824, 0.6637194800930929, 0.2841907724858907, 0.2896094372671467]], "expected": [[448.38659392049885, 3173.289166017147, 248.63990646921278, 63449.68433359314], [34.68801813930419, 245.49153262949054, 19.235244101183305, 4908.585205130022], [15.892014454758025, 112.46981506412527, 8.812460143130448, 2248.825710337986], [243.83518741585772, 1725.6527492382909, 135.21179940480408, 34504.30026394105], [9.198186069581237, 65.09673705094593, 5.100589881669383, 1301.6044869978034]]}