{"values": [[441, 3310, 0, 220, 29, 7, 0, 63277], [47, 157, 0, 24, 5, 0, 0, 4970], [17, 127, 0, 9, 4, 0, 0, 2225], [188, 1648, 0, 98, 9, 4, 0, 34649], [12, 69, 0, 8, 0, 0, 0, 1292]], "stats": [[2.406501773468746, 16.74539492388621, "null", 0.3444761535239367, 0.0200694499249408, 0.0, "null", 19.987390559213587], [6.355950115718061, 34.297650713613514, "null", 3.066806142957249, 2.634104455651241, "null", "null", 14.926705001373444], [0.1809692152010014, 1.9810051729086207, "null", 0.11498364615630115, 6.479103160009966, "null", "null", 3.421607834260677], [10.490785117169295, 4.918912665500463, "null", 4.096850316876699, 3.2027725363274686, 0.0, "null", 14.47711161543409], [0.9741432122400346, 0.2007395534414806, "null", 2.2309856360760487, "null", "null", "null", 1.302616066408819]], "pvals": [[0.12083211655757557, 4.274588702439586e-05, 2, 0.5572568262821151, 0.8873432902015697, 1.0, 2, 7.795453513034849e-06], [0.01169882765184728, 4.729523431535681e-09, 2, 0.07990631802527377, 0.10459102128279761, 2, 2, 0.00011176958326022158], [0.6705416320668693, 0.1592845539438547, 2, 0.7345401342009572, 0.01091500435926237, 2, 2, 0.06434831302148382], [0.0011997138111887614, 0.026564230650569638, 2, 0.04296317978731678, 0.07351354723661564, 1.0, 2, 0.00014187296909462158], [0.32364904293386254, 0.6541245608751265, 2, 0.13526753376194453, 2, 2, 2, 0.2537359213786767]], "expected": [[420.3535792141503, 3166.663630079932, "null", 214.05238998280842, 28.023571947610016, 6.558708328164046, "null", 63448.348120447336], [32.50549421335271, 244.87472307392375, "null", 16.55244315261507, 2.1670329475568475, "null", "null", 4906.393128688655], [14.881431331194726, 112.10678269500026, "null", 7.577920351629655, 0.9920954220796484, "null", "null", 2246.2095776545025], [228.63176364248622, 1722.3592861067295, "null", 116.42383425198943, 15.242117576165748, 3.567304113570707, "null", 34509.77569430906], [8.627731598816085, 64.99557804441451, "null", 4.393412260957411, "null", "null", "null", 1302.2734789004485]]}