{"values": [[107, 1799, 33, 35977], [83, 1788, 95, 49802], [38, 220, 24, 11629], [23, 146, 19, 8997], [3, 28, 4, 887]], "stats": [[7.239766507418986, 232.31942169419486, 17.12490727920472, 205.2998449829219], [18.577678448778734, 3.342006206156433, 4.13072484103705, 5.6732861804503685], [4.49362282704529, 113.7937337211092, 1.4070527346692303, 87.3539374283483], [0.13623711689751633, 112.8873267122566, 1.28116515844077, 94.84625943951596], [0.07846572098944811, 0.6047688946372685, 2.9540704399281785, 0.023391068684489653]], "pvals": [[0.007130625239164983, 1.860056682852135e-52, 3.500028437597237e-05, 1.4566680379892455e-46], [1.631194216375054e-05, 0.0675322222619461, 0.04211130973589687, 0.017225158840294956], [0.03402150668346105, 1.4459373966672128e-26, 0.23554627283493124, 9.073931600060829e-21], [0.7120508597352281, 2.283917841552048e-26, 0.2576825061728486, 2.0576064975700106e-22], [0.7793874859964891, 0.4367642398852579, 0.08566155271505997, 0.8784444955867696]], "expected": [[86.21747148663408, 1351.306118064135, 59.401801221106155, 36419.074609228126], [117.71563624644142, 1844.9840468389107, 81.10329268947736, 49724.19702422517], [27.084510572773986, 424.50171885910726, 18.660587993052946, 11440.753182575067], [20.885839107625646, 327.348525541172, 14.389849778875938, 8822.375785572327], [2.0965425865248606, 32.859590696675085, 1.444468317487601, 885.5993983993125]]}