{"values": [[104, 1799, 0, 30, 3, 0, 0, 35977], [76, 1776, 0, 76, 7, 12, 0, 49802], [37, 220, 0, 23, 1, 0, 0, 11629], [22, 145, 0, 17, 1, 1, 0, 8997], [3, 28, 0, 4, 0, 0, 0, 887]], "stats": [[8.41335980655514, 237.45455466698536, "null", 12.417518895258217, 0.12239563227945542, "null", "null", 211.3663324657536], [21.152127758262175, 4.064976817498401, "null", 0.9641730636949197, 0.295793174883933, 9.277634736813692, "null", 6.804116541625197], [4.968551818414823, 112.65952743120057, "null", 2.9630920670198595, 0.0, "null", "null", 86.3306501072331], [0.14061465304400952, 113.15994183031091, "null", 1.535066239093967, 0.0, 0.0, "null", 95.30652713096556], [0.12748831120122264, 0.5790483932312706, "null", 4.170229980821226, "null", "null", "null", 0.014301083764164916]], "pvals": [[0.003724736747821678, 1.4116866935851464e-53, 2, 0.00042532493839748015, 0.726450618639898, 2, 2, 6.914730909872841e-48], [4.24229984061766e-06, 0.04378128595942171, 2, 0.32613771211475895, 0.5865318215633437, 0.002319687752909859, 2, 0.00909479426144541], [0.02581225086594268, 2.5619912328577197e-26, 2, 0.08518489549712982, 1.0, 2, 2, 1.5223077520410148e-20], [0.7076707270519418, 1.990526555997211e-26, 2, 0.21535368218502296, 1.0, 1.0, 2, 1.6307458337860794e-22], [0.7210505916926635, 0.446685562302915, 2, 0.041140214966487836, 2, 2, 2, 0.9048102083616869]], "expected": [[82.156093018258, 1347.0883351092884, "null", 50.92319815181282, 4.073855852145026, "null", "null", 36424.34517402867], [112.13820213651871, 1838.6958102384556, "null", 69.50715008461904, 5.560572006769523, 6.02395300733365, "null", 49717.0743125263], [25.80853712044557, 423.17469129722326, "null", 15.997027140772047, 1.279762171261764, "null", "null", 11442.35357325143], [19.899227235688638, 326.28154409591946, "null", 12.334231757658246, 0.9867385406126598, 1.0689667523303814, "null", 8822.429291617791], [1.9979404890890693, 32.759619259113336, "null", 1.2383928651378528, "null", "null", "null", 885.7976485758035]]}