{"values": [[1337, 5475, 111, 74, 75, 32, 5, 30804], [104, 155, 10, 9, 5, 2, 1, 2798], [999, 4065, 92, 184, 117, 197, 5, 46090], [463, 829, 33, 78, 53, 16, 6, 10432], [329, 492, 13, 54, 45, 19, 0, 8231], [12, 49, 1, 1, 0, 0, 1, 873]], "stats": [[100.65863469798474, 1496.8256751005024, 10.559810617336565, 37.66431226736283, 7.398765542987443, 52.21582965312534, 0.04991752686871032, 1308.7084211202148], [3.237080266194256, 76.92651101883935, 0.9316721267166735, 0.14940860400302436, 0.765327011957074, 3.112448207072589, 0.0005677077728709696, 49.02782433495342], [274.8101378970251, 344.43010308938756, 9.519091681427051, 0.10068276043331686, 3.300633182008985, 89.22822258705622, 1.5354260118642789, 548.1277463381255], [54.04981168385573, 109.2240489744605, 1.2632395314388318, 34.94720133001107, 17.50860642828371, 4.994083444085898, 7.882260506754694, 14.5519447827251], [20.491422264967852, 209.640533939438, 2.7924646314127166, 15.750198327011498, 20.16380123857144, 0.1625879304477585, "null", 85.86110674370751], [7.660395536737368, 20.59397245710248, 0.1845263142762925, 0.9657366976335194, "null", "null", 0.8553555760147469, 35.80926775290049]], "pvals": [[1.0928422110474929e-23, 0.0, 0.0011557303632234984, 8.402788060278596e-10, 0.006526865177093732, 4.972368720923827e-13, 0.8232068452919653, 1.4479865854285095e-286], [0.07198882366667919, 1.7743918329964824e-18, 0.334428800623108, 0.6991011592430421, 0.38166657206704324, 0.07769609156281776, 0.9809909071840853, 2.523571953270658e-12], [1.015299653449406e-61, 6.919760133885435e-77, 0.0020334520479241888, 0.7510118282303485, 0.06925318353283642, 3.517942509165182e-21, 0.2152999202498438, 3.21575252978853e-121], [1.9547084505715108e-13, 1.4494091971447004e-25, 0.2610387811079612, 3.3876797982108497e-09, 2.8601005746363742e-05, 0.025434120525021264, 0.004992204120507818, 0.00013634784338093013], [5.989908459386295e-06, 1.6454755113684405e-47, 0.09470846162872826, 7.228036073704152e-05, 7.108549101330839e-06, 0.6867849630569516, 2, 1.9302818748283266e-20], [0.005644612860227333, 5.677458623294017e-06, 0.6675119110223307, 0.32574574066960515, 2, 2, 0.3550416729347734, 2.1761027722129762e-09]], "expected": [[1071.563497595316, 3655.009278943333, 85.88363420924235, 132.128668014219, 97.44489266048652, 87.86556422945563, 5.945790060639855, 32777.158674287304], [87.1654004321461, 297.31354987105317, 6.986129504426012, 10.747891545270788, 7.926570014637206, 7.147347877605074, 0.4836551195371855, 2666.2294556353245], [1462.6207221021816, 4988.87123614693, 117.22607513765944, 180.34780790409144, 133.00650832926743, 119.93129225622081, 8.115651355684115, 44738.880706767966], [336.6212448595525, 1148.1855962919078, 26.979507911061546, 41.50693524778699, 30.61136474524291, 27.60211193977835, 1.8678120861504148, 10296.62542691852], [259.54600264863734, 885.2886927580679, 20.802084059385237, 32.003206245208055, 23.602364605840943, 21.28213215306336, "null", 7939.035373248763], [26.483132362166305, 90.33164598870844, 2.122569178225413, 3.265491043423712, "null", "null", 0.14694709695406705, 810.0703631421203]]}