{"values": [[1528, 5623, 186, 30804], [61, 110, 18, 749], [1213, 4359, 503, 46090], [555, 884, 153, 10432], [387, 524, 118, 8231], [60, 198, 19, 3271], [135, 341, 24, 2313]], "stats": [[83.87424833729219, 1314.2652759820298, 90.20257061059135, 1117.0067820134116], [29.03905525984425, 2.487910920219237, 11.258133322954746, 25.935131385277593], [282.60205965007856, 319.64649161308694, 11.922773257367338, 533.2793073537284], [70.40190298823332, 112.79093937173025, 26.348212644943327, 12.124241865447804], [23.22259488940259, 219.69757081909157, 19.838032921817188, 82.89847026828411], [29.51860410421407, 82.51895512955453, 4.106036170324487, 125.20013352825747], [19.387707500989404, 12.389541423916748, 0.0, 28.125883174801718]], "pvals": [[5.272689057341532e-20, 8.978218413399469e-288, 2.1498258474411563e-21, 6.64635267331e-245], [7.093371914275867e-08, 0.11472391480209455, 0.0007927489158984725, 3.530844978182191e-07], [2.0350329843383396e-63, 1.7294306500021194e-71, 0.0005545186917512876, 5.4641403408156345e-118], [4.837323928530901e-17, 2.3976901486753414e-26, 2.850826053106542e-07, 0.0004977056128421107], [1.4429201654870397e-06, 1.0528131690088365e-49, 8.428876317877849e-06, 8.637800184000692e-20], [5.53825349750451e-08, 1.0466162227228436e-19, 0.04273040026277144, 4.6012092288340295e-29], [1.066915971594065e-05, 0.00043174527356665905, 1.0, 1.1367537118727074e-07]], "expected": [[1263.677876001985, 3862.253858641254, 327.54889855243124, 32687.51936680433], [31.077576563012556, 94.98424580911606, 8.055396209910084, 803.8827814179613], [1728.3174641892858, 5282.3594697575045, 447.98480094878414, 44706.33826510442], [398.3760987139264, 1217.5805667471338, 103.2602175138154, 10304.783117025125], [306.79995626172314, 937.6909554290136, 79.5234210061486, 7935.9856673031145], [117.55143032576605, 359.2794287108143, 30.469664981621513, 3040.699475981798], [93.19959794430099, 284.8514749051636, 24.157600787288985, 2410.7913263632463]]}