{"values": [[107, 1799, 33, 35977], [83, 1788, 95, 49802], [38, 220, 24, 11629], [23, 146, 19, 8997], [17, 151, 7, 2612], [1, 34, 6, 3489], [3, 28, 4, 887]], "stats": [[6.174340762443717, 241.54741861012636, 17.67801294953699, 211.08270953912034], [19.191191843882372, 1.5274853861470756, 3.1340726000889596, 3.5868452540930913], [4.10060535999778, 109.63357343493291, 1.2028486161037746, 84.29042276042702], [0.09098781994796215, 109.50786947793708, 1.110985429058462, 92.23077531175153], [16.228151825659914, 29.31570107662037, 0.9809243356105228, 41.55448836939892], [5.591960488725098, 69.62569375803982, 0.0, 72.75542381115106], [0.06687256610717372, 0.5255055994257704, 2.8359881404511897, 0.01187814187861229]], "pvals": [[0.012961619825732686, 1.8084379946764883e-54, 2.6163343137990813e-05, 7.973556905997088e-48], [1.182577983103085e-05, 0.21649023609699183, 0.07667198149561656, 0.05823870355623112], [0.04286786218298594, 1.1788687987710443e-25, 0.27275307419607764, 4.271795000269018e-20], [0.7629250833511986, 1.2560487865327228e-25, 0.29186783842821135, 7.7135846941583035e-22], [5.615343229800244e-05, 6.149539276384774e-08, 0.32197070909630887, 1.1463100300802774e-10], [0.018043090904468383, 7.169683366695033e-17, 1.0, 1.4675435990267545e-17], [0.795945962903087, 0.4685025521405317, 0.09217408669778754, 0.913212889794721]], "expected": [[87.38552267007854, 1338.412086189512, 60.398817139613115, 36429.8035740008], [119.3104161194384, 1827.3793880646338, 82.46455231784712, 49738.84564349808], [27.45144425897525, 420.4511646429812, 18.973792355468188, 11444.123598742575], [21.16879485506571, 324.2249976698667, 14.631372914530711, 8824.974834560537], [6.423236936425491, 98.37943043069336, 4.439590235470559, 2677.7577423974108], [8.135639176742728, 124.60688533202281, 5.623162372160415, 3391.6343131190742], [2.1249459832738795, 32.54604767029038, 1.4687126649098874, 885.8602936815258]]}