{"values": [[1337, 5475, 111, 74, 75, 32, 5, 30804], [48, 102, 5, 8, 7, 2, 1, 749], [999, 4065, 92, 184, 117, 197, 5, 46090], [463, 829, 33, 78, 53, 16, 6, 10432], [329, 492, 13, 54, 45, 19, 0, 8231]], "stats": [[96.41544573238826, 1385.6423443242547, 10.365527905496792, 41.31806821642589, 9.658160506298966, 56.151549881281944, 0.019310706905894277, 1202.0776076260545], [17.92210549310603, 1.4920128495874674, 2.782861700542395, 5.46911074461678, 6.756323936890986, 0.0, 0.9294106855334201, 19.15704019977142], [290.59867448300184, 418.68135385220245, 10.076500590132841, 0.0, 5.498335151995271, 81.29319400675054, 1.3373515266178768, 649.485490343689], [52.12507716415791, 122.4859024657047, 1.212974073723859, 32.52259296785864, 15.368655073087716, 5.5711186344457495, 8.394466847878718, 20.466333414534386], [19.475178566467594, 224.16476102391613, 2.8524248266723324, 14.418415168904438, 18.034121551616025, 0.2811161016716393, "null", 96.95566152817817]], "pvals": [[9.313770818071085e-23, 2.769425018569926e-303, 0.0012839018059469767, 1.293675644155882e-10, 0.0018851228834387908, 6.709468969992371e-14, 0.8894794110932578, 2.156638549779259e-263], [2.3013256904178918e-05, 0.22190441733056887, 0.09527778791010938, 0.019355471602401118, 0.009341600880806761, 1.0, 0.3350161049026732, 1.2039262923079094e-05], [3.6822309216875643e-65, 4.72570116983481e-93, 0.0015017227024493672, 1.0, 0.01903458737062154, 1.945955791460835e-19, 0.24750157236881293, 2.8907261320472144e-143], [5.20756205885781e-13, 1.8069460078970202e-28, 0.27074391307533285, 1.1781490775157383e-08, 8.844334708073166e-05, 0.018259092201842728, 0.003763648853577261, 6.068941570103616e-06], [1.0191546689441676e-05, 1.116813800153434e-50, 0.09123623382396412, 0.00014636401582902788, 2.169808007506082e-05, 0.5959706156482527, 2, 7.089731491744192e-23]], "expected": [[1078.2138488677167, 3721.8068089221592, 86.22994887040304, 135.11621909614334, 100.82793234058938, 90.30380472254807, 5.771295790538786, 32694.7301413899], [26.220904931185473, 90.51000653670854, 2.0970119183000975, 3.2858690688324366, 2.4520178729729487, 2.196083347511126, 0.14035119138229, 795.0977551331071], [1471.698057791667, 5080.045909184523, 117.69877414328823, 184.42563822452252, 137.6241571675457, 123.25934615005775, 7.877477009590157, 44626.37064032881], [338.7103879939468, 1169.1693902952263, 27.088299291707333, 42.4454453468485, 31.674113738728654, 28.3680614629691, 1.8129964092874988, 10270.731305461286], [261.15680041548393, 901.4678850613824, 20.885965776301298, 32.72682826365322, 24.421778880163327, 21.872704316913957, "null", 7919.0701576869005]]}