{"values": [[1528, 5623, 186, 30804], [61, 110, 18, 749], [1213, 4359, 503, 46090], [555, 884, 153, 10432], [387, 524, 118, 8231]], "stats": [[82.38668177835815, 1285.6894342803398, 96.77426616118814, 1086.1153500290745], [28.676424461671147, 2.1797441665223336, 10.903179126446355, 24.734060704673222], [302.87977638985166, 367.6741114584495, 10.009914215063844, 604.4535485655372], [69.05147976913945, 120.31496846711707, 24.898657443679472, 14.978399498353198], [22.489474777679643, 228.22624666955952, 18.718192484921026, 88.96890876135966]], "pvals": [[1.1190529360534144e-19, 1.4558663649416808e-281, 7.769944946996722e-23, 3.4407373949901364e-238], [8.553877054614854e-08, 0.13983770515346075, 0.0009599935921507078, 6.581080079715724e-07], [7.769174989194963e-68, 6.006429651563262e-82, 0.0015569977460144037, 1.7993792081603347e-133], [9.592653361926902e-17, 5.397333269114565e-28, 6.042449029497105e-07, 0.00010874890049669529], [2.112981948455702e-06, 1.4526968202434852e-51, 1.5152987823390503e-05, 4.010666575886586e-21]], "expected": [[1269.0166358595195, 3897.887636854827, 331.48992250817577, 32642.60580477748], [31.20887245841035, 95.86058580975401, 8.152317645386038, 802.7782240864495], [1735.619223659889, 5331.095371818569, 453.3748933598749, 44644.91051116167], [400.0591497227357, 1228.8141618086165, 104.50263045641974, 10290.624058012228], [308.0961182994455, 946.3422437082327, 80.48023603014362, 7925.0814019621785]]}