{"values": [[104, 1799, 0, 30, 3, 0, 0, 35977], [76, 1776, 0, 76, 7, 12, 0, 49802], [37, 220, 0, 23, 1, 0, 0, 11629], [22, 145, 0, 17, 1, 1, 0, 8997], [16, 151, 0, 6, 1, 0, 0, 2612], [1, 34, 0, 6, 0, 0, 0, 3489], [3, 28, 0, 4, 0, 0, 0, 887]], "stats": [[7.297233614992969, 246.47787835132266, "null", 13.16748965686839, 0.16173915819397572, "null", "null", 217.0679661207348], [21.620473172481002, 2.04429742224099, "null", 0.4972474944344666, 0.19921367236263027, 10.505093254599906, "null", 4.4956863572792], [4.573810577998915, 108.57602886462237, "null", 2.574578595459941, 0.0, "null", "null", 83.30939517999728], [0.09722979646863261, 109.82524854601427, "null", 1.304682539280435, 0.0, 0.0, "null", 92.70702431140916], [14.782195004884404, 29.771199299336484, "null", 0.752185971276558, 0.12436402311085099, "null", "null", 41.312081850674176], [5.205713291709962, 69.26226405627399, "null", 0.09094262594735329, "null", "null", "null", 72.01074202030287], [0.11316376063292437, 0.5026732105049296, "null", 3.9795147700367868, "null", "null", "null", 0.005764983402998803]], "pvals": [[0.00690608603943274, 1.5216521032799098e-55, 2, 0.0002848480790724493, 0.6875603378441746, 2, 2, 3.944155746566971e-49], [3.3228597297443543e-06, 0.15277750302516785, 2, 0.48071205238443626, 0.6553562970197089, 0.0011904595076454613, 2, 0.03398047012533217], [0.03246427581987316, 2.0099082885599596e-25, 2, 0.10859301710886687, 1.0, 2, 2, 7.01653378390973e-20], [0.7551796584831532, 1.0702150586468707e-25, 2, 0.25335967214892463, 1.0, 1.0, 2, 6.06379739097259e-22], [0.00012066948694172005, 4.861608943494184e-08, 2, 0.3857850206506177, 0.7243487213679235, 2, 2, 1.2976435801453126e-10], [0.022512775949769307, 8.620323517416519e-17, 2, 0.7629822049448168, 2, 2, 2, 2.1402908837654258e-17], [0.7365705935899292, 0.4783278857851945, 2, 0.04605682911873189, 2, 2, 2, 0.9394767878783608]], "expected": [[83.22075885857636, 1334.4239827786394, "null", 52.0531387455188, 4.177103726492249, "null", "null", 36434.94791216428], [113.59140796487927, 1821.4097192206318, "null", 71.0494520861407, 5.701499241480427, 5.701499241480427, "null", 49731.54642224539], [26.14299153339605, 419.1963082555745, "null", 16.35198698227861, 1.3121964862322342, "null", "null", 11445.684320256287], [20.157102539981185, 323.21408049630065, "null", 12.607917418829931, 1.0117464595357353, 1.0117464595357353, "null", 8824.997406625816], [6.115396676074004, 98.05885094878509, "null", 3.8250743688184894, 0.3069504123125948, "null", "null", 2677.386777181697], [7.748510504860458, 124.24542133855398, "null", 4.846558694159823, "null", "null", "null", 3392.381666709042], [2.0238319222326746, 32.451636961514666, "null", 1.2658717042536423, "null", "null", "null", 886.0554948174891]]}