{"values": [[107, 1799, 33, 35977], [83, 1788, 95, 49802], [38, 220, 24, 11629], [23, 146, 19, 8997], [9, 29, 1, 3045], [0, 14, 0, 923]], "stats": [[7.4159082913291074, 268.6252815508609, 14.300111703913007, 240.65034686148735], [17.727830606945574, 0.18925807235371514, 6.747660896347148, 0.8680399960265686], [4.591466795983987, 105.04525796265574, 2.002012097071397, 79.06793868857945], [0.15098243398691197, 105.68159753897105, 1.7762710956200578, 87.69973769898962], [0.33862495185538005, 60.10547978189499, 2.168967269915238, 56.722615458380695], ["null", 10.510178362939554, "null", 13.589383112469006]], "pvals": [[0.006464966915381936, 2.2621735927787141e-60, 0.00015585562975023277, 2.837276525585379e-54], [2.5487037707526705e-05, 0.6635348360429125, 0.009387067051499198, 0.3514984926334772], [0.03213150531979105, 1.193778083184873e-24, 0.1570905553626065, 6.0010349731732e-19], [0.6975982716438991, 8.658776865509738e-25, 0.18260788187303578, 7.618449461877655e-21], [0.5606240030885092, 8.99076840402647e-15, 0.14082077524085648, 5.018308193688085e-14], [2, 0.0011871879559467147, 2, 0.00022746836864899069]], "expected": [[85.87172585604655, 1319.7823712337001, 56.807449412461565, 36453.53845349779], [117.24357801761309, 1801.9436067630072, 77.56113622703634, 49771.25167899235], [26.97589742249632, 414.59879269344344, 17.845593679497565, 11451.579716204562], [20.802083605543505, 319.7120234144302, 13.761378385205704, 8830.72451459482], [6.984608148012648, 107.34805445945592, 4.62058692868529, 2965.046750463846], ["null", 32.6151514359631, "null", 900.8588862466355]]}