{"values": [[1528, 5623, 186, 30804], [120, 168, 17, 2798], [1213, 4359, 503, 46090], [555, 884, 153, 10432], [387, 524, 118, 8231], [14, 51, 2, 873]], "stats": [[88.34784359727337, 1393.1138111048003, 86.73038949164639, 1191.303774677647], [3.023406783695104, 75.00652851334975, 3.0349948921304635, 49.373179737204616], [282.86242171254315, 297.84649351524365, 15.403995787394264, 503.81752479692295], [72.21771823920413, 106.98909074860283, 28.42068624748769, 9.797354791443317], [24.028856268283917, 213.3669280937277, 21.37968732656302, 77.89793967010267], [9.180140248307213, 21.82677995941336, 3.8066955300020666, 38.2120434279017]], "pvals": [[5.489942230630185e-21, 6.588934091076004e-305, 1.2437095279046044e-20, 4.734097564266752e-261], [0.08207089258596481, 4.69160124967259e-18, 0.08148680606367531, 2.116191387838003e-12], [1.7858129713120978e-63, 9.704059426000573e-67, 8.680454588254993e-05, 1.4039776761402298e-111], [1.9271762895977535e-17, 4.476266676934161e-25, 9.761666529424883e-08, 0.0017476307625620214], [9.490268368678343e-07, 2.53118940385384e-48, 3.7674154703558145e-06, 1.0850450112581094e-18], [0.0024465527552180863, 2.9840597901731822e-06, 0.05104806751884039, 6.345953835227895e-10]], "expected": [[1259.0194581131684, 3829.1739295875745, 322.9185353662017, 32729.888076933057], [102.42881357397975, 311.5263549332803, 26.27136717027146, 2662.7734643224685], [1721.946200479102, 5237.116437349199, 441.651907327493, 44764.285454844205], [396.90752639817356, 1207.1520759644739, 101.80048947964681, 10318.139908157706], [305.66896993072913, 929.6596992208107, 78.3992458900141, 7946.272084958446], [31.029031504847232, 94.37150294466113, 7.958454766372921, 806.6410107841187]]}