{"values": [[1337, 5475, 111, 74, 75, 32, 5, 30804], [48, 102, 5, 8, 7, 2, 1, 749], [999, 4065, 92, 184, 117, 197, 5, 46090], [463, 829, 33, 78, 53, 16, 6, 10432], [329, 492, 13, 54, 45, 19, 0, 8231], [50, 185, 5, 7, 4, 7, 1, 3271], [112, 328, 9, 9, 11, 1, 3, 2313]], "stats": [[98.49515926852926, 1413.629817209287, 10.199620853147396, 38.071906398623916, 9.027409707123379, 51.74624767844438, 0.339961132210399, 1233.9283911632488], [18.239711899698513, 1.7413050469612077, 2.792023993411097, 5.687158540675719, 6.839316343458176, 0.0, 0.6931456865682857, 20.20414266000414], [270.11918412354777, 367.03691329260045, 9.522189105627902, 0.03663824972475316, 4.879684378101438, 86.55913820414322, 2.6625423760788, 574.8271981079591], [53.56634270895671, 115.03803770603409, 1.223409685254231, 34.064295949488375, 15.627519822969377, 5.0178067155416, 5.996846208706133, 17.102590680410398], [20.283110353686283, 215.87956966517677, 2.8208330855354133, 15.29392486497494, 18.303511902488015, 0.16967077326767321, "null", 90.62890969187707], [25.885312508083338, 82.84886728311092, 0.8168745493380325, 1.9936251302443997, 2.5876263173620107, 0.06128139956288743, 0.0, 122.40224824423049], [14.286149910030787, 13.381749163721992, 0.7653578927368808, 0.007962402227709416, 1.3684259410193684, 3.918765606570601, 8.298010967405196, 26.565177704290022]], "pvals": [[3.258201370333561e-23, 2.294304204881356e-309, 0.0014046953133202834, 6.818484989900424e-10, 0.002659610881879854, 6.315741142236003e-13, 0.5598516579991966, 2.5810603510556603e-270], [1.9477514235557077e-05, 0.18697355359504939, 0.09473450439784142, 0.01708950427956577, 0.008917295977522893, 1.0, 0.4050964726432421, 6.960204320525253e-06], [1.0688914753634953e-60, 8.267169636125194e-82, 0.0020300228154111173, 0.8482034413809904, 0.027174587721211584, 1.356205537307768e-20, 0.10273640420846378, 5.003559288684504e-127], [2.500060197908114e-13, 7.720231777988382e-27, 0.26869253640751173, 5.3320716893531035e-09, 7.712395756247129e-05, 0.025087927503351433, 0.014331475107492348, 3.541396450377965e-05], [6.67875583048627e-06, 7.164607385168183e-49, 0.09304809780866083, 9.201195203186186e-05, 1.8835960828602833e-05, 0.6804045677455987, 2, 1.7330954978753286e-21], [3.6231546848923056e-07, 8.857299150123207e-20, 0.36609556174091984, 0.15796235571373274, 0.10770163364724314, 0.804481980291182, 1.0, 1.884761861676926e-28], [0.00015701594153397542, 0.00025408465816381584, 0.3816569674861029, 0.9288973011258785, 0.24208251299045677, 0.047749928918102, 0.00396885227845088, 2.547950896689642e-07]], "expected": [[1072.5517106947023, 3687.4186434788503, 86.11259989999407, 133.0246879052147, 100.25048943581399, 88.04049392760588, 6.747629096641326, 32738.853745561177], [26.08320832591764, 89.67372640749875, 2.094158128024544, 3.2350054664259744, 2.4379751341181257, 2.141042265219123, 0.16409448018102768, 796.1707897926149], [1463.969574466282, 5033.108099633029, 117.53859974744265, 181.57082199791512, 136.83598179553024, 120.17006093581823, 9.210114159314536, 44686.596747264666], [336.9316823879383, 1158.3666827693169, 27.05143525463375, 41.788411176934225, 31.49271566957362, 27.65706440212555, 2.1197020162213014, 10284.592306323257], [259.7853601484834, 893.1386438178536, 20.857542396582847, 32.22023340367649, 24.281915028857643, 21.324502300983955, "null", 7929.757443238158], [99.86304272287339, 343.32782453196376, 8.017763765647114, 12.385649996186215, 9.334113040604104, 8.197265939504886, 0.6282576085021992, 3048.2460823947185], [78.8154212538032, 270.96637936148755, 6.327900807675031, 9.77519005364725, 7.366809895502276, 6.469570228742383, 0.4958429737357301, 2405.7828854254067]]}