{"values": [[611, 555, 120, 6968], [2550, 4546, 594, 46120], [138, 240, 38, 2898], [1778, 7960, 442, 37576], [9, 74, 2, 246], [3, 17, 7, 188]], "stats": [[177.44047248958097, 218.43399647236782, 12.899246274767266, 18.58147607030539], [16.322159348996276, 1091.0117732986766, 1.9516571578991677, 652.3051275237752], [0.705849782947862, 67.20389529879535, 0.17530594058781468, 53.734614535726976], [109.03828175897243, 1892.1348611886835, 13.631355601777859, 920.4820530524883], [2.0035642241804186, 34.71525485309512, 0.29098150993813593, 15.641877622692899], [4.087841592180041, 2.7475915287534125, 7.94390967194904, 3.080074757929446]], "pvals": [[1.7550548603964557e-40, 1.985977486192353e-49, 0.0003287144809327607, 1.6279478318084066e-05], [5.343542689889565e-05, 2.9677804361536192e-239, 0.1624083880531591, 7.043568024534491e-144], [0.40082503588366536, 2.4482990374556167e-16, 0.6754386683793727, 2.2948427591330387e-13], [1.5918165080625005e-25, 0.0, 0.00022243921443527542, 3.461973152312182e-202], [0.15692981684861976, 3.816293748418851e-09, 0.5895922411636643, 7.654061646951473e-05], [0.043192766204176294, 0.09740104631873653, 0.004824947962581125, 0.07925688299590292]], "expected": [[369.49864532019706, 972.3572132301197, 87.34660450387051, 6824.797536945813], [2408.858990147783, 6339.052779732583, 569.4355207600281, 44492.65270935961], [148.3545566502463, 390.4036593947924, 35.06986277269529, 2740.171921182266], [2137.845566502463, 5625.8651653764955, 505.3700562983814, 39486.91921182266], [14.817549261083744, 38.99324419422942, 3.502753342716397, 273.68645320197044], [9.624692118226601, 25.327938071780437, 2.2752023223082336, 177.77216748768473]]}