{"values": [[611, 555, 120, 6968], [2550, 4546, 594, 46120], [138, 240, 38, 2898], [1778, 7960, 442, 37576], [104, 180, 15, 1025]], "stats": [[169.52818533685814, 218.15473194781526, 13.045641392008006, 19.525296432157898], [10.50308954528517, 1083.0637436561685, 2.1166088032439547, 666.6956545292302], [0.9525795364183759, 67.1328105672408, 0.18505815867155692, 54.64864779141215], [122.0899332883302, 1884.97069565993, 13.189555655165139, 893.3093642747986], [33.56289618897327, 4.081111492692447, 0.019377758141602922, 25.094183849609266]], "pvals": [[9.380291505121761e-39, 2.2850260216999126e-49, 0.00030399103535145824, 9.92762655083097e-06], [0.001191751116735514, 1.584562148123795e-237, 0.1457088624991803, 5.226432252271196e-147], [0.32906356654558355, 2.5381877334982755e-16, 0.6670618972604563, 1.4412345153551676e-13], [2.206077978781245e-28, 0.0, 0.0002815136381837869, 2.794412653628e-196], [6.899639445373799e-09, 0.043365123978401345, 0.8892889348932426, 5.459728393919627e-07]], "expected": [[373.62153803141763, 972.1659822817103, 87.18557025284383, 6821.026909434028], [2435.737213650422, 6337.806094812071, 568.3856960631847, 44468.07099547432], [150.00990756434675, 390.3268797288088, 35.00520715022104, 2738.6580055566233], [2161.6998025476596, 5624.758741197645, 504.4383441961243, 39465.10311205857], [59.93153820615422, 155.94230197976552, 13.985182337626028, 1094.1409774764543]]}