{"values": [[264, 1773, 131, 51115], [89, 144, 29, 7868], [170, 4387, 72, 42760], [12, 105, 8, 3145], [3, 42, 1, 284], [0, 8, 2, 200]], "stats": [[0.5991115161539212, 1083.9055333226152, 3.98664201794667, 935.8503556731561], [68.75975301110543, 253.92950051809575, 7.391387956326034, 149.1902372150829], [23.944283531664205, 1875.8676925622167, 14.984529689309056, 1515.3338533173], [0.6457808968161998, 39.22206974661414, 0.02881307565580067, 37.58931352336514], [0.5450754226642955, 28.64108888939126, 0.0, 29.791956989653816], ["null", 1.1087885593867965, 2.428162502912495, 0.7143221747181357]], "pvals": [[0.438917223843995, 1.0397970380720678e-237, 0.04586237891212465, 1.5796153587322992e-205], [1.1121947013212773e-16, 3.6124286093914777e-57, 0.006553689752483433, 2.6058997230334775e-34], [9.916429783418822e-07, 0.0, 0.00010839618590575407, 0.0], [0.42162517022384016, 3.782405386508469e-10, 0.8652113530545849, 8.732157715691458e-10], [0.4603368847278564, 8.711394857244791e-08, 1.0, 4.809832787747373e-08], [2, 0.2923454404909309, 0.11917251839732944, 0.39801267798930295]], "expected": [[254.55772031399852, 3056.1121106098817, 114.97681419386922, 49857.35335488225], [38.84079849394381, 466.3061663055447, 17.54333463574042, 7607.309700564771], [226.3993357723866, 2718.0544790963663, 102.25843604589208, 44342.28774908536], [15.622313785386993, 187.5548786985401, 7.05617518559301, 3059.7666323304798], [1.5765637765069442, 18.927556565907718, 0.7120910737754413, 308.7837885838099], ["null", 12.044808723759457, 0.45314886512982633, 196.49877455333356]]}