{"values": [[264, 1773, 131, 51115], [89, 144, 29, 7868], [4, 66, 6, 1227], [170, 4387, 72, 42760], [12, 105, 8, 3145]], "stats": [[0.7763734006148891, 1059.8357335818391, 3.6245568630414127, 913.522155332442], [69.58800037687227, 251.67550341131, 7.217366034552184, 147.28058354369878], [0.47122401990158513, 0.9034728395065189, 2.5616641672129643, 0.6235366212544536], [23.006314277873287, 1900.419423927134, 15.398991689528346, 1536.9111702544155], [0.6174845790298696, 38.607400936894734, 0.02383070464067546, 36.979385319081764]], "pvals": [[0.37825258269647366, 1.7721748136348013e-232, 0.056932731996703935, 1.1279525437347624e-200], [7.30801484082826e-17, 1.119875153776456e-56, 0.007220157793553605, 6.8138826334598865e-34], [0.4924246004873166, 0.34185221889335804, 0.10948328085695143, 0.42973608357392235], [1.6147018594474914e-06, 0.0, 8.70347232911048e-05, 0.0], [0.4319835708348866, 5.182204620045257e-10, 0.8773164546418093, 1.1938480986606697e-09]], "expected": [[253.31454906284455, 3043.064388092613, 115.61294818081588, 49871.008114663724], [38.65111356119074, 464.31532524807056, 17.640396912899668, 7609.393164277839], [6.194637265711136, 74.41609702315326, 2.8272370452039692, 1219.5620286659316], [225.2936802646086, 2706.4500551267915, 102.82420286659317, 44354.43206174201], [15.546019845644983, 186.75413450937157, 7.09521499448732, 3060.6046306504963]]}