{"values": [[264, 1773, 131, 51115], [89, 144, 29, 7868], [4, 66, 6, 1227], [170, 4387, 72, 42760], [12, 105, 8, 3145], [8, 37, 4, 3057], [21, 252, 14, 5745]], "stats": [[1.951571357317038, 869.0325997866264, 3.79848735862071, 735.8440403652094], [73.69452048138541, 233.96556363610694, 7.387874532171406, 132.19699751302733], [0.39918135777673924, 0.43996599466614233, 2.6147432972756914, 0.24525439463425822], [18.056352888169435, 2067.189650643854, 14.038857856329818, 1690.644121342972], [0.48193060073853705, 33.91643348881664, 0.030060347891210506, 32.23587023346577], [2.4919077970722574, 113.68376539314293, 0.7388526332030119, 116.27469384214972], [1.5796629528488615, 21.67802374755081, 0.020419678789480842, 22.429951098057078]], "pvals": [[0.1624176226014723, 5.29532196880965e-191, 0.051298906446709945, 4.802372349507801e-162], [9.119167406589777e-18, 8.138618029103325e-53, 0.006566503946722692, 1.3548484315149342e-30], [0.5275123408576721, 0.5071388687414765, 0.10587465683240778, 0.6204366064484864], [2.1446182857094068e-05, 0.0, 0.0001790716684930697, 0.0], [0.48754913280396084, 5.753070766722993e-09, 0.8623533714621376, 1.3654646978155841e-08], [0.1144329353763917, 1.528393629292982e-26, 0.39002866866122865, 4.138190887049742e-27], [0.20880924909251503, 3.2246441888355817e-06, 0.8863711792178816, 2.1794863806248835e-06]], "expected": [[247.0329189555394, 2941.7793377029375, 114.81811726102536, 49979.3696260805], [37.692653024576984, 448.8611004546456, 17.519120419873808, 7625.9271261009035], [6.041024217838107, 71.93923910115662, 2.8077999885726412, 1222.2119366924326], [219.70690457339222, 2616.3688424901848, 102.11729367495694, 44450.80695926146], [15.16051357815089, 180.53822859614897, 7.04643588843633, 3067.254821937264], [14.400169777901121, 171.48371193261124, 6.693036657334324, 2913.4230816321533], [27.965815872601276, 333.0295397223152, 12.998196109800592, 5658.006448295283]]}