{"values": [[502, 495, 38, 34, 64, 15, 7, 6968], [2128, 4271, 155, 232, 242, 95, 25, 46120], [99, 220, 15, 12, 21, 2, 3, 2898], [1510, 7752, 98, 171, 161, 101, 9, 37576], [9, 73, 0, 1, 0, 1, 0, 246], [2, 12, 0, 1, 1, 5, 0, 188]], "stats": [[138.66220359594706, 242.76957012988424, 11.639462104309967, 0.030541016246824447, 24.425812585739116, 0.006225173874868748, 3.7550479174033295, 33.04754013941339], [13.324264305805697, 1138.6897921420352, 1.239765261372757, 2.9265424655639896, 0.8441948484463655, 1.2110665381818075, 1.2356551849199564, 698.7029218564177], [4.972335277422302, 72.06358471536201, 3.659035031102071, 0.028415381797644173, 2.8870391627912375, 2.4185282013987774, 1.2037416861803978, 63.922355068336245], [77.58797526430969, 2002.5841336020487, 12.326018172019845, 3.0593198932214887, 16.53286546322892, 1.303968625419188, 7.584824114288818, 1038.131483757358], [0.7320542467744556, 36.7021393590286, "null", 0.0, "null", 0.0, "null", 18.585626179102753], [3.833799293803605, 6.070779531737317, "null", 0.0, 0.0, 41.370449006736244, "null", 5.875878585420176]], "pvals": [[5.221179237446658e-32, 9.791060584572956e-55, 0.0006456727096500877, 0.8612683129181572, 7.722700043084052e-07, 0.9371123453352704, 0.05264828667694781, 8.993275747383827e-09], [0.0002619936816091331, 1.288279570153211e-249, 0.2655162984750332, 0.08713391789530271, 0.3581997915079487, 0.2711209995612122, 0.26631005163395044, 5.7248312802035014e-154], [0.025755850292211734, 2.0837375199004743e-17, 0.05576592224665249, 0.866135959888723, 0.08929489119976211, 0.11990754129481813, 0.27257511627832787, 1.2942070682988364e-15], [1.2694058171001797e-18, 0.0, 0.00044668822353676656, 0.08027526268415568, 4.781408736389342e-05, 0.2534895790378704, 0.005886170664671138, 9.247175448501213e-228], [0.39221813651304926, 1.3762832021066356e-09, 2, 1.0, 2, 1.0, 2, 1.6244075451558605e-05], [0.05022895514660529, 0.013743629173232783, 2, 1.0, 1.0, 1.2594701510072217e-10, 2, 0.01534971106654888]], "expected": [[306.6562738723374, 925.2360940858782, 22.079251718808294, 32.54164223915863, 35.283510099664234, 15.801817406598092, 3.1747943647959636, 6782.226616212759], [2010.95240633161, 6067.398283856526, 144.78857325587592, 213.39753770718968, 231.37781804615466, 103.62319458508767, 20.81927197143314, 44475.64291424612], [123.4477428982572, 372.4636252198476, 8.88823748867452, 13.099984011085647, 14.20375206523477, 6.361189575227842, 1.2780472205937217, 2730.257421521079], [1788.595462701416, 5396.508145463589, 128.77887331450194, 189.80154204196202, 205.7936897084688, 92.16527207802591, 18.517223613849954, 39557.839791078186], [12.458029099824122, 37.588072269892876, "null", 1.322016735063689, "null", 0.6419549112615254, "null", 275.53056547460426], [7.890085096555278, 23.805779104265486, "null", 0.8372772655403364, 0.9078239087565955, 0.40657144379896604, "null", 174.50269146724938]]}