{"values": [[611, 555, 120, 6968], [2550, 4546, 594, 46120], [138, 240, 38, 2898], [1778, 7960, 442, 37576], [104, 180, 15, 1025], [88, 146, 24, 2870], [196, 541, 73, 5288]], "stats": [[185.706819864147, 194.66621963009254, 12.99916399583592, 11.34369455951083], [23.01510297941825, 848.455902411139, 2.017167179604234, 471.13963107120367], [0.4616416341323687, 59.16356480451779, 0.18651103091271445, 46.061465782017095], [88.81411400579148, 2083.493495217632, 12.454577077928151, 1064.2150032241689], [36.604789004725504, 5.832236698737857, 0.019733776141918853, 30.01295312072423], [19.19185161671989, 145.07794822673748, 2.283716754352982, 171.34669289521744], [21.730330625344834, 41.93275441054927, 1.0859608017782245, 60.37073973387479]], "pvals": [[2.7510257132103925e-42, 3.046907329188991e-44, 0.0003116300778313612, 0.0007570456611561114], [1.6073371049132436e-06, 1.5749137734828087e-186, 0.1555290600682009, 1.8104114922814312e-104], [0.4968577510959059, 1.4509568317919144e-14, 0.6658364603074198, 1.1460048408643306e-11], [4.337104491329235e-21, 0.0, 0.0004169687771346685, 1.9800060104448767e-233], [1.4467584769225044e-09, 0.015735105053877936, 0.8882831556462442, 4.2916987323549743e-08], [1.1821693215318279e-05, 2.064997668217871e-33, 0.1307382343781021, 3.7587371180261584e-39], [3.13790634861508e-06, 9.446687868115921e-11, 0.2973679005697605, 7.857231021294796e-15]], "expected": [[364.70448885870445, 945.4955531839203, 87.15536366870411, 6856.644594288671], [2377.604621454675, 6163.934542867307, 568.1887713851428, 44700.272064292876], [146.42969179522007, 379.61864105300606, 34.99307913715598, 2752.958588014618], [2110.107532097927, 5470.448950551405, 504.26357491672326, 39671.17994243395], [58.50118042754115, 151.66417644966205, 13.98033698780764, 1099.8543061349892], [138.21124801914556, 358.3123443614372, 33.02907409204101, 2598.447333527376], [269.441237346787, 698.5257915332622, 64.38979981242521, 5065.643171307525]]}