{"values": [[945, 4000, 0, 653, 65, 21, 0, 233368], [51, 100, 0, 19, 4, 0, 0, 3812], [27, 42, 0, 15, 5, 0, 0, 733]], "stats": [[166.93320992361456, 45.495676736829715, "null", 30.07419746365587, 34.673121678867474, "null", "null", 188.1336777811911], [69.6617387262509, 15.444272225152782, "null", 4.799314346489755, 4.410598328084124, "null", "null", 62.396731497265044], [155.27108330010594, 55.44164891331873, "null", 64.506372926134, 72.69890946431444, "null", "null", 240.41214426488193]], "pvals": [[3.4595449841157866e-38, 1.5297611360154457e-11, 2, 4.158273210582951e-08, 3.8997900298707826e-09, 2, 2, 8.123051246537224e-43], [7.039852199209992e-17, 8.497408284920477e-05, 2, 0.028471065545227492, 0.03571631170076423, 2, 2, 2.807888579779787e-15], [1.2216705067009117e-35, 9.627484353627341e-14, 2, 9.622062574006059e-16, 1.510175207711031e-17, 2, 2, 3.197716769950097e-54]], "expected": [[1002.8302960715165, 4060.3353727548592, "null", 673.4549495612237, 72.54099893381448, "null", "null", 233222.25242352168], [16.721389321741984, 67.70282949233166, "null", 11.229320101697695, 1.2095628639383253, "null", "null", 3888.7936438940374], [3.448314606741573, 13.96179775280899, "null", 2.3157303370786515, 0.24943820224719102, "null", "null", 801.9539325842696]]}