{"values": [[1010, 4021, 739, 233368], [55, 100, 23, 3812], [32, 42, 20, 733]], "stats": [[198.89360303952958, 44.398471081285635, 48.52966636209753, 203.10614124607307], [76.07031618713495, 14.988658376438769, 7.5184161161627046, 65.30412036014617], [209.18558484379355, 54.25680000707569, 107.7995879601447, 267.8226671141434]], "pvals": [[3.6414617123178526e-45, 2.678962393702755e-11, 3.253300516635327e-12, 4.385587497451319e-46], [2.7374143204854797e-18, 0.00010815928151458582, 0.0061071355167967014, 6.418700068391367e-16], [2.067996095523908e-47, 1.759272869952303e-13, 2.973781842616734e-25, 3.384203406353212e-60]], "expected": [[1075.3392469922733, 4080.799713061835, 766.5590621221127, 233215.30197782378], [17.941956508372446, 68.087844069603, 12.789981758930951, 3891.1802176630936], [3.718796499354389, 14.112442868561825, 2.650956118956365, 806.5178045131274]]}