{"values": [[9782, 11148, 749, 1392, 1344, 692, 114, 213831], [324, 329, 25, 33, 43, 1, 7, 3224], [125, 107, 26, 27, 28, 4, 7, 498]], "stats": [[321.4780848483738, 201.13715818000156, 78.2521554737104, 34.16502685719421, 66.74913840868687, 5.057340996077831, 48.7254728015476, 708.315336650593], [154.95525170070263, 109.15209669464119, 10.179047280267477, 3.3115532269914985, 16.589926506518378, 8.758045337173472, 9.44537394609632, 291.2278834886877], [246.06282643325088, 122.7475693425481, 194.1200192281361, 96.2710101981884, 109.32457271192293, 0.5669768637463248, 85.68830016224078, 699.4020967165768]], "pvals": [[6.901518264110996e-72, 1.1794565886763016e-45, 9.069207913006812e-19, 5.063075336295213e-09, 3.0835216175065247e-16, 0.02452183338563906, 2.944175629296236e-12, 4.6504467232628495e-156], [1.4320977617855845e-35, 1.5029891243486645e-25, 0.0014204555759705273, 0.06879444106888574, 4.6396804526400064e-05, 0.0030823923347340033, 0.002116823360605672, 2.6854281271219574e-65], [1.874156292223308e-55, 1.5836850091740618e-28, 4.0093056751420174e-44, 1.0018632246254358e-22, 1.3777369353763712e-25, 0.4514627371946114, 2.1065561036290548e-20, 4.0338730994791925e-154]], "expected": [[10029.28324448454, 11355.607184450095, 784.2270155006971, 1423.3720331337652, 1387.1015336668581, 683.2577872549824, 125.47632248011153, 213263.67487902896], [167.2302386615271, 189.34562453866974, 13.076355285819732, 23.733584843762813, 23.12880341179365, 11.392774542770441, 2.092216845731157, 3556.0004018699256], [34.486516853932585, 39.04719101123595, 2.696629213483146, 4.89438202247191, 4.769662921348314, 2.349438202247191, 0.4314606741573034, 733.3247191011236]]}