{"values": [[11989, 12703, 3542, 213831], [399, 362, 84, 3224], [186, 144, 66, 498]], "stats": [[468.79990973532216, 234.2445786684162, 79.24431266041515, 822.4804075866314], [189.45024629613252, 102.26644949360096, 8.735095279501158, 306.45831401667954], [455.4279465832297, 203.1281942159262, 207.29057072521252, 891.2366131030759]], "pvals": [[5.846794599959323e-104, 7.074678079053607e-53, 5.488513172152258e-19, 6.99036095924866e-181], [4.1911315395794896e-43, 4.853427600602661e-24, 0.0031214300473046616, 1.2905393177435774e-68], [4.7518174993029664e-101, 4.33726231606565e-46, 5.358020436424159e-47, 7.886531575400289e-196]], "expected": [[12321.377779037195, 12943.620095697654, 3617.824619071522, 213182.17750619364], [207.1166264553006, 217.5762302249138, 60.81394821639652, 3583.493195103389], [45.50559450750522, 47.80367407743252, 13.361432712081221, 787.3292987029811]]}