{"values": [[3103, 10794, 2730, 342886], [953, 1312, 435, 47434], [442, 622, 319, 5988]], "stats": [[1133.2783204678065, 21.68710182640824, 181.55445498292246, 643.1221667150602], [360.2506496678937, 36.30109235855675, 0.6704917015800019, 21.132401251765156], [1696.17392310448, 733.8697954128401, 1100.347454849012, 3023.2856190382613]], "pvals": [[1.932541697733056e-248, 3.2094197801360092e-06, 2.218337457983696e-41, 6.997075166990349e-142], [2.4831660854362993e-80, 1.6906907575232113e-09, 0.4128802300179295, 4.286193524215976e-06], [0.0, 1.290444939547743e-161, 2.7756674691608014e-241, 0.0]], "expected": [[3877.7450229966094, 10972.863195353677, 3003.5712894887033, 341658.82049216103], [540.7505958975391, 1530.1630912814314, 418.8472823715043, 47644.23903044953], [79.50438110585155, 224.97371336489073, 61.58142813979253, 7004.940477389465]]}