{"values": [[2608, 10744, 0, 2185, 495, 50, 0, 342886], [837, 1308, 0, 315, 116, 4, 0, 47434], [360, 611, 0, 226, 82, 11, 0, 5988]], "stats": [[1011.5395969433582, 21.166010721541404, "null", 85.01348002382251, 126.99361756254437, 3.998540578598564, "null", 559.7535548918202], [361.0134933226335, 34.944887517500106, "null", 0.5056092460654993, 14.207665362695034, 1.59449998609772, "null", 16.54035650717087], [1325.2563621587897, 717.8083063701775, "null", 679.8127984677149, 405.055673435465, 78.5319033485843, "null", 2711.5541854709236]], "pvals": [[5.571700248643482e-222, 4.21167940149672e-06, 2, 2.963378798595033e-20, 1.8637191738223332e-29, 0.04553967965638324, 2, 9.511064818464493e-124], [1.6939459741918027e-80, 3.3917079155713316e-09, 2, 0.4770457824001151, 0.00016370229642230199, 0.2066843877278623, 2, 4.762557059275667e-05], [3.670290385793655e-290, 4.010879602124914e-158, 2, 7.338973686809991e-150, 4.369131710889515e-90, 7.871664713456834e-19, 2, 0.0]], "expected": [[3281.2983231634075, 10920.126324893095, "null", 2350.80663047134, 597.6188536011147, 56.05371642723298, "null", 341762.0961514438], [457.1740498726757, 1521.470431941575, "null", 327.531264113775, 83.26455100177773, 7.809806371018114, "null", 47616.74989669918], [66.52762696391679, 221.40324316532937, "null", 47.66210541488493, 12.116595397107577, 1.1364772017489069, "null", 6929.1539518570125]]}