{"values": [[14836, 24140, 1532, 3050, 4069, 995, 286, 310060], [4716, 3760, 241, 398, 754, 70, 34, 40041], [1006, 1191, 220, 208, 465, 76, 59, 4053]], "stats": [[3605.710692696553, 278.98320966881573, 147.2598086117958, 24.333610460562134, 388.5500352760979, 0.8228225297352361, 36.20160501426832, 3446.9674796192885], [2440.5222473578588, 24.40095183609671, 0.005151596146396022, 4.339151594765209, 25.28925816901998, 36.86525487161101, 3.0432485054320275, 1128.2185719314691], [1243.2897683436363, 1000.2664266617692, 1000.7070048748687, 331.1395996168917, 1543.3373833719827, 157.86823887179463, 413.67568997005003, 5038.720280479053]], "pvals": [[0.0, 1.250759416938816e-62, 6.885509750081014e-34, 8.101309476349342e-07, 1.7121342855275497e-86, 0.3643562148823213, 1.779239585921005e-09, 0.0], [0.0, 7.823003236568292e-07, 0.9427812706307503, 0.03724547850695551, 4.934491586121453e-07, 1.265817750735131e-09, 0.08107352656989303, 2.4311360593335062e-247], [2.384308084389154e-272, 1.5716446202011165e-219, 1.260632714571098e-219, 5.427281119273762e-74, 0.0, 3.306979043463067e-36, 5.8080689456789746e-92, 0.0]], "expected": [[17728.496958631626, 25087.05637822515, 1718.6931821457742, 3152.8059578148273, 4560.185422572431, 983.9583145149666, 326.8362850141738, 305409.96750108106], [2470.06152885216, 3495.3088790659685, 239.46067842214, 439.2715706529573, 635.3577859991351, 137.0921395281795, 45.53717868639792, 42551.91023879306], [359.4415125162158, 508.6347427088839, 34.846139432085714, 63.92247153221544, 92.45679142843416, 19.94954595685389, 6.626536299428242, 6192.122260125883]]}