{"values": [[20723, 26953, 8400, 310060], [5745, 4105, 1256, 40041], [1750, 1546, 808, 4053]], "stats": [[4012.2593653632107, 338.50602282268574, 298.8135780941285, 3905.2207198972624], [1985.3276351072118, 10.725290315221752, 0.002075665260739163, 1024.1847301435744], [2947.600995674816, 1496.257999134583, 1918.7942120162265, 6711.511893306622]], "pvals": [[0.0, 1.3496909187052994e-75, 5.973851506646023e-67, 0.0], [0.0, 0.001056810868759384, 0.9636613742627608, 9.941216424229483e-225], [0.0, 0.0, 0.0, 0.0]], "expected": [[24284.565738999623, 28059.18142158706, 9005.375855584807, 304786.8769838285], [3392.407968221136, 3919.69910680707, 1257.996916133885, 42576.89600883791], [541.0262927792403, 625.1194716058669, 200.62722828130876, 6790.227007333584]]}