{"values": [[9333, 40518, 3563, 909, 1271, 749, 327, 143191], [299, 369, 56, 14, 48, 7, 6, 1136], [699, 747, 26, 26, 37, 8, 4, 8416]], "stats": [[333.7419851178227, 842.9394949619759, 78.73658654549216, 3.2810292852409564, 0.9667800167505621, 18.63368548338559, 3.9874825525081787, 416.2953089985094], [468.1710531633913, 0.3952586361724347, 15.185160045772461, 2.725315383687086, 101.0462382360864, 0.0, 1.9233048846391534, 174.34845765713362], [102.43066274525023, 978.4315933826226, 130.89309680810882, 7.776503213225452, 11.448828084604285, 22.06947886784046, 8.547722223999328, 791.5667665374564]], "pvals": [[1.4716065071296143e-74, 2.491968480372896e-185, 7.096897048337917e-19, 0.0700849626668236, 0.32548454841511953, 1.5839690842277636e-05, 0.045839503993274563, 1.5625160543198352e-92], [8.012398780502345e-104, 0.5295481099597654, 9.746637956723008e-05, 0.09876860993310241, 8.986108328155856e-24, 1.0, 0.16549278924237049, 8.307842453167446e-40], [4.4673316622774685e-24, 8.760141579930656e-215, 2.6130639027243592e-30, 0.005293015308604091, 0.0007153910273213623, 2.6295765067303727e-06, 0.003459548455380911, 3.677985164000911e-174]], "expected": [[9750.537124750306, 39294.73067968776, 3440.200156782002, 895.6789982952318, 1279.81108713207, 721.0735033693963, 318.0651448108463, 144160.9033051724], [94.40205611095632, 380.4409257693888, 33.3070849408998, 8.67172115470889, 12.390783862787414, 6.981238105582289, 3.079420473273863, 1395.7267695824025], [486.0608191387379, 1958.828394542853, 171.49275827709803, 44.64928055005927, 63.79812900514264, 35.945258525021366, 15.855434715879845, 7186.369925245208]]}