{"values": [[1206, 15147, 686, 182950], [66, 101, 14, 1757], [49, 142, 12, 9761]], "stats": [[23.334520418999357, 509.61071677110516, 4.839697548077699, 416.43036022711135], [239.8475204436136, 11.916901599302232, 7.593184482314759, 3.085521066673557], [2.7067974168925977, 528.1537564208876, 13.843309875953587, 529.2012620266928]], "pvals": [[1.3613467821559683e-06, 7.707465892826669e-113, 0.027811772453252014, 1.4602539415158768e-92], [4.2457353262046434e-54, 0.0005562692478449861, 0.005858936620776056, 0.07899196040267413], [0.09992140775097619, 7.122138885322806e-117, 0.0001987029067126666, 4.2142359691918835e-117]], "expected": [[1246.798915480129, 14525.53770570718, 672.0066826811899, 183544.6566961315], [12.082146009032947, 140.76020217942244, 6.512102920841376, 1778.6455488907031], [62.11893851083812, 723.702092113398, 33.48121439796877, 9144.697754977795]]}