{"values": [[14494, 45157, 3256, 143191], [409, 438, 75, 1136], [766, 785, 75, 8416]], "stats": [[122.58482988324378, 950.5483820757654, 8.386372410361997, 487.1313358563224], [500.22921064057647, 8.261576344287058e-06, 57.323717980955955, 216.0822047307282], [3.0837951824944954, 1134.9596340242151, 44.84896194408425, 954.7754112804146]], "pvals": [[1.71905907026209e-28, 1.0081814359088994e-208, 0.0037804465143604737, 5.997972366153381e-108], [8.47419998862998e-111, 0.9977066469160087, 3.6967029674152304e-14, 6.4712602507670294e-49], [0.07907580850152945, 8.331341205625375e-249, 2.1283367154935392e-11, 1.2153167396115481e-209]], "expected": [[14800.087819320068, 43808.033254200316, 3217.1229250497254, 144272.7560014299], [147.78688163961172, 437.4469060211368, 32.12471241716239, 1440.6414999220892], [721.1252990403211, 2134.51983977855, 156.75236253311212, 7029.602498648017]]}