{"values": [[1119, 15106, 0, 558, 87, 41, 0, 182950], [63, 101, 0, 11, 3, 0, 0, 1757], [48, 142, 0, 11, 1, 0, 0, 9761]], "stats": [[26.418597747466258, 507.37660888649, "null", 3.3179540562633414, 0.07789496245033872, "null", "null", 414.8214408011885], [237.32274370762718, 11.652182463634656, "null", 5.163395253949251, 3.380081352372051, "null", "null", 2.644576763633598], [1.6013403003360422, 526.3968091146631, "null", 9.61200870492829, 1.8969901413311356, "null", "null", 524.4038678065434]], "pvals": [[2.748810602705047e-07, 2.360436458633909e-112, 2, 0.06852705952834555, 0.780170623132205, 2, 2, 3.2706750558684455e-92], [1.5082741368737736e-53, 0.0006412725638990797, 2, 0.023067759805677816, 0.06598879779642412, 2, 2, 0.1039038257838575], [0.20571337402574333, 1.71730542567604e-116, 2, 0.0019330908010551772, 0.1684156052438509, 2, 2, 4.660471144386912e-116]], "expected": [[1160.8905878852847, 14486.593197927834, "null", 547.4118219296464, 85.88702723378935, "null", "null", 183541.52101209393], [11.239427840139026, 140.25526660023894, "null", 5.299892802667183, 0.831534905246058, "null", "null", 1776.9992302570374], [57.86998427457629, 722.151535471928, "null", 27.28828526768638, 4.281437860964587, "null", "null", 9149.479757649025]]}