{"values": [[7418, 47817, 5379, 1183541], [1171, 2802, 494, 82990], [648, 1131, 404, 13169]], "stats": [[1917.0032753242315, 0.07661414533707998, 397.4327372937919, 509.7649862724288], [584.8812965336178, 102.9027888588965, 19.47116428697279, 2.532085806302903], [2844.331736103872, 521.3800332238504, 1565.3521170380407, 2784.036118668303]], "pvals": [[0.0, 0.7819393609424408, 1.9943432869787994e-88, 7.134227355929055e-113], [3.2531716669124786e-129, 3.52003758273523e-24, 1.0212988130098957e-05, 0.11155267099729861], [0.0, 2.1198159114951838e-115, 0.0, 0.0]], "expected": [[8531.972446925085, 47800.10545938867, 5797.898782001597, 1182025.0233116846], [599.7489977460422, 3360.0747681452513, 407.55921390623655, 83089.61702020247], [105.27855532887293, 589.8197724660793, 71.54200409216578, 14585.359668112882]]}