{"values": [[6636, 47656, 0, 4436, 782, 161, 0, 1183541], [1047, 2798, 0, 366, 124, 4, 0, 82990], [550, 1120, 0, 295, 98, 11, 0, 13169]], "stats": [[1629.7985983889293, 0.0435364988797219, "null", 206.97282586122762, 297.5571617923814, 0.09514523970178097, "null", 427.7904436711057], [528.4844741893099, 99.84761754415908, "null", 3.919560106106288, 55.926967124314345, 4.485479312851516, "null", 0.6623812368270884], [2271.7622367222357, 516.0170981396375, "null", 985.904174470499, 660.2877907799518, 36.71993731895758, "null", 2494.911121920445]], "pvals": [[0.0, 0.8347183389358543, 2, 6.285383105804099e-47, 1.1219943764199673e-66, 0.7577352084774354, 2, 4.918137146087722e-95], [6.034767838252717e-117, 1.6458522590479354e-23, 2, 0.047727367226313946, 7.521376230882368e-14, 0.03418395952633879, 2, 0.41572053378513596], [0.0, 3.1122987729649935e-114, 2, 2.0807120748591033e-216, 1.2934396289273096e-145, 1.3637753486944567e-09, 2, 0.0]], "expected": [[7605.503108968453, 47643.16984597826, "null", 4708.520508491704, 927.477847856714, 162.58575819002158, "null", 1182164.7429305147], [534.2459540312561, 3346.6781043614724, "null", 330.7484061335251, 65.15036291113582, 11.420780749362454, "null", 83040.75639181325], [93.25093700029127, 584.1520496602724, "null", 57.731085374770394, 11.371789232150181, 1.9934610606159682, "null", 14494.5006776719]]}