{"values": [[50322, 118528, 7476, 7388, 8841, 3518, 953, 1046186], [6842, 8575, 374, 526, 923, 93, 51, 69945], [1949, 2674, 391, 310, 627, 103, 83, 9106]], "stats": [[4614.4180479825545, 223.11961102143516, 32.25900163005635, 75.6754609741219, 790.4619234720301, 28.739536256338443, 33.54965671788598, 3468.8240743567767], [2634.1754053340337, 3.297043893764078, 51.67970774591872, 0.10341761138498977, 98.47726026182173, 96.81061178065127, 5.498458765723529, 843.4033273405277], [2584.5750448570816, 1103.178116868893, 962.7552062385207, 511.38597799934576, 2242.1582041036872, 88.05721573784334, 405.04242974436926, 6410.940400922598]], "pvals": [[0.0, 1.88772240907462e-50, 1.3493053003379439e-08, 3.3433691588288783e-18, 6.394787731860412e-174, 8.279606056273956e-08, 6.946763409138442e-09, 0.0], [0.0, 0.06940468062446717, 6.533453481510839e-13, 0.7477662853117788, 3.2877844948545203e-23, 7.628614263802676e-23, 0.01903324182943324, 1.9756201707730465e-185], [0.0, 6.7319378584851075e-242, 2.2392132074238236e-211, 3.167133223359682e-113, 0.0, 6.358825984510528e-21, 4.39823098081263e-90, 0.0]], "expected": [[54607.56774935651, 119885.74966265017, 7612.8933707043625, 7597.189064515554, 9599.026212230194, 3430.929010896251, 1004.151813366781, 1039474.4931162802], [3835.889843392402, 8421.333314261426, 534.7650804289544, 533.6619368338455, 674.2802998103707, 241.00443013143268, 70.5362992872556, 73017.52879585432], [669.5424072510893, 1469.9170230884006, 93.34154886668291, 93.14899865060069, 117.6934879594348, 42.06655897231651, 12.311887345963394, 12744.978087865511]]}