{"values": [[67592, 130475, 20700, 1046186], [8190, 9093, 1593, 69945], [3050, 3251, 1123, 9106]], "stats": [[5086.335058624175, 204.71944720034847, 512.8219520376317, 3894.9207803253585], [2106.009193369605, 3.4601198663341477, 4.000787581108224, 733.1955803916621], [4973.729248693091, 1530.699082987443, 2572.643665299878, 8321.161554498967]], "pvals": [[0.0, 1.9498503138513512e-46, 1.5425597346304238e-113, 0.0], [0.0, 0.06286575747298782, 0.04547900799558198, 1.808599712683617e-161], [0.0, 0.0, 0.0, 0.0]], "expected": [[72771.27914389799, 131838.86386305522, 21615.743256970716, 1038727.113736076], [5109.76912568306, 9257.308158627575, 1517.7891445985708, 72936.13357109079], [950.9517304189435, 1722.8279783172202, 282.46759843071317, 13573.752692833123]]}