{"values": [[936, 5563, 567, 129019], [53, 159, 15, 1860], [52, 470, 9, 7322]], "stats": [[17.257953809498442, 113.92406105657555, 6.626309511545597, 107.69267627312662], [97.20655865340245, 58.665448797103274, 4.419028987965423, 126.06952766630631], [0.23070488700223588, 61.75535271734183, 16.577638951935146, 31.959103321272764]], "pvals": [[3.26328600571918e-05, 1.3539570857007925e-26, 0.010048323995666365, 3.138602549444694e-25], [6.245942462090153e-23, 1.8689486319365694e-14, 0.03554025548709538, 2.968969926393559e-29], [0.6310016572991323, 3.888929333136547e-15, 4.669839098315104e-05, 1.5745276576806807e-08]], "expected": [[970.138572162301, 5770.507241910632, 550.7703133025167, 128793.58387262456], [14.878048279404211, 88.49651771956857, 8.446615305598357, 1975.1788186954288], [55.983379558294814, 332.9962403697997, 31.783071391884953, 7432.237308680021]]}