{"values": [[7812, 15492, 2241, 112784], [534, 1118, 68, 6227], [299, 487, 58, 1335]], "stats": [[113.9565645932552, 199.82655932584248, 8.251737341058618, 288.33646727414964], [12.124873168392561, 53.38071617599928, 28.71072242723055, 39.95928095306253], [250.11292172558234, 253.60299237077638, 15.37417170113354, 563.4704521818971]], "pvals": [[1.331943931180418e-26, 2.2786656984844484e-45, 0.004071301641575615, 1.1455883137820548e-64], [0.0004975371513195712, 2.7478099190775804e-13, 8.403714546930556e-08, 2.593125351248943e-10], [2.4537016064897336e-56, 4.255757263150462e-57, 8.818549715036598e-05, 1.4780294231622409e-124]], "expected": [[8055.331278838706, 15930.826937455795, 2205.548772355259, 112137.29301135024], [462.77872082449227, 915.2258866323128, 126.70876023037285, 6442.286632312822], [126.8900003368024, 250.9471759118925, 34.742467414367994, 1766.4203563369372]]}