{"values": [[171, 278, 12, 24, 18, 1, 2, 1069], [4866, 13178, 432, 625, 482, 378, 52, 137044], [313, 1352, 16, 14, 22, 3, 0, 6236]], "stats": [[296.5408476933165, 149.62916383459006, 11.903067726876408, 48.013446802545545, 32.39592034113872, 1.249244927378666, 1.9365618815076975, 483.0146244113379], [112.68664972132493, 840.9298886913762, 0.05646545383723808, 0.0, 3.3072772541078526, 14.651866577571777, 0.11934648398882179, 874.016689110759], [13.792695021256414, 676.5492716414946, 1.4336710765307379, 9.809634843381833, 0.24951244452001065, 12.541578289076966, "null", 493.1431504308071]], "pvals": [[1.8681790786388368e-66, 2.0893747398206372e-34, 0.0005604157218891384, 4.233060867009634e-12, 1.2575019766682238e-08, 0.2636967410667031, 0.16404232639090754, 4.7181567461405586e-107], [2.527183206646382e-26, 6.814595544315832e-185, 0.8121722634937812, 1.0, 0.06897368280578052, 0.00012930652501311917, 0.7297443639059789, 4.368900269988769e-192], [0.00020412838174870376, 3.761344138503208e-149, 0.2311662500184102, 0.0017359997158726836, 0.6174185896287043, 0.00039799599379871704, 2, 2.9505488067904607e-109]], "expected": [[50.58137440872092, 140.00168079333446, 4.349052752899368, 6.268308641678872, 4.935229428290153, 3.6116046774077364, 0.5105409753403607, 1364.7422083223282], [5043.91042572094, 13960.789828799194, 433.6820179124547, 625.0677779912119, 492.13481163108986, 360.14463226642977, 50.91049775494033, 136090.36000792374], [255.5081998703388, 707.2084904074724, 21.968929334645953, 31.663913367109277, 24.929958940619972, 18.243763056162507, "null", 6893.897783753931]]}