{"values": [[203, 293, 45, 1069], [5832, 14040, 1537, 137044], [351, 1371, 39, 6236]], "stats": [[342.63998978253437, 149.3960848011204, 55.102479915404494, 508.1373435191824], [107.25758993545465, 764.292946506906, 0.770137622395145, 815.4523293882053], [7.8088468718019675, 602.0225100168399, 19.466920718707957, 433.07501109283567]], "pvals": [[1.697986522725743e-76, 2.3494323340899346e-34, 1.1440646734919598e-13, 1.6124149670050383e-112], [3.9091068644585074e-25, 3.130683319650866e-168, 0.38017448110497665, 2.357688148116476e-179], [0.005199106955926736, 6.079785181435093e-133, 1.023570351965616e-05, 3.4803075463838235e-96]], "expected": [[61.17731762465786, 150.442937046293, 15.52903724860169, 1382.8507080804475], [6020.950005950256, 14806.294847078425, 1528.3369808401762, 136097.41816613113], [303.8726764250863, 747.2622158752827, 77.13398191122218, 6868.7311257884085]]}