{"values": [[19, 75, 0, 13, 2, 0, 0, 1466], [433, 4768, 0, 241, 30, 18, 0, 151567], [18, 165, 0, 5, 1, 0, 0, 7767]], "stats": [[45.01593235099633, 16.206372116227083, "null", 41.71657594587098, 4.567680228878295, "null", "null", 55.27391451767066], [3.653065541380266, 8.084034222868064, "null", 0.5156211406429498, 0.2104385172099269, "null", "null", 3.5371797093538344], [0.730732592712899, 24.571480351436335, "null", 4.0125765218629255, 0.0038527026596475696, "null", "null", 29.73957802644829]], "pvals": [[1.9543786683236787e-11, 5.6802727395007084e-05, 2, 1.0551065180059557e-10, 0.03258065553068528, 2, 2, 1.0485085364232082e-13], [0.05596611126385922, 0.0044656922920776635, 2, 0.4727155796214385, 0.6464239156693767, 2, 2, 0.060007412740360824], [0.3926458297147297, 7.160367397966059e-07, 2, 0.04516208517101186, 0.9505069735223147, 2, 2, 4.9415575487193556e-08]], "expected": [[4.443597377962398, 47.3479482315653, "null", 2.4487057891324704, 0.31199726270799816, "null", "null", 1520.2775710135184], [443.10988786707327, 4721.477273272985, "null", 244.1818318246212, 31.111970850241313, "null", "null", 151600.14887026677], [22.446514754964344, 239.17477849544986, "null", 12.369462386246308, 1.576031887050688, "null", "null", 7679.573558719716]]}