{"values": [[21, 75, 15, 1466], [463, 4786, 289, 151567], [19, 165, 6, 7767]], "stats": [[52.7010361848905, 15.878942117523161, 46.1221841520645, 57.77882593522929], [4.249649751500692, 8.421283358981812, 0.45767091694628, 3.4903215269243892], [0.8952711708186435, 25.03590432193313, 4.899351996554229, 30.44150268306887]], "pvals": [[3.8838614828525683e-13, 6.752588393853604e-05, 1.1110326353451377e-11, 2.933100902430176e-14], [0.03925842632950224, 0.003708539350057012, 0.4987144895284237, 0.06172859470049291], [0.34405285667628416, 5.62726254523961e-07, 0.0268667753229164, 3.440872249738483e-08]], "expected": [[4.7601761892474155, 47.56390760866304, 2.93370699536123, 1521.7422092067284], [474.2216107873907, 4738.444961863669, 292.2638157934217, 151600.06961155552], [24.018213023361877, 239.9911305276676, 14.802477211217061, 7678.1881792377535]]}