{"values": [[700, 7506, 368, 143751], [43, 613, 9, 6894], [34, 132, 21, 1365]], "stats": [[25.885606535071965, 186.48340497234872, 2.3428746472944857, 216.0069850537366], [1.0846133088574461, 146.3756725666556, 4.71021474478614, 125.6969141246179], [92.030427278623, 36.52107221170714, 73.54600518279649, 108.78547331645728]], "pvals": [[3.622602844854437e-07, 1.8619355946599545e-42, 0.12585711077763317, 6.720437254008318e-49], [0.29766781488881, 1.074519320753546e-33, 0.02998390591121812, 3.582207406234581e-29], [8.535397481177096e-22, 1.5102471364982915e-09, 9.831771263340146e-18, 1.8083598210747093e-25]], "expected": [[733.1482754775886, 7785.336449119156, 375.53798409276743, 143430.9772913105], [36.381866498178844, 386.3407728139944, 18.635756584652743, 7117.641604103174], [7.469858024232513, 79.32277806685002, 3.826259322579846, 1461.3811045863376]]}