{"values": [[6742, 16130, 1724, 129276], [395, 1352, 71, 5801], [203, 343, 71, 1015]], "stats": [[87.59251071913997, 550.2088411969792, 12.897745295671783, 673.684240428554], [8.553949162652854, 380.9443562183486, 2.984045471037429, 306.7156242316365], [239.92767339304854, 171.3774341758163, 147.037901663544, 536.1561018864277]], "pvals": [[8.042860772721458e-21, 1.1338580666979568e-121, 0.0003289782005375882, 1.5790486291060263e-148], [0.0034477346389774647, 7.751053245412561e-85, 0.08408885297986891, 1.1342687345637991e-68], [4.0782698939708984e-54, 3.701076445394717e-39, 7.699202459665592e-34, 1.2932125740265476e-118]], "expected": [[6923.735340816439, 16814.112050415944, 1760.1757692048332, 128373.97683956279], [342.8300117089558, 832.5538090888471, 87.15542259521956, 6356.460756606977], [73.43464747460506, 178.33414049520914, 18.66880819994728, 1361.5624038302385]]}