{"values": [[5527, 15305, 444, 644, 699, 309, 72, 129276], [343, 1325, 18, 31, 31, 6, 3, 5801], [134, 305, 25, 18, 40, 9, 4, 1015]], "stats": [[61.55517186252107, 562.3607460385052, 8.719994458461223, 2.399202953947015, 17.921871227872177, 0.4506194891512939, 0.9911673928532139, 657.4142224569307], [14.570981461177487, 417.32770493978063, 0.856039867796006, 0.029600091744862424, 0.6081082179431639, 5.212194723351165, 0.01132100812263068, 343.67170288373103], [104.58869279482056, 139.55136755661266, 85.07989190820679, 17.916190076260254, 141.39720830254237, 9.439087400373962, 10.004678673649886, 419.07817506908134]], "pvals": [[4.305093540008621e-15, 2.576791467156426e-124, 0.0031473899823530414, 0.12139708859380899, 2.3016089694876876e-05, 0.5020409155785199, 0.31945722078055067, 5.4535315292468605e-145], [0.0001349772170224555, 9.31337861216372e-93, 0.3548492845634178, 0.8634007584690692, 0.43550098990310904, 0.022429004497902423, 0.9152648136633382, 1.0121653669007318e-76], [1.5031214888022189e-24, 3.3367247015598864e-32, 2.865498701379473e-20, 2.308489489875569e-05, 1.3173071023531015e-32, 0.002124091625131456, 0.0015614303264252518, 3.87340475793105e-93]], "expected": [[5665.153323749566, 15979.242427997819, 459.51526793238486, 653.8892827046052, 726.5436474495613, 305.7144698359193, 74.54149110196798, 128411.40008922818], [281.1817280523472, 793.1066896346601, 22.80737867446587, 32.45485302136519, 36.06094780151688, 15.173697516482427, 3.6997595796361473, 6373.514945719526], [57.66494819808655, 162.65088236752095, 4.677353393149259, 6.655864274029644, 7.395404748921826, 3.1118326475982747, 0.7587493183958757, 1307.0849650522975]]}