{"stats": [[243.3917897866465, 3676.7754613181537, 135.5132753986422, 3977.63646433321], [1367.8747115710808, 1019.6363756979634, 1776.2420951413449, 0.956970873715079], [14.235328664131355, 7965.26996377282, 91.26686995570489, 5524.650459575093], [1.725251099887047, 70.24349108522566, 13.11436517724609, 45.71264449590861], [410.8980591251535, 350.83414915124337, 320.6907449961147, 889.2298547962216], [112.24174853568206, 799.1652289326823, 189.939433846229, 275.9058264970414]], "pvals": [[7.164157097812622e-55, 0.0, 2.549573529237653e-31, 0.0], [2.0108533472000814e-299, 9.684266963554677e-224, 0.0, 0.32795124576291046], [0.00016131345908063923, 0.0, 1.2554510177230785e-21, 0.0], [0.18901851396150351, 5.241794841632646e-17, 0.0002930400904468768, 1.3693598045255204e-11], [2.336913191953577e-91, 2.789281974140613e-78, 1.0243362094792492e-71, 2.1534583408727296e-195], [3.162934331219298e-26, 8.195123425984526e-176, 3.277565174392968e-43, 5.858825802240664e-62]], "expected": [[1672.9566157670138, 9372.686463780768, 1136.8570615101814, 231772.49985894203], [2859.7611116555454, 16021.721070496316, 1943.3496262706353, 396193.1681915775], [1453.0731088581433, 8140.796079182517, 987.4353041358195, 201309.69550782352], [1001.3875092430087, 5610.24181047155, 680.4925187310129, 138732.87816155443], [1142.7509888905718, 6402.226228763352, 776.5560200569578, 158317.4667622891], [1107.0706655857173, 6202.328347305496, 752.3094692953932, 153374.2915178134]]}