{"stats": [[27.47089860261023, 8182.5400014027255, 394.9604317226151, 1.1727804423338195, 142.79301497184275, 1.0060234358582822, 29.090411729107803, 6816.357961183922], [428.0774903967236, 4873.5337154677645, 176.35010731915713, 707.8282224693913, 1951.8209702056374, 0.06670560982885201, 7.70532939805254, 947.6790793079194], [141.32031632600535, 28942.50015209212, 5075.6125361325485, 109.53651087828321, 56.74364223064477, 65.32017932753588, 190.10651457487256, 24175.407065761763], [9.551949976244316, 240.68707423375625, 1.7410974466237426, 8.15721446018335, 7.466277634597402, 0.021341341493026036, 0.517448713372503, 156.62374041050631], [631.0589429855713, 124.02606591212312, 352.5203887774851, 141.75996402811896, 521.5950040379076, 14.850448342853579, 54.401739035168276, 1280.595866091889], [197.08580885876893, 152.0766906124612, 290.0777215422491, 99.32028683552373, 207.8403048242151, 37.37935485822149, 22.55868182430674, 68.5584971683828]], "pvals": [[1.5947620602890762e-07, 0.0, 6.886562895276737e-88, 0.278830670188056, 6.523601450319347e-33, 0.31585738911456385, 6.907801746865581e-08, 0.0], [4.2591628628467474e-95, 0.0, 3.036576599457072e-40, 5.934978364523268e-156, 0.0, 0.7961952254837222, 0.005505802505045964, 4.238917522725642e-208], [1.3693057000622862e-32, 0.0, 0.0, 1.2380304118640355e-25, 4.964934902676666e-14, 6.366607141866805e-16, 3.0135697347560606e-43, 0.0], [0.0019973711855545127, 2.785438341240264e-54, 0.18699983306432133, 0.004289019653932927, 0.006286540000362163, 0.8838528981496117, 0.4719320218946015, 6.185406434617244e-36], [2.941109928419805e-139, 8.314417833482475e-29, 1.1975531191291924e-78, 1.0974047721602938e-32, 1.9033938195513007e-115, 0.0001163804024953181, 1.6341818527984018e-13, 1.8622433952039648e-280], [9.032260528852051e-45, 6.096276920479917e-35, 4.782131368328946e-65, 2.1479645737229055e-23, 4.0650081790476444e-47, 9.724610127183528e-10, 2.0382133689931788e-06, 1.231692120224814e-16]], "expected": [[10711.448627714402, 23515.972265980276, 1493.2933219595418, 1490.212872199402, 1882.8796151536949, 672.9876711270159, 196.96758172188106, 203896.23804414377], [18284.04660777658, 40140.89483899348, 2548.9964660004875, 2543.7382522009475, 3214.0058582952392, 1148.7650618524221, 336.2163764764628, 348043.3365384044], [9301.425612876956, 20420.400111013358, 1296.7206617109432, 1294.0457131307846, 1635.022982142751, 584.3975898063879, 171.0393592136628, 177055.94797010516], [6410.046061626532, 14072.649801899859, 893.6306665854253, 891.7872348014243, 1126.7705686796692, 402.73562622233584, 117.87119701229915, 122017.50884317246], [7317.308308019712, 16064.458245899788, 1020.1129661223495, 1018.0086195110063, 1286.2509199098815, 459.7378420311135, 134.5543980311848, 139287.56870047498], [7088.724781985817, 15562.62473621324, 988.2459176212527, 986.2073081564353, 1246.0700558187643, 445.37620896072474, 130.35108754450937, 134936.39990369926]]}