{"stats": [[243.9983990740253, 8313.63684670046, 82.20323960311319, 7269.758264549121], [880.5682591329091, 5029.589356095025, 2069.8277219308543, 534.7528441276178], [976.0348836239559, 32623.117469389053, 33.67148663376083, 25931.53344710272], [1.50863859973754, 213.37497414091413, 12.895539361358535, 124.9637568824214], [1347.1925140003214, 238.36308491536062, 631.2558416192069, 1858.960037662835], [536.0961250872047, 50.49910475469982, 351.4104663728635, 217.3328888085862]], "pvals": [[5.283301425731037e-55, 0.0, 1.2278845245204277e-19, 0.0], [1.6447458612313274e-193, 0.0, 0.0, 2.611863271231356e-118], [2.907244222945011e-214, 0.0, 6.525014010595947e-09, 0.0], [0.2193469415476613, 2.5209797279575374e-48, 0.0003293661668714684, 5.183278740564999e-29], [6.2772006522793875e-295, 8.94604476073197e-54, 2.6649418251450594e-139, 0.0], [1.3326555666815248e-118, 1.1921916525674922e-12, 2.0892591416398638e-78, 3.452743782954486e-49]], "expected": [[14211.234365513053, 25746.324853463175, 4221.2586754472, 202849.18210557656], [24475.069823922284, 44341.19389566111, 7269.994862453879, 349353.7414179627], [12552.677899210687, 22741.53776242352, 3728.6064756433607, 179175.17786272243], [8540.443989071038, 15472.621144651113, 2536.8256094997896, 121905.10925677806], [9668.296903460838, 17515.938901148944, 2871.8393582737845, 138003.92483711644], [9384.2770188221, 17001.383442652143, 2787.475018681986, 133949.86451984377]]}