{"stats": [[180.67362871475027, 3678.599802849805, "null", 73.98639666931687, 77.53214244882952, 4.135967435165507, "null", 3896.2626334803895], [905.2705917608686, 1020.7264544206586, "null", 1216.9463690142284, 680.6795347633399, 2.6930230931105044, "null", 17.719187111972055], [3.889645700861314, 7956.154645494905, "null", 72.88130096432148, 33.22383093500318, 7.028869331426935, "null", 5701.266326815779], [6.872990166122926, 70.38898703385958, "null", 5.766276236176291, 12.17986351693356, 0.020111195532425588, "null", 52.64596200748971], [339.1371981355697, 351.75508825082466, "null", 250.50387085941298, 75.73454542533055, 0.5657791795761051, "null", 839.2868978953887], [71.67251002805145, 805.0840688365514, "null", 130.7702054480182, 61.809680496415105, 3.1146079186456777, "null", 316.5153882177874]], "pvals": [[3.454151050482494e-41, 0.0, 2, 7.865721298998376e-18, 1.3058008581540993e-18, 0.04198106478054102, 2, 0.0], [7.015540200112136e-199, 5.612128334062961e-224, 2, 1.265906944083549e-266, 4.754994998934496e-150, 0.10078842846567523, 2, 2.5603106088563565e-05], [0.04858467186392571, 0.0, 2, 1.3768652238802528e-17, 8.213771496424098e-09, 0.00802059777198147, 2, 0.0], [0.00875081124273423, 4.869099136779685e-17, 2, 0.01633661565403138, 0.0004830817874430263, 0.8872269673886524, 2, 3.9943128911688605e-13], [9.834995997417512e-76, 1.7577089620082727e-78, 2, 2.0164698041853838e-56, 3.244808266236522e-18, 0.45194104982009686, 2, 1.5510816886740575e-184], [2.540473217849617e-17, 4.2334787885636215e-177, 2, 2.7799469837740865e-30, 3.783099041076607e-15, 0.07759315125991947, 2, 8.31644916749852e-71]], "expected": [[1491.8436985430053, 9345.359760555928, "null", 923.5913192607431, 181.9277387753161, 31.89171516380043, "null", 231885.3857677012], [2546.522012447763, 15952.183441027684, "null", 1576.5362197796971, 310.54392086694446, 54.43797815994246, "null", 395819.776427718], [1295.4618623791039, 8115.164592534909, "null", 802.0125242981043, 157.97931614583024, 27.693585300464264, "null", 201360.6881193416], [892.7631692753072, 5592.538284003971, "null", 552.7042237090053, 108.87091241982368, 19.084940822598575, "null", 138767.0384697693], [1019.1226853640703, 6384.0924784363615, "null", 630.9326281186283, 124.28023516403822, 21.786176682142155, "null", 158407.78579623476], [987.2865719907504, 6184.661443441147, "null", 611.2230848338218, 120.3978766280473, 21.105603871052114, "null", 153459.3254192352]]}