,existence-full,executive-full,existence-executive-full,property-full,existence-property-full,executive-property-full,existence-executive-property-full,-full,
existence-full,,Greater (1.0),Less (1.198393831257514e-05),Less (0.00011028108696703894),Less (2.4869995831836236e-13),Equal (0.09276355349278614),Less (0.0018644420974685027),Greater (1.0),
executive-full,,,Less (6.926448934312921e-19),Less (9.294644915457515e-17),Less (2.941886963992492e-35),Equal (0.07152061661310778),Less (2.063326494726345e-06),Equal (0.08553502505770769),
existence-executive-full,,,,Equal (0.6385982636318298),Less (0.018530875934565594),Greater (0.9999940691554957),Equal (0.2104778223817153),Greater (1.0),
property-full,,,,,Less (0.006368933595109522),Greater (0.9999655790988122),Equal (0.14587171111136918),Greater (0.9999999999999997),
existence-property-full,,,,,,Greater (0.9999999995559913),Equal (0.8454592358265376),Greater (1.0),
executive-property-full,,,,,,,Less (0.00026037735128528954),Equal (0.16616554688897567),
existence-executive-property-full,,,,,,,,Greater (0.9999962158901693),
-full,,,,,,,,,
