{"values": [[531, 2832, 0, 370, 37, 13, 0, 175528], [121, 246, 0, 96, 13, 2, 0, 11248], [94, 734, 0, 107, 9, 3, 0, 17644], [3, 11, 0, 2, 1, 0, 0, 292], [3, 12, 0, 2, 0, 0, 0, 380]], "stats": [[127.4571894241064, 403.1253249579268, "null", 203.68262453910643, 24.70524446669798, 1.5043074409657715, "null", 730.802020332385], [156.52892049458143, 5.070408711424945, "null", 132.4170497516211, 26.543913114488326, 0.260191762313328, "null", 127.55763109159965], [12.1031409544818, 513.0827681493475, "null", 66.43575476569626, 2.114358701227265, 0.5697765103270773, "null", 566.8401678347338], [1.7710333204181052, 4.287119525758093, "null", 0.5041347100250304, 1.9277456446273815, "null", "null", 10.325754828663714], [0.827223084215135, 2.56034232626198, "null", 0.15577108190880673, "null", "null", "null", 4.531708539374934]], "pvals": [[1.4754954577760473e-29, 1.149733617463865e-89, 2, 3.282739858218877e-46, 6.680214823642993e-07, 0.22000977946012462, 2, 5.9952257775821365e-161], [6.487658736889781e-36, 0.02433764469336779, 2, 1.21269359059617e-30, 2.5761511869081876e-07, 0.6099884421454511, 2, 1.4026805520118952e-29], [0.0005033695801556199, 1.353619204392109e-113, 2, 3.6148532810027694e-16, 0.14592316933667443, 0.4503477388861802, 2, 2.7331812281467285e-125], [0.1832542491892673, 0.0384021739446718, 2, 0.477688978543905, 0.16500529385375418, 2, 2, 0.0013118659677855357], [0.3630767341492429, 0.10957485427654558, 2, 0.6930802059247649, 2, 2, 2, 0.03327238373232775]], "expected": [[641.0845227114969, 3269.3605646257856, "null", 491.89597021879484, 51.15036085464072, 15.345108256392214, "null", 174842.16347333288], [41.923569180446336, 213.79905293485598, "null", 32.1674194376563, 3.344965626099442, 1.0034896878298325, "null", 11433.761503133112], [66.46777030817653, 338.96795097321404, "null", 50.99987163273651, 5.303279545865148, 1.5909838637595444, "null", 18127.67014367625], [1.1047571956982705, 5.6339678796580674, "null", 0.8476660929759335, 0.08814552093337263, "null", "null", 301.29901965445436], [1.4193806041819201, 7.238463586486255, "null", 1.0890726178363936, "null", "null", "null", 387.1058602032957]]}