{"values": [[568, 2845, 420, 175528], [134, 248, 111, 11248], [103, 737, 119, 17644], [3, 12, 2, 380]], "stats": [[146.29813285366177, 400.47008366295773, 228.16605362700878, 743.3872050072122], [183.79979089916012, 5.4063187493123515, 159.96450010977819, 141.1916252241976], [14.753819467273448, 516.0102079437761, 70.40342440735829, 573.4186444463808], [0.6239649294711314, 2.5276414190208345, 0.058594730795672775, 4.310035648075899]], "pvals": [[1.1172884321812438e-33, 4.3511444108730486e-89, 1.4972782856903892e-51, 1.0996886329584676e-163], [7.174943989412002e-42, 0.020063984224034, 1.1518731105307457e-36, 1.4609671763581723e-32], [0.00012249912580433, 3.1230602083183645e-114, 4.8335946894681355e-17, 1.0131494223636055e-126], [0.4295776981641447, 0.11186731590406063, 0.8087309716015911, 0.03788816767509713]], "expected": [[689.7777650855298, 3279.8591255675815, 556.6028500442642, 174834.76025930262], [45.15296379853595, 214.70010756680088, 36.43531237208594, 11444.711616262577], [71.54250792472227, 340.18108347374135, 57.72984550361253, 18133.546563097923], [1.5267631912118875, 7.259683391876327, 1.2319920800373152, 386.98156133687445]]}