{"values": [[568, 2845, 420, 175528], [134, 248, 111, 11248], [103, 737, 119, 17644], [4, 11, 3, 292], [3, 12, 2, 380]], "stats": [[150.3134801568223, 404.85833589664185, 231.31363741108586, 754.2191638211208], [182.50168115688987, 5.301025983796453, 158.9651434908497, 140.10172886627075], [14.466070019787892, 514.0109634278342, 69.75948629784499, 570.1643588218752], [4.45981433710267, 4.180984661375871, 2.45285638771419, 12.237629518011461], [0.615062774982466, 2.5122405782412836, 0.056748696034063566, 4.276540366614236]], "pvals": [[1.4806107277527292e-34, 4.823382904655851e-90, 3.0822200601066436e-52, 4.8529616528234025e-166], [1.377914182847469e-41, 0.021312866952442597, 1.9043925328628952e-36, 2.529111913158614e-32], [0.00014270706960103888, 8.502575573375468e-114, 6.69948797023194e-17, 5.170877296223531e-126], [0.03470126903632704, 0.040879943229433, 0.11731122107114914, 0.00046835292920583164], [0.4328879289730204, 0.11296521772883374, 0.8117105836166567, 0.03864192458467138]], "expected": [[692.1712259757048, 3284.4036129118113, 558.3400899188259, 174826.08507119367], [45.30964013459308, 214.9975904416098, 36.5490323745794, 11444.143737049219], [71.79075337908485, 340.6524295192289, 57.91002889569036, 18132.646788205995], [1.1963196015436381, 5.676624907324677, 0.9650115012451761, 302.1620439898865], [1.532060909073627, 7.269742220025474, 1.2358373096591448, 386.9623595612417]]}