{"values": [[568, 2845, 420, 175528], [273, 268, 109, 20797], [134, 248, 111, 11248], [3, 6, 5, 8681], [103, 737, 119, 17644]], "stats": [[283.5540838068891, 65.6816325709609, 158.39950391432382, 345.977877502808], [352.86500053424015, 29.52656089599429, 26.03976828338341, 29.24889402583213], [129.61285713431118, 11.56384231030829, 150.7167057516979, 150.00663021400607], [33.87655201439768, 143.63927282013344, 18.517057075380045, 199.6499140269372], [4.520283775079896, 605.9555075260986, 64.41331144970754, 595.3021476148132]], "pvals": [[1.2621669756729923e-63, 5.299748542787177e-16, 2.5313262682764057e-36, 3.1844031400918073e-77], [1.0075168277820477e-78, 5.515564053294345e-08, 3.3445660964697597e-07, 6.365254755429148e-08], [4.980274626483737e-30, 0.000672467463543778, 1.2086688227736855e-34, 1.7278678549242304e-34], [5.872217365492847e-09, 4.260485288434807e-33, 1.6839054914206706e-05, 2.4901689818569576e-45], [0.03349527527191661, 8.480848734635009e-134, 1.0087433153625647e-15, 1.7604591500868985e-131]], "expected": [[808.3871843300104, 3069.0296063740634, 571.3300729214875, 174912.25313637443], [96.66248483408172, 366.97764825075984, 68.3165017698783, 20915.04336514528], [52.91715551997732, 200.89917322292962, 37.399358757874815, 11449.784312499218], [39.18871197054789, 148.7793468336064, 27.696740005086575, 8479.33520119076], [83.84446334538268, 318.31422531864064, 59.25732654567287, 18141.583984790304]]}