{"values": [[5955, 8099, 422, 893, 740, 403, 69, 162730], [645, 753, 84, 153, 166, 51, 15, 9859], [590, 1565, 103, 175, 145, 99, 23, 15891], [24, 34, 15, 5, 2, 2, 1, 314]], "stats": [[47.62601261107515, 546.467438543662, 156.47148728235533, 154.25011655024923, 192.07202816656752, 71.58497725415344, 38.254605702139, 1001.3604853603839], [159.12666434077744, 54.561033572735774, 72.2012018446353, 109.9526680253399, 206.1731661105151, 13.049688458750227, 12.608368507850361, 461.16878504207625], [4.111074878634091, 510.236984290203, 44.50435286040344, 44.264540671875, 31.120655125500196, 54.58162038611617, 19.226129223854986, 436.86184938183544], [7.402658668356798, 10.083235743908551, 151.16449749316965, 2.0714932766123075, 0.0, 0.1946880376241674, 0.4297871265176229, 49.85308771839132]], "pvals": [[5.157951128903935e-12, 7.387036411315256e-121, 6.67787311907718e-36, 2.0420614242291585e-35, 1.1221854131061045e-43, 2.6557093533091724e-17, 6.209035516160493e-10, 9.08961765951431e-220], [1.7557586893778183e-36, 1.506941966707118e-13, 1.943373660111017e-17, 1.0035866313633178e-25, 9.393086218306259e-47, 0.0003033348603479829, 0.00038402354943670077, 2.676357657994991e-102], [0.04260327747797971, 5.631883885550944e-113, 2.5379230999500725e-11, 2.8686564661402823e-11, 2.4247741710693005e-08, 1.4912381275979424e-13, 1.1611317825595079e-05, 5.217160936605764e-97], [0.006512755158819424, 0.0014962435315571045, 9.64794099991501e-35, 0.15007451699795588, 1.0, 0.6590431132876334, 0.5120934204960645, 1.6569941743347392e-12]], "expected": [[6159.026563504344, 8922.648546601595, 532.7464063801929, 1046.7100868944174, 899.0095607665754, 473.83694798238304, 92.20610879657184, 161184.81577907392], [402.76807046780146, 583.4944697059874, 34.83882394952982, 68.44935602904417, 58.79051541483157, 30.986453993572194, 6.029796452803238, 10540.64251398643], [638.5690941554577, 925.1019688132366, 55.23525294607785, 108.52310915367218, 93.20948934650637, 49.12750862992501, 9.559947625282705, 16711.67362932984], [13.636271872396144, 19.75501487918105, 1.1795167241995002, 2.3174479228663256, 1.9904344720866562, 1.0490893941197477, 0.20414712534222115, 356.8680776098084]]}