{"values": [[7186, 8993, 2105, 162730], [910, 903, 385, 9859], [861, 1790, 442, 15891], [42, 52, 10, 314]], "stats": [[212.036201916902, 724.2935339094014, 439.1815700670516, 1343.8909984225802], [344.8570913589965, 94.16134613606638, 304.7750933190056, 647.3083497273699], [4.546000932240824, 608.1014872488645, 135.1846597858632, 557.3862545444883], [33.46555772837994, 37.06314680900901, 2.419095291395796, 78.41607490196024]], "pvals": [[4.938945361322809e-48, 1.5597057543859214e-159, 1.6314301559079212e-97, 3.275013004171806e-294], [5.586042365038234e-77, 2.9082481580770563e-22, 3.002383997932404e-68, 8.599910206689139e-143], [0.03299572552885803, 2.895213436688984e-134, 3.008466727657012e-31, 3.113141903307401e-123], [7.25372120424456e-09, 1.1436489251150796e-09, 0.11986413799744171, 8.347015783853753e-19]], "expected": [[7666.597572397434, 10000.058040315711, 2506.404051338288, 160840.94033594857], [510.6575564895304, 666.0849425574073, 166.94683089145445, 10713.310670061608], [804.0410593345978, 1048.7647465795653, 262.8612953175227, 16868.332898768313], [17.703811778437732, 23.092270547316602, 5.787822452735171, 371.4160952215105]]}