{"values": [[7186, 8993, 2105, 162730], [910, 903, 385, 9859], [861, 1790, 442, 15891], [42, 52, 10, 314], [17, 24, 10, 265]], "stats": [[212.86097940104295, 725.7406422365762, 445.07905115016536, 1350.7327869227124], [344.34001506117863, 93.80872949018459, 303.28485247167987, 645.5196015638021], [4.491817359110036, 606.7371034485617, 134.1541891737829, 555.3762300998991], [33.43266081622214, 37.010116017657616, 2.4001921289665713, 78.28487049669786], [0.7559003973929439, 2.208937099604288, 6.063833167231693, 7.448551538905318]], "pvals": [[3.2636291419390214e-48, 7.55744269825619e-160, 8.493040085292335e-99, 1.0676685874338698e-295], [7.239521891302202e-77, 3.4753569339897157e-22, 6.340527815472758e-68, 2.1062731308282465e-142], [0.03405745374669738, 5.733752287411729e-134, 5.055298940036623e-31, 8.520240776044835e-123], [7.3774572785190946e-09, 1.1751796202630346e-09, 0.121320349394597, 8.920245371285525e-19], [0.3846145356818583, 0.13721318125162585, 0.013797788236850274, 0.00634875196100378]], "expected": [[7669.673827124522, 10005.623730549982, 2511.1886798659707, 160827.51376245954], [510.86245999558247, 666.4556626517348, 167.26552594354033, 10712.416351409141], [804.3636842129997, 1049.3484531625224, 263.363087377637, 16866.92477524684], [17.7109155078505, 23.105122915188286, 5.798871182250962, 371.38509039471023], [13.389113159044875, 17.46703072057296, 4.383835630601206, 280.76002048978097]]}