{"values": [[5955, 8099, 422, 893, 740, 403, 69, 162730], [2601, 970, 169, 192, 344, 76, 20, 17060], [645, 753, 84, 153, 166, 51, 15, 9859], [245, 54, 0, 15, 4, 2, 0, 8375], [590, 1565, 103, 175, 145, 99, 23, 15891]], "stats": [[1325.699611408775, 101.72887383272662, 173.68744017529008, 113.75905043721724, 356.5982210581383, 39.45115788284479, 27.131954554780553, 1732.1753803381137], [3706.8151548421592, 3.0754361883147023, 155.12020322057177, 35.28186367151299, 421.47116416293323, 7.11684572404772, 6.424333994780268, 2264.7931013686207], [52.784749643543435, 73.45370879608127, 57.26419278210037, 103.47654712194065, 145.66493202348707, 13.174807853317803, 11.63561816280109, 338.7247124170946], [41.75892381945563, 341.1406101843463, "null", 26.542148646050613, 43.977733112815244, 18.89006543644886, "null", 471.85411424498204], [51.22643751757031, 588.7220709122317, 32.063482720783355, 40.05200009758427, 13.040993481024081, 54.58740161310882, 17.63101440754965, 293.59615803947554]], "pvals": [[2.9402047033947404e-290, 6.3665577620149425e-24, 1.1583558692776777e-39, 1.4714514883051572e-26, 1.549962478473669e-79, 3.363682263905358e-10, 1.900307420919173e-07, 0.0], [0.0, 0.079483269832315, 1.3180313931348814e-35, 2.8527629864113483e-09, 1.1674312274631533e-93, 0.007636294326943077, 0.011256711729481625, 0.0], [3.7217989430785126e-13, 1.0302423329095282e-17, 3.810295239664213e-14, 2.6349490807479035e-24, 1.5367121277476549e-33, 0.0002837378209146883, 0.0006470083717073109, 1.2095033033364579e-75], [1.0324992312648334e-10, 3.601365533185992e-76, 2, 2.5785051670616085e-07, 3.321328505991089e-11, 1.3847192096358316e-05, 2, 1.2656148874963948e-104], [8.230270648205047e-13, 4.7520054849113514e-130, 1.4921590351393843e-08, 2.472914045998416e-10, 0.0003047463946087166, 1.4868576690982672e-13, 2.6817902225738365e-05, 8.184692550471578e-66]], "expected": [[7505.85053909199, 8556.639698859251, 581.860474234114, 1067.9906904965485, 1046.30180392484, 471.92025609476343, 94.98236533127567, 159985.45417196723], [897.1306208421097, 1022.7253321098622, 69.54639527851349, 127.65071009989364, 125.05836374632437, 56.40588100352443, 11.352689203561969, 19122.13000771621], [490.84330253800755, 559.559408562908, 38.050626681403934, 69.84099601676712, 68.42265646180476, 30.861112385560258, 6.211349085524806, 10462.210548268024], [363.96746678901377, 414.9214614919397, "null", 51.78811703614106, 50.73639757252195, 22.88396488081583, "null", 7757.881691726971], [778.2080707388793, 887.1540989760381, 60.32740923025589, 110.72948635064962, 108.48077829450898, 48.92878563533607, 9.847790452753852, 16587.32358032158]]}