{"values": [[7186, 8993, 2105, 162730], [3134, 1235, 632, 17060], [910, 903, 385, 9859], [249, 56, 21, 8375], [861, 1790, 442, 15891]], "stats": [[1822.6958460605777, 198.70499629520518, 479.7509716946563, 2201.436147158234], [4185.685342018554, 3.0339256380352095, 320.5005606569939, 2681.1468068432287], [159.33426030377512, 114.95257298717142, 255.81063201872306, 483.7398753299247], [91.74781400311875, 393.2305331606399, 93.75588897898248, 571.6873586544089], [12.633716566364482, 678.3409526360321, 102.10218924716821, 378.02025063758197]], "pvals": [[0.0, 4.003457051487083e-45, 2.4206483424711304e-106, 0.0], [0.0, 0.08154051240857577, 1.1268563454637974e-71, 0.0], [1.5816350486536287e-36, 8.060230453808554e-27, 1.4051619422891134e-57, 3.28066329137822e-107], [9.845697693067583e-22, 1.639055349108538e-87, 3.5693855014670876e-22, 2.411413959426738e-126], [0.0003788512220180505, 1.533599173347221e-149, 5.273024109452193e-24, 3.3572734328453832e-84]], "expected": [[9199.161343727992, 9674.028910661114, 2672.5278296000693, 159468.28191601083], [1121.1436596284445, 1179.0179311992158, 325.71312964084063, 19435.125279531498], [612.7387291664093, 644.3687591890189, 178.01202139883122, 10621.880490245741], [442.18625549281967, 465.01223967020434, 128.4633489417957, 7665.3381558951805], [964.7700119843339, 1014.5721592804458, 280.28367041846326, 16724.374158316758]]}