{"values": [[5955, 8099, 422, 893, 740, 403, 69, 162730], [645, 753, 84, 153, 166, 51, 15, 9859], [590, 1565, 103, 175, 145, 99, 23, 15891], [24, 34, 15, 5, 2, 2, 1, 314], [13, 21, 0, 3, 4, 3, 0, 265]], "stats": [[48.15441008566158, 547.8715043929687, 153.17033241714844, 154.83121558085594, 195.04109645344641, 74.49074798595359, 37.53320492655635, 1006.3461085246854], [158.8871370173125, 54.32639962602374, 72.4530015296915, 109.66250214906911, 205.15331173973604, 12.835977417203008, 12.652234759109975, 459.9207401967725], [4.145320690762522, 509.1120429305244, 44.71642382689823, 44.073796413211205, 30.782762633534652, 53.93670319084496, 19.293466661773905, 435.36675701071647], [7.393523580331325, 10.062515887414534, 151.4252039972097, 2.0652034771118126, 0.0, 0.1903989974350016, 0.43129101519670504, 49.76975511871693], [0.3463040894575118, 1.792849692618033, "null", 0.2690974309257953, 2.457593814938392, 3.4582393686811734, "null", 5.345082377105492]], "pvals": [[3.939419356407734e-12, 3.6561669719242533e-121, 3.5159860053603985e-35, 1.5243281831027098e-35, 2.523725943565479e-44, 6.0923119335827365e-18, 8.986993625025638e-10, 7.49643842783554e-221], [1.980617640956192e-36, 1.698051612619874e-13, 1.7105757779372774e-17, 1.1617893544311022e-25, 1.5679544782130863e-46, 0.00034001779836114577, 0.0003751170135603417, 5.001952595482841e-102], [0.0417497464012669, 9.894845661785955e-113, 2.277389704940895e-11, 3.1622599006806763e-11, 2.8859000110654482e-08, 2.0705351585856497e-13, 1.1208923715942664e-05, 1.1036477172002135e-96], [0.00654591316350037, 0.0015131645018302204, 8.46162062645914e-35, 0.15069481353521064, 1.0, 0.6625847427309709, 0.5113561458093381, 1.728886165815903e-12], [0.5562127888954804, 0.18057934149082416, 2, 0.6039378667382083, 0.1169578249018308, 0.06293729682865194, 2, 0.020780801520528577]], "expected": [[6161.060964941474, 8927.442981163293, 531.9637528882635, 1047.7298915058907, 901.0988570559206, 475.6983559481586, 92.07064953835328, 161173.93454695866], [402.90110966367774, 583.808000608556, 34.78764251143419, 68.5160459079369, 58.927144446451834, 31.10818032272481, 6.020938126978995, 10539.930938412239], [638.7800212994571, 925.5990567383304, 55.154107276997536, 108.62884269780444, 93.42610799965769, 49.32049977654587, 9.545903182557266, 16710.54546102865], [13.640776098966406, 19.765629902916313, 1.1777839055977635, 2.3197058012494414, 1.9950602375269808, 1.0532106078903078, 0.20384721443038215, 356.8439862314224], [10.617127996424735, 15.384331586904638, "null", 1.8055140871185829, 1.5528302604429145, 0.8197533446803655, "null", 277.74506736904164]]}