{"values": [[531, 2832, 0, 370, 37, 13, 0, 175528], [260, 266, 0, 94, 13, 2, 0, 20797], [121, 246, 0, 96, 13, 2, 0, 11248], [3, 6, 0, 5, 0, 0, 0, 8681], [94, 734, 0, 107, 9, 3, 0, 17644]], "stats": [[262.7888442183038, 65.04895773239157, "null", 138.07796792778632, 19.69322171033492, 0.563649084496627, "null", 330.7156786742233], [350.46862977140336, 29.73532221263665, "null", 20.486682883274494, 6.275742235044369, 0.0, "null", 26.45937740097788], [108.31901241663327, 11.21289722253723, "null", 125.85211083852562, 24.077482355472586, 0.29273029203643325, "null", 137.31866286607038], [31.184785105708713, 142.92607274019196, "null", 15.204597769570071, "null", "null", "null", 196.1313804099905], [3.240367484248134, 605.0493330702718, "null", 61.72172016267137, 1.6526815045893226, 0.6298099595362543, "null", 593.0778729442428]], "pvals": [[4.232791946697512e-59, 7.306018701458465e-16, 2, 7.007092065886472e-32, 9.092330146107025e-06, 0.4527936960920559, 2, 6.71292958479741e-74], [3.3503411116638093e-78, 4.9524176947129336e-08, 2, 6.004758570053843e-06, 0.012240184047170647, 1.0, 2, 2.6913875725426323e-07], [2.2881906348346455e-25, 0.0008123080088683956, 2, 3.312732326592887e-29, 9.253608006136104e-07, 0.5884761840559757, 2, 1.0270685748294918e-31], [2.3459760574520186e-08, 6.100912298133972e-33, 2, 9.64682595260891e-05, 2, 2, 2, 1.4591220973138105e-44], [0.07184452186376576, 1.3351698311925985e-133, 2, 3.955924611556134e-15, 0.19859435659937136, 0.4274250305461418, 2, 5.363289137670639e-131]], "expected": [[754.6236741673792, 3054.3935434088967, "null", 502.583854351317, 53.848270109069674, 14.95785280807491, "null", 174930.59280515526], [90.19577485349627, 365.0738795854101, "null", 60.07092239994995, 6.436170257137494, 1.7878250714270818, "null", 20908.43542783258], [49.34843486058685, 199.74133594711267, "null", 32.86635106671394, 3.521394757147922, 0.9781652103188672, "null", 11439.54431815812], [36.592584096264936, 148.1111134282914, "null", 24.37087860524285, "null", "null", "null", 8482.58893453734], [78.23953202227274, 316.68012763028923, "null", 52.107993576776295, 5.58299931179746, 1.5508331421659611, "null", 18136.8385143167]]}