{"values": [[1710, 5156, 1276, 161814], [1089, 1622, 900, 63299], [65, 95, 33, 1885], [1420, 5378, 1116, 154310], [19, 42, 18, 1269]], "stats": [[10.895780170579958, 0.3981873035469078, 22.544100475709087, 16.527819100925065], [236.08026130149818, 107.28424460568684, 257.2352167527759, 33.3688664909177], [81.78388215965238, 15.738330455985324, 13.643826440047517, 82.41700772393904], [96.09103124343594, 62.4365775169369, 66.7907136434591, 3.2330842357701295], [1.1770466563430722, 0.002763334021116168, 3.5920168072299603, 2.1736008127691226]], "pvals": [[0.0009638358453963221, 0.5280268966468797, 2.0537425937178936e-06, 4.794150498192479e-05], [2.814571711781846e-53, 3.85688384989791e-25, 6.873612431934604e-58, 7.623465604642443e-09], [1.5181156984477947e-19, 7.273524283892475e-05, 0.00022096665634382048, 1.1020146079881007e-19], [1.0972072411430344e-22, 2.7516482485311425e-15, 3.019170340067168e-16, 0.07216465940162536], [0.2779580587264829, 0.9580765732903057, 0.05805774320839532, 0.140397154867025]], "expected": [[1816.8735354619444, 5190.524371701995, 1411.5287541364814, 161537.07333869959], [715.285181210188, 2043.4582227787218, 555.7049409216031, 63595.55165508949], [22.21435669637977, 63.462953025469794, 17.258330103648053, 1975.0643601745023], [1734.2164584761847, 4954.38599210963, 1347.312484472667, 154188.08506494152], [14.410468155303143, 41.16846038418348, 11.195490365600374, 1281.225581094913]]}