{"values": [[10884, 12686, 3759, 145548], [6134, 5359, 2618, 55027], [9464, 12913, 3495, 139092], [465, 605, 103, 3820]], "stats": [[29.220650465021187, 43.925315582507984, 76.6774867715795, 142.77348335930273], [738.0759028159989, 0.9301838373168714, 654.8279445714214, 858.9580540426871], [290.69210598373746, 10.719769539651306, 106.44351739603543, 175.3923095644105], [63.07467769737068, 141.19071863544193, 2.596335867300462, 171.5657013340208]], "pvals": [[6.458716394534464e-08, 3.411477402862043e-11, 2.0128494675944702e-18, 6.588066255678218e-33], [1.5709313416004605e-162, 0.33481515962502273, 1.9912889852333762e-144, 8.204996721531525e-189], [3.5136079067914577e-65, 0.0010599687362502228, 5.894893280345227e-25, 4.915151289874157e-40], [1.9901627106605825e-15, 1.4616342030223232e-32, 0.10711109396875153, 3.366748286979488e-39]], "expected": [[11307.847424096783, 13244.872833590633, 4185.838054527978, 144138.4416877846], [4522.301724389036, 5296.9684687308845, 1674.0252978357753, 57644.704509044306], [10790.259794354955, 12638.62284815473, 3994.242084413504, 137540.87527307682], [326.5910571592244, 382.53584952375405, 120.89456322274329, 4162.9785300942785]]}