{"values": [[10884, 12686, 3759, 145548], [6134, 5359, 2618, 55027], [261, 233, 101, 1585], [9464, 12913, 3495, 139092]], "stats": [[28.225458587520492, 34.46717277230613, 86.92352694942795, 134.32056891856712], [742.7210806268331, 1.9128153277994373, 636.1614882371064, 873.5889684226596], [105.13882634104694, 28.799020301828488, 43.50512652423772, 180.39255494139658], [288.69163678243603, 16.377333855883503, 117.90264080265264, 166.44930649589688]], "pvals": [[1.0797498784328758e-07, 4.335011485624448e-09, 1.127995088253244e-20, 4.648926350927946e-31], [1.535009092787913e-163, 0.16665086257969056, 2.2843591565526665e-140, 5.411984556299064e-192], [1.13871663565769e-24, 8.029171730769382e-08, 4.228501823326957e-11, 3.9784156343498237e-41], [9.586034834077949e-65, 5.190220060305759e-05, 1.8211120323787205e-27, 4.412861604599737e-38]], "expected": [[11299.396105181604, 13178.755708660936, 4213.770981452199, 144185.07720470527], [4518.921822567755, 5270.526514142424, 1685.196400421352, 57663.35526286847], [142.4867594260422, 166.18571264471757, 53.13616466948057, 1818.1913632597596], [10782.195312824599, 12575.532064551922, 4020.896453456969, 137585.3761691665]]}