{"values": [[8268, 11420, 670, 1325, 1838, 488, 108, 145548], [4081, 4446, 540, 847, 1398, 258, 115, 55027], [162, 180, 37, 28, 57, 11, 5, 1585], [6953, 11809, 649, 1304, 1736, 329, 126, 139092]], "stats": [[0.094513153042804, 23.00583356134689, 38.29119010245767, 29.858188444910542, 70.44781864543381, 2.8317553630722823, 19.931086524271496, 74.86626225664415], [273.04232393060124, 10.4646516894335, 190.884765568841, 143.15289004222103, 454.3313108735191, 38.995322889526044, 62.781603221877184, 475.05422739559594], [39.33180877884514, 9.669615139648712, 73.76406290157651, 4.990946463840672, 36.6738073514066, 4.320646580091215, 3.9420607673427983, 117.37482762044874], [190.0158486177158, 46.665146743981865, 30.386389040527522, 15.272991648511994, 74.22828205892394, 46.24484955267742, 3.2775741517725008, 88.67680906845086]], "pvals": [[0.7585161605815574, 1.6151056650941108e-06, 6.093713418364718e-10, 4.6482955701486954e-08, 4.7260346145514894e-17, 0.09241729485310538, 8.028423462810446e-06, 5.03704456584151e-18], [2.4652530365039778e-61, 0.001216804879205291, 2.0380185534894142e-43, 5.442549092723711e-33, 8.232133389790406e-101, 4.2482210474416095e-10, 2.309459589991717e-15, 2.5465033307761566e-105], [3.5756862236400727e-10, 0.0018734055314555704, 8.80348523809278e-18, 0.025480268365473447, 1.3964314461237038e-09, 0.037652612612237686, 0.04709305430833794, 2.3763380480170275e-27], [3.154072214791032e-43, 8.421354031937532e-12, 3.540033742476756e-08, 9.303731277768876e-05, 6.958617980781236e-18, 1.0436052225030303e-11, 0.07023266691537965, 4.6488342495601255e-21]], "expected": [[8246.827389871141, 11802.064166916392, 803.3284387174109, 1484.6323044650885, 2130.769366197183, 460.134327240036, 149.9885376086305, 144587.2554689841], [3242.6390170812106, 4640.552292478274, 315.86742583158525, 583.7549895115374, 837.8150234741784, 180.92406353011688, 58.97524722804915, 56851.47194086505], [100.37249026071322, 143.64342972729997, 9.777344920587353, 18.069523524123465, 25.933685446009388, 5.600314653880731, 1.8255169313754869, 1759.7776945360104], [7874.161102786934, 11268.740110878034, 767.0267905304165, 1417.5431824992509, 2034.481924882629, 439.34129457596646, 143.21069823194486, 138053.49489561483]]}