{"values": [[10884, 12686, 3759, 145548], [6134, 5359, 2618, 55027], [261, 233, 101, 1585], [9464, 12913, 3495, 139092], [116, 104, 42, 1123]], "stats": [[29.604625239263605, 34.290942502296616, 87.96876632289366, 136.6131039022311], [737.6216012460129, 1.9231831352149777, 633.325456144515, 869.0807869852816], [104.80350276946304, 28.807128669429662, 43.38914328931446, 180.05680892862853], [292.2696805687063, 16.402535568787492, 119.02654889098585, 168.86682669832675], [7.339980558940753, 0.011910399224172636, 1.8112335509037378, 5.200098607456926]], "pvals": [[5.297837175413536e-08, 4.745853732098693e-09, 6.649622822128769e-21, 1.465252460105209e-31], [1.9721542364040329e-162, 0.16550617776500687, 9.452966359423966e-140, 5.1691203225164256e-191], [1.3486873672169685e-24, 7.995627623717509e-08, 4.4867058389604e-11, 4.70995365777335e-41], [1.5922820273171211e-65, 5.121667186178341e-05, 1.033371232377697e-27, 1.3081802106352026e-38], [0.006743756867371229, 0.9130955927477472, 0.1783603246789141, 0.022585606896902543]], "expected": [[11310.123501987608, 13178.089839335125, 4217.241404088234, 144171.54525458903], [4523.211987022098, 5270.260215713784, 1686.5843125219221, 57657.943484742194], [142.6220332047235, 166.17731595151798, 53.17992712108812, 1818.0207237226705], [10792.431690634865, 12574.89667368175, 4024.2080264234773, 137572.4636092599], [90.61078715070735, 105.5759553178222, 33.78632984527846, 1155.026927686192]]}