{"values": [[8268, 11420, 670, 1325, 1838, 488, 108, 145548], [4081, 4446, 540, 847, 1398, 258, 115, 55027], [6953, 11809, 649, 1304, 1736, 329, 126, 139092], [381, 558, 29, 32, 53, 16, 2, 3820]], "stats": [[0.03520726832318871, 32.76490800920035, 33.483094758692346, 26.69387780829752, 62.828396050729054, 3.060187056922895, 17.95606976266006, 86.01612377066252], [262.90250777858074, 13.849561132791726, 198.9118886140817, 147.5675996877474, 467.95197710035256, 39.486234234819015, 65.7782388318502, 458.4932969777717], [202.03023782435443, 34.54223084960491, 26.27652946360775, 13.120081263522588, 66.73360276210015, 45.24310060104851, 2.495160785656356, 100.25099854806211], [89.60569600550684, 147.04356239014163, 1.393573702563663, 2.4225523001027858, 0.9323921169401225, 0.39452030234216984, 0.7347746973356423, 195.63752858385763]], "pvals": [[0.8511620038846337, 1.0400557562055346e-08, 7.1886102458584015e-09, 2.3837560110224857e-07, 2.2552382685589293e-15, 0.08023243240356878, 2.2606237949442963e-05, 1.784744888328669e-20], [3.998084723545892e-59, 0.0001980429835785114, 3.608156106220486e-45, 5.89729260206204e-34, 8.942017692515876e-104, 3.3038017524053766e-10, 5.046233879800884e-16, 1.0227677413146452e-101], [7.530077807646219e-46, 4.17103008513693e-09, 2.958624792116968e-07, 0.00029214736229941517, 3.1079187330963327e-16, 1.7403255838246694e-11, 0.11419671304565225, 1.3425762539383142e-23], [2.9068604419662363e-21, 7.67729589401792e-34, 0.23780251276422054, 0.1195999251888175, 0.3342421054727552, 0.5299328575969997, 0.3913398877466986, 1.8701317458864116e-44]], "expected": [[8281.174696106293, 11878.39278540715, 794.3330704795346, 1475.9112347681182, 2114.154491080329, 459.0134427400277, 147.67526892919315, 144514.34501048934], [3256.1443216140215, 4670.564580202646, 312.3304617795698, 580.3258791963617, 831.2820818020859, 180.4833335813086, 58.065673773638245, 56822.80366805037], [7906.95628691732, 11341.619511687075, 758.4379144286897, 1409.2162096482223, 2018.617860171698, 438.2710617805617, 141.00196396423203, 137983.8791914022], [238.72469536236628, 342.42312270312897, 22.898553312205838, 42.546676387297715, 60.94556694588683, 13.232161898101998, 4.257093332936573, 4165.972130058076]]}