{"values": [[1710, 5156, 1276, 161814], [1089, 1622, 900, 63299], [65, 95, 33, 1885], [1420, 5378, 1116, 154310]], "stats": [[10.538105723214224, 0.39097014392371243, 21.688857496417373, 15.962743328922944], [237.45996646895702, 107.29248915076995, 259.63575451028663, 33.872543135720015], [81.96406321477461, 15.744008446628161, 13.735057900115558, 82.58319461003504], [95.27422715250086, 62.68216180163711, 65.4886207492109, 2.983659687094873]], "pvals": [[0.0011693821150131876, 0.5317898933182963, 3.206483763732492e-06, 6.460141911684626e-05], [1.4078560619311495e-53, 3.840872501589715e-25, 2.0602179621929016e-58, 5.884329808875988e-09], [1.3858371266050828e-19, 7.251725368201369e-05, 0.00021048859409258464, 1.0131480729934923e-19], [1.6575714749230437e-22, 2.4290576709750034e-15, 5.84504888168262e-16, 0.08410889447779363]], "expected": [[1814.929166832848, 5190.172087504487, 1408.6460036692856, 161542.25274199338], [714.5197024687911, 2043.3195319666575, 554.5700305109082, 63597.59073505364], [22.19058349619112, 63.45864575439716, 17.223083595899972, 1975.1276871535117], [1732.3605472021698, 4954.049734774459, 1344.5608822239062, 154193.02883579946]]}