{"values": [[1710, 5156, 1276, 161814], [1089, 1622, 900, 63299], [1420, 5378, 1116, 154310], [58, 207, 24, 4605]], "stats": [[7.651692423675501, 0.6813991884047113, 17.531678312921812, 13.843441883602189], [247.079835127203, 109.12459701741655, 269.9748178512517, 35.54976936384245], [86.72594161478393, 59.227057226917324, 58.529055794026526, 2.151702257470911], [0.6386125695390636, 22.438795347426474, 6.239654354732351, 9.625295434193642]], "pvals": [[0.005671908551931239, 0.4091053346677881, 2.825603962035917e-05, 0.0001986889482600128], [1.1248034711434034e-55, 1.5239863327869556e-25, 1.149205228419247e-60, 2.486164818842533e-09], [1.2465098047541453e-20, 1.4048878393843061e-14, 2.003107371422432e-14, 0.14241191806541656], [0.42421365278661605, 2.169473657328083e-06, 0.012492085362861623, 0.0019191557592527773]], "expected": [[1799.3331716107568, 5201.111994534437, 1395.040635272684, 161560.51419858212], [708.3797130579429, 2047.6264654045706, 549.2137312368807, 63604.78009030061], [1717.474078181314, 4964.491940274862, 1331.5744781971564, 154210.45950334668], [51.81303714998614, 149.76959978613016, 40.17115529327894, 4652.246207770605]]}