{"values": [[8268, 11420, 670, 1325, 1838, 488, 108, 145548], [4081, 4446, 540, 847, 1398, 258, 115, 55027], [162, 180, 37, 28, 57, 11, 5, 1585], [6953, 11809, 649, 1304, 1736, 329, 126, 139092], [83, 85, 11, 15, 19, 5, 3, 1123]], "stats": [[0.03846370602857449, 22.526492025395683, 39.23642365389555, 30.27158228465499, 70.67705814104306, 2.7045572241940214, 20.517698903087677, 76.13398590026671], [270.7195198282102, 10.30917160448138, 188.98774241750445, 142.3421064238576, 453.2683680301756, 38.69262020825244, 61.74692665093548, 472.66025770012413], [39.18068453411732, 9.69572097036407, 73.45312365773475, 4.968714783179273, 36.631813708990244, 4.3029614639097, 3.8947391439135033, 117.18169635051022], [192.36582137589852, 47.165015615054294, 31.21391493413961, 15.578309622953421, 74.45479495439386, 46.54241105752823, 3.544248903751122, 89.99040117685605], [4.724070081865325, 0.7313426106756508, 2.683828042636648, 0.6402486763076337, 0.1567632309383527, 0.1994207628280942, 1.4339162494203581, 2.8085813484769435]], "pvals": [[0.8445149422240186, 2.072653994422288e-06, 3.754700682543271e-10, 3.7558860833920984e-08, 4.207570745488964e-17, 0.10006185949175914, 5.908240947337084e-06, 2.6505600466607095e-18], [7.90849422600079e-61, 0.0013237068871129007, 5.287958447362133e-43, 8.186126324012301e-33, 1.4022773366443643e-100, 4.960811288902928e-10, 3.90560653472717e-15, 8.450465450784457e-105], [3.8634346449546885e-10, 0.001846976014425334, 1.0305477940408279e-17, 0.02580981888429236, 1.426839716754199e-09, 0.038046067032752644, 0.04843756066855699, 2.6193762416065287e-27], [9.6814343902132e-44, 6.525482265620367e-12, 2.3110357646822785e-08, 7.915746113717963e-05, 6.204280464682616e-18, 8.96568057651113e-12, 0.05975221394928444, 2.393182850868254e-21], [0.02974326217527819, 0.3924483420161001, 0.10137178196322014, 0.423620762227615, 0.6921541851078905, 0.655188796331786, 0.23112636637301706, 0.09376125724413828]], "expected": [[8254.290252971747, 11798.479033510543, 805.2863105549251, 1486.0002762678455, 2131.6650737709815, 460.7065363478884, 150.75365121557851, 144577.8188653605], [3245.573402624296, 4639.142623897417, 316.63725783007783, 584.2928737829282, 838.1672142245585, 181.1490552137467, 59.27608864464489, 56847.76148378233], [100.46332108794775, 143.59979491468053, 9.801174262787965, 18.086173167672182, 25.94458714134958, 5.607279035501662, 1.8348291619377577, 1759.6628412281225], [7881.286726201143, 11265.316986241363, 768.8961880015132, 1418.849336957171, 2035.337156282978, 439.88764609840115, 143.94123708261156, 138044.4847231348], [65.38629711486769, 93.46156143599546, 6.379069350695897, 11.77133982438325, 16.88596858013261, 3.649483304462099, 1.1941938952272864, 1145.2720864942357]]}