{"values": [[594, 12267, 0, 299, 40, 36, 0, 141780], [125, 2262, 0, 55, 8, 2, 0, 15202], [102, 260, 0, 84, 12, 1, 0, 11231], [107, 75, 0, 36, 4, 0, 0, 2765], [44, 160, 0, 24, 1, 0, 0, 8824], [0, 0, 0, 0, 0, 0, 0, 259]], "stats": [[182.56504652838288, 77.57054198409726, "null", 104.42125067057759, 10.627530165444119, 3.4788979754167983, "null", 9.12803612837366], [17.55158614423908, 734.8535277405394, "null", 2.363615811973601, 0.5221141875179546, 0.3145006784628833, "null", 744.4921312079535], [35.34989033918728, 515.7773088792704, "null", 104.59753587590647, 16.050907678243615, 0.3071398813099342, "null", 327.03635624036036], [581.6959619212334, 112.33277036183209, "null", 105.0331225584888, 6.496035456173079, "null", "null", 3.8549686314396068], [0.0014137388956014208, 462.9071668223313, "null", 0.015160034229886215, 0.7803302329512029, "null", "null", 428.19315033099565], ["null", "null", "null", "null", "null", "null", "null", "null"]], "pvals": [[1.33471326766001e-41, 1.2806595294409983e-18, 2, 1.6356683133799285e-24, 0.0011141642123705358, 0.06215611999815609, 2, 0.0025172178581190185], [2.7961743869341188e-05, 7.885597755992785e-162, 2, 0.12419402918151301, 0.4699412205405692, 0.574931431861027, 2, 6.324357423224778e-164], [2.7548407818256676e-09, 3.5095497276162684e-114, 2, 1.496427942284243e-24, 6.166206140727471e-05, 0.5794405946032338, 2, 4.248950063306867e-73], [1.60389308308091e-128, 3.021008991651626e-26, 2, 1.2011117124337592e-24, 0.010811530909090972, 2, 2, 0.04959885427555654], [0.9700068316870716, 1.1200717440116621e-102, 2, 0.9020072510199239, 0.37704016184638534, 2, 2, 4.019301826181917e-95], [2, 2, 2, 2, 2, 2, 2, 2]], "expected": [[766.1767424831816, 11842.633106036337, "null", 392.54734337101274, 51.23609903436914, 30.74165942062148, "null", 141932.6650496545], [87.25605235458332, 1348.698488246152, "null", 44.705261391545775, 5.835024077209789, 3.5010144463258737, "null", 16164.004159484184], [57.77859136881607, 893.071560416762, "null", 29.602611627232925, 3.863794690301486, 2.3182768141808916, "null", 10703.365165082707], [14.763443320671822, 228.19544490717433, "null", 7.563986392689885, 0.9872673002506878, "null", "null", 2734.897497699063], [44.745045993318385, 691.6147849831434, "null", 22.924930971885345, 2.992209865808328, "null", "null", 8288.92770226636], ["null", "null", "null", "null", "null", "null", "null", "null"]]}