{"values": [[634, 12303, 375, 141780], [133, 2264, 65, 15202], [114, 261, 97, 11231], [111, 75, 40, 2765], [45, 160, 25, 8824], [0, 0, 0, 259]], "stats": [[194.23097326867443, 79.47571911007398, 97.84260099592542, 8.434274560306921], [18.421832478725214, 730.5609469043218, 2.2295931781222667, 741.1583399500983], [46.538916372278145, 517.2453718432407, 109.72597550357084, 317.34659918442037], [581.2066458963064, 113.11520018104211, 102.51842703923187, 3.2782499895705484], [0.10857358237476485, 464.59391577829444, 0.18386022435957647, 431.46246472355637], ["null", "null", "null", "null"]], "pvals": [[3.7918659076975697e-44, 4.881882167835535e-19, 4.5299622858140016e-23, 0.003682137470887932], [1.770181319382188e-05, 6.764339886387948e-161, 0.13538949178501253, 3.356695368724698e-163], [8.981684452834206e-12, 1.682095908693855e-114, 1.125177067205156e-25, 5.481214501856897e-71], [2.0493264937570304e-128, 2.0359538069337755e-26, 4.273738161089848e-24, 0.07020374917629285], [0.7417739724920265, 4.810459059156782e-103, 0.6680765998404732, 7.80879398918138e-96], [2, 2, 2, 2]], "expected": [[817.3813369383472, 11872.917143975239, 474.506812764595, 141927.1947063218], [93.09457570783125, 1352.2503316172247, 54.04333131737166, 16164.611761357572], [61.678318586319584, 895.9117771125669, 35.80554270874097, 10709.604361592372], [15.763466708679985, 228.97309453504977, 9.151019246504678, 2737.1124195097655], [47.71729441002628, 693.1201597861386, 27.700878722117473, 8285.461667081718], ["null", "null", "null", "null"]]}