{"values": [[594, 12267, 0, 299, 40, 36, 0, 141780], [43, 20, 0, 7, 6, 0, 0, 1036], [125, 2262, 0, 55, 8, 2, 0, 15202], [102, 260, 0, 84, 12, 1, 0, 11231]], "stats": [[138.00271853523495, 6.4397832285254575, "null", 86.09866732499079, 23.742158918442446, 1.5760196783846179, "null", 51.20695712740273], [271.75634813993844, 57.42245747309896, "null", 5.550327387199985, 66.26246268282455, "null", "null", 4.887419577771604], [24.113819189689536, 618.4197764276136, "null", 3.8566761121799003, 0.26101721316402327, 0.4375605180668535, "null", 645.6896979807673], [43.576300071299315, 562.6461122357082, "null", 117.28996919348738, 13.827866221802939, 0.39865026101673323, "null", 362.5682997392191]], "pvals": [[7.277709871192648e-32, 0.01115922629628677, 2, 1.711781553187575e-20, 1.1014318648101158e-06, 0.20933495954730888, 2, 8.312350998919519e-13], [4.700297445719779e-61, 3.5157003642727914e-14, 2, 0.0184772306235878, 3.947042377868672e-16, 2, 2, 0.027053091082003985], [9.080630258085972e-07, 1.6498738049128656e-136, 2, 0.04954839672045147, 0.6094221755309797, 0.5083022455433714, 2, 1.934290435724112e-142], [4.077473239583145e-11, 2.2335877422695057e-124, 2, 2.4802158181940358e-27, 0.00020034275172033455, 0.5277871427114437, 2, 7.768720961742047e-81]], "expected": [[722.1242236024844, 12377.242624223603, "null", 371.9274068322981, 55.162267080745345, 32.5958850931677, "null", 141456.94759316772], [5.180124223602484, 88.78756901311249, "null", 2.668003795721187, 0.39570393374741203, "null", "null", 1014.7347739820566], [82.23913043478261, 1409.5825030193237, "null", 42.3569595410628, 6.282155797101449, 3.7121829710144927, "null", 16109.827068236715], [54.45652173913044, 933.3873037439613, "null", 28.047629830917874, 4.159873188405797, 2.458106884057971, "null", 10667.490564613527]]}