{"values": [[9956, 39510, 1944, 108451], [277, 131, 61, 720], [922, 3327, 260, 13427], [929, 918, 339, 9816], [11, 15, 2, 115]], "stats": [[16.450107289458273, 1683.2511415877127, 157.19974987107815, 1031.6708796954724], [578.3002688976123, 95.90904530457605, 123.43198170778963, 43.01041871671763], [46.876143631041764, 218.2556845396161, 1.0224262059158766, 283.52954069284436], [42.83470550207104, 1697.8951082599804, 202.11453698627494, 932.6043623122304], [0.24849219731714361, 11.900555411707378, 0.0, 7.750792284781391]], "pvals": [[4.99473551779452e-05, 0.0, 4.6291589994742576e-36, 2.3456565995925984e-226], [8.786335175217428e-128, 1.2028456228942083e-22, 1.1216620196028077e-28, 5.444912683365094e-11], [7.561760489388907e-12, 2.1720509616112638e-49, 0.31194419680906094, 1.277806073479201e-63], [5.956597036072574e-11, 0.0, 7.21779296351213e-46, 8.01978503007703e-205], [0.618138774318246, 0.0005611720881370609, 1.0, 0.005368898246304853]], "expected": [[10116.196718481042, 36718.57396759291, 2179.645196226672, 110846.58411769939], [75.24135278944807, 273.10216029843406, 16.211572167780215, 824.4449147443377], [1135.0116935504968, 4119.7311582108605, 244.55067990017318, 12436.706468338469], [759.5010228586676, 2756.746953660055, 163.6427999644223, 8322.109223516854], [9.049212320345731, 32.8457602377427, 1.9497517409525404, 99.15527570095902]]}