{"values": [[634, 12303, 375, 141780], [49, 20, 13, 1036], [133, 2264, 65, 15202], [114, 261, 97, 11231], [2, 5, 0, 130]], "stats": [[161.9946818719147, 5.359059388541719, 93.0251355182581, 52.7801148928355], [331.5073971926692, 58.08215599753467, 25.73277488991484, 2.8133827265396105], [24.095971181928565, 615.4254872542036, 3.1470410959369004, 642.7178878513151], [54.783750450505075, 563.8213702508784, 118.11217315950178, 352.5248022291053], [0.9656683534412341, 2.956199528061348, "null", 1.885279553653971]], "pvals": [[4.14811428937488e-37, 0.020614889696088146, 5.1634395319496e-22, 3.7305918466198786e-13], [4.513115728667025e-74, 2.5139633889652105e-14, 3.921110815174718e-07, 0.09348106883928321], [9.165184864694596e-07, 7.390995129697038e-136, 0.07606477757678728, 8.56723546868481e-142], [1.345486451947078e-13, 1.239788123816943e-124, 1.638543594781692e-27, 1.1949059233691925e-78], [0.3257628601413131, 0.08554880294196698, 2, 0.16973530333848497]], "expected": [[778.3244343452836, 12403.919338337444, 459.31162971019955, 141450.44459760707], [5.610648631767126, 89.4151975618424, 3.3110050938539906, 1019.6631487125364], [88.64624099421691, 1412.7281303509699, 52.312695865685946, 16110.312932789127], [58.731145740224214, 935.9803730467278, 34.6589379368276, 10673.62954327622], [0.6875302885081361, 10.956960703016467, "null", 124.94977761504248]]}