{"values": [[9956, 39510, 1944, 108451], [277, 131, 61, 720], [922, 3327, 260, 13427], [929, 918, 339, 9816]], "stats": [[16.179790516398615, 1671.203282183757, 157.75034107547162, 1024.042960487659], [578.459837549118, 96.03263957147028, 123.4366528483179, 42.92254945559597], [46.80603004611248, 219.13452242885216, 1.0231705897262457, 284.36181031346337], [42.90548173968696, 1699.5675431451607, 202.13582376063124, 933.754337468622]], "pvals": [[5.7605416060730764e-05, 0.0, 3.5090766827626716e-36, 1.0672211413362692e-224], [8.111443937207479e-128, 1.1300499346750616e-22, 1.1190245120996313e-28, 5.6950423879236704e-11], [7.837189198158481e-12, 1.3969085405087871e-49, 0.31176811514663605, 8.416040646661863e-64], [5.7449454494448685e-11, 0.0, 7.141006169116616e-46, 4.51005429741986e-205]], "expected": [[10114.563867886987, 36733.511246779904, 2179.603137369887, 110833.32174796323], [75.22920811778751, 273.2132594717993, 16.21125934613693, 824.3462730642763], [1134.8284918424195, 4121.407083167529, 244.5459610027855, 12435.218463987267], [759.3784321528054, 2757.8684105807693, 163.63964228119045, 8321.113514985234]]}