{"values": [[594, 12267, 0, 299, 40, 36, 0, 141780], [43, 20, 0, 7, 6, 0, 0, 1036], [125, 2262, 0, 55, 8, 2, 0, 15202], [102, 260, 0, 84, 12, 1, 0, 11231], [2, 5, 0, 0, 0, 0, 0, 130]], "stats": [[139.72853824350716, 5.851003668929725, "null", 85.19013665390553, 23.539481348225557, 1.5974231293493582, "null", 49.72110277482831], [271.21117788924647, 57.38338100011159, "null", 5.5601029090779805, 66.31868420516251, "null", "null", 4.874707238658397], [23.926862952763994, 619.4187362307559, "null", 3.8791162459525634, 0.26318240511437335, 0.43587247704161464, "null", 646.4937075420589], [43.34744232560152, 562.1986200103855, "null", 117.45822337045176, 13.848968629731406, 0.3974154097565105, "null", 362.246735227697], [1.1655015353222768, 2.9373082991474826, "null", "null", "null", "null", "null", 1.8369040198692645]], "pvals": [[3.05194394596264e-32, 0.01556816976799548, 2, 2.71010382484505e-20, 1.2237661402213945e-06, 0.2062687734723786, 2, 1.7722937633337694e-12], [6.1793167763579245e-61, 3.5862476085570804e-14, 2, 0.01837433413277861, 3.8360517278267077e-16, 2, 2, 0.027253063446292202], [1.0006567911936913e-06, 1.0004145548025804e-136, 2, 0.04889028589844619, 0.6079421814581385, 0.5091213923756319, 2, 1.2931944560532275e-142], [4.583349441054066e-11, 2.7947752219059126e-124, 2, 2.2784912036199853e-27, 0.00019810543720283287, 0.5284270745307724, 2, 9.127839502598792e-81], [0.28032748554244374, 0.08655485887798633, 2, 2, 2, 2, 2, 0.17531424894740288]], "expected": [[723.261565980098, 12372.28272335932, "null", 371.6528832114822, 55.121551217882754, 32.571825719657994, "null", 141461.10945051155], [5.188282895764753, 88.75198939706587, "null", 2.666034513412604, 0.39541186041625137, "null", "null", 1014.7646288703672], [82.36865669229401, 1409.017644618526, "null", 42.325695413476716, 6.277518870313401, 3.709442968821555, "null", 16110.301041436569], [54.54229051392982, 933.0132698306655, "null", 28.026927573555163, 4.156802741246383, 2.4562925289183175, "null", 10667.804416811685], [0.6392039179134632, 10.934372794422684, "null", "null", "null", "null", "null", 125.02046236982044]]}