{"values": [[634, 12303, 375, 141780], [49, 20, 13, 1036], [133, 2264, 65, 15202], [114, 261, 97, 11231]], "stats": [[160.35679499989124, 5.923579202636857, 94.06209260243277, 54.33077202691363], [332.09677846335745, 58.12162516473884, 25.700285128997475, 2.823426269957438], [24.26936170697104, 614.427979513344, 3.12507044863483, 641.9077904362423], [55.02934545153437, 564.270850887974, 117.93351176398328, 352.8470304822249]], "pvals": [[9.455694959923935e-37, 0.014939579822739763, 3.057795781098406e-22, 1.694277512540636e-13], [3.3582306770890237e-74, 2.4640272500898782e-14, 3.9876813471374604e-07, 0.09289790906748462], [8.376084977217593e-07, 1.2180358766363745e-135, 0.07709653930297798, 1.2853581224466544e-141], [1.187436210848213e-13, 9.89854947597584e-125, 1.7929872293878735e-27, 1.016635925836599e-78]], "expected": [[777.2275659160349, 12408.897740560522, 459.650711025612, 141446.22398249782], [5.60274171907079, 89.45108499436891, 3.3134494037515423, 1019.6327238828087], [88.52131460256389, 1413.2951389450202, 52.351315087537785, 16109.832231364879], [58.64837776233046, 936.3560355000889, 34.68452448309866, 10673.311062254483]]}