{"values": [[9956, 39510, 1944, 108451], [922, 3327, 260, 13427], [929, 918, 339, 9816], [881, 283, 195, 1845], [5, 2, 0, 252], [420, 704, 120, 7913]], "stats": [[78.39042984086512, 3008.7523661693513, 208.8857218374416, 1695.9631047223097], [57.879901985440675, 144.2483253411956, 0.17208362391283435, 220.690441394519], [33.330408196955055, 1547.5516475206498, 181.81965506020575, 842.7268694433343], [2370.4224766190227, 332.25631639293454, 507.5745780074038, 238.59893233131973], [8.11684770428447, 67.3047560633658, "null", 90.69545675759642], [56.31084052236082, 1156.7933270053393, 0.6348502430139313, 1229.0879205135532]], "pvals": [[8.456084420117659e-19, 0.0, 2.404211812716238e-47, 0.0], [2.7861930036303436e-14, 3.135440389153019e-33, 0.6782666254628128, 6.394134485274847e-50], [7.775723526219495e-09, 0.0, 1.9414516734832328e-41, 2.7718405323261884e-185], [0.0, 3.1000138232324657e-74, 2.137565767937754e-112, 7.947022931938011e-54], [0.004385575060120156, 2.3261954662748464e-16, 2, 1.6757758614057124e-21], [6.187335242606693e-14, 1.49781522903537e-253, 0.42558177434171274, 2.9090094271899843e-269]], "expected": [[10356.030278778178, 35336.705467372136, 2257.113897410816, 111911.15035643887], [1161.9204126094883, 3964.689006466784, 253.242472297561, 12556.148108626167], [777.5071806500378, 2652.9994121105233, 169.45897371294197, 8402.034433526496], [207.55982392957182, 708.2328042328043, 45.23800631363657, 2242.9693655239876], [16.778400248988483, 57.251028806584365, "null", 181.31369090846215], [593.2039037837358, 2024.12228101117, 129.2897702290793, 6410.3840449760155]]}