{"values": [[3887, 33388, 2637, 770334], [1642, 2916, 1277, 117224], [2490, 12831, 1769, 285808], [38, 72, 23, 2786], [124, 179, 55, 3975]], "stats": [[1129.0820073858897, 135.35358794388026, 957.4537143837393, 134.0822804596663], [954.8616857183845, 918.6439015348918, 975.7686290485213, 34.78606679561066], [164.72329142447046, 73.30964188408656, 126.1984174014204, 249.78534944983173], [17.585311589370466, 16.984681299940842, 5.999445566235488, 1.6331713494028246], [319.7369865056801, 0.24928907404843667, 59.514543405908164, 89.69945697809466]], "pvals": [[1.5781591957913708e-247, 2.763093734893777e-31, 3.1805068490623834e-210, 5.241750820273673e-31], [1.1639535355100932e-209, 8.687730726487465e-202, 3.3216746030898934e-214, 3.679977078909758e-09], [1.0513726089245154e-37, 1.1082520435999555e-17, 2.7822698091066275e-29, 2.892247896369828e-56], [2.747019508216079e-05, 3.768262594079742e-05, 0.014310374897117563, 0.20126496692274157], [1.6526897981308255e-71, 0.6175761076571566, 1.2139368818385613e-14, 2.7723110238327685e-21]], "expected": [[5330.810142707215, 32180.343443067904, 3753.917275655331, 768980.9291385695], [809.6357962290554, 4887.504392197547, 570.1395699884596, 116791.72024158493], [1992.841347696539, 12030.126243410497, 1403.3442126976852, 287471.6881961953], [19.204827677720544, 115.93321350591698, 13.523898331664595, 2770.338060484698], [28.507885689470065, 172.09270781813575, 20.075043326859436, 4112.324363165535]]}