{"values": [[29479, 86152, 5190, 4014, 4419, 1919, 573, 678048], [7258, 8428, 985, 1341, 2005, 482, 195, 102106], [13345, 27505, 1290, 2010, 2637, 897, 189, 254666], [456, 411, 91, 57, 101, 24, 11, 3161], [156, 175, 19, 20, 28, 13, 4, 2499]], "stats": [[1150.9123952065022, 1528.1182446414814, 37.15577753803755, 416.63481243727733, 1191.7254968195216, 85.68322086495908, 16.3696091006819, 0.6407597116100425], [1165.3920963911999, 1387.756760303021, 82.8789877793522, 555.3127633403086, 1478.6840639325994, 77.83519213654361, 111.97458253453333, 36.25569299214581], [111.52621961850912, 275.1622020877415, 221.41944093254625, 28.544013157741528, 94.52564826500934, 11.615245443949917, 12.45226984593755, 53.26515417405457], [464.6597361507246, 0.5324077126787914, 158.3207192755348, 36.76467945151687, 149.16813147976097, 12.361013628307813, 15.117789398471826, 345.9939770485404], [11.769677409653752, 48.68547397718962, 0.030459781879281465, 0.24147633519579503, 1.655458070199182, 2.811259682284754, 0.6550409364643444, 8.507023533364453]], "pvals": [[2.841784884160183e-252, 0.0, 1.0905914612975088e-09, 1.3180323636881823e-92, 3.8334047466397804e-261, 2.1119740288319267e-20, 5.211416872752601e-05, 0.4234358284358726], [2.0260670125158973e-255, 9.614338055598413e-304, 8.72335603384548e-20, 8.795453305795533e-123, 0.0, 1.1200668983920758e-18, 3.619204938123786e-26, 1.730537499993477e-09], [4.537642154845493e-26, 8.508802501458263e-62, 4.433755619935476e-50, 9.159259201847808e-08, 2.419372039969712e-22, 0.0006541340516653384, 0.0004174841605460554, 2.914305453187865e-13], [4.654394383594895e-103, 0.4655963623918473, 2.6336781525657657e-36, 1.3328323638779662e-09, 2.6350548454728284e-34, 0.00043839261191062125, 0.00010100697180110538, 3.1587992394030996e-77], [0.0006020341071619655, 3.0048376379403988e-12, 0.8614510699640042, 0.6231418552621174, 0.19821768357755523, 0.09360484839076427, 0.41831615780735465, 0.0035377827088640696]], "expected": [[33043.34498804291, 79959.36744049023, 4937.533796591806, 4850.841784057588, 5990.2225202216105, 2173.8185097866235, 633.5686931072258, 678205.3022677021], [5010.808630999574, 12125.318688076473, 748.744927995853, 735.5986474118995, 908.378335086718, 329.6454567480092, 96.07657689926985, 102845.4287367822], [12344.992120635017, 29872.81588413655, 1844.662392271477, 1812.274260499582, 2237.9468495016336, 812.1384921749672, 236.70123370136974, 253377.4687670794], [175.94956691262348, 425.76851940542144, 26.291434279463505, 25.829815697395038, 31.89680277600919, 11.575172715777002, 3.373633547147, 3611.315054666163], [118.90469340987589, 287.7294678913261, 17.767448861399966, 17.45549233353644, 21.555492414028475, 7.822368574622955, 2.27986274498756, 2440.4851737702224]]}