{"values": [[3887, 33388, 2637, 770334], [1642, 2916, 1277, 117224], [2490, 12831, 1769, 285808], [124, 179, 55, 3975]], "stats": [[1117.419774589452, 129.45479738100966, 952.61603283139, 136.68770144779586], [961.5944248271858, 922.161124974953, 980.2289829725454, 35.037690659187376], [168.29369099611037, 71.35086435984942, 128.1099134511387, 248.76821287916917], [320.9158407039476, 0.2372904539667135, 59.727549599588805, 89.60746095583326]], "pvals": [[5.405340486514744e-245, 5.3930762029515004e-30, 3.5816504289214145e-209, 1.411227211095149e-31], [4.003292801980295e-211, 1.4939049710449464e-202, 3.5629949655466634e-215, 3.2338478881477646e-09], [1.745227933144342e-38, 2.9902685792985175e-17, 1.0619600351977596e-29, 4.819289121330412e-56], [9.149812286008983e-72, 0.6261699775124013, 1.0894082994333735e-14, 2.9042683444755812e-21]], "expected": [[5318.534228752733, 32209.03806419161, 3747.7280369130763, 768970.6996701426], [807.7713480302064, 4891.862490084931, 569.19955728814, 116790.16660459673], [1988.2521861517926, 12040.853285998955, 1401.030461026524, 287467.86406682275], [28.44223706526856, 172.24615972450619, 20.041944772259733, 4112.2696584379655]]}