{"values": [[29479, 86152, 5190, 4014, 4419, 1919, 573, 678048], [7258, 8428, 985, 1341, 2005, 482, 195, 102106], [13345, 27505, 1290, 2010, 2637, 897, 189, 254666], [456, 411, 91, 57, 101, 24, 11, 3161]], "stats": [[1141.1322214808308, 1497.3499445792431, 37.56505765080218, 416.9566880297141, 1191.4162872315637, 83.91796875849846, 15.860601338944099, 0.36792986707033837], [1170.3315594216756, 1395.3706004614667, 82.99972389024656, 556.1085267083614, 1481.8229373187305, 78.50400258399317, 112.59124515717302, 35.68986767761706], [113.72190871439649, 281.5784074420553, 221.3824948050043, 28.755626750959383, 95.41201604659084, 11.993545079896029, 12.262719720115165, 54.48150835024406], [465.41952113422633, 0.5616213605909575, 158.36883354566515, 36.79874191987262, 149.3710804690768, 12.417758949313617, 15.170202797395044, 345.60278588804994]], "pvals": [[3.794712429376595e-250, 0.0, 8.841423824991697e-10, 1.1216691569822262e-92, 4.4749165428598405e-261, 5.1573639535712354e-20, 6.818349192670263e-05, 0.5441348358748292], [1.710590984874798e-256, 2.1301422096681056e-305, 8.206484997942071e-20, 5.904057348901481e-123, 0.0, 7.983631302382561e-19, 2.65176087050355e-26, 2.3136422991796277e-09], [1.499273569290798e-26, 3.401239408396115e-63, 4.516795391925378e-50, 8.211101090641022e-08, 1.5461236712803292e-22, 0.0005338513827030748, 0.00046209753280625795, 1.5691745886643846e-13], [3.1807145815834066e-103, 0.45360770845992615, 2.5706896350552413e-36, 1.3097474226626826e-09, 2.379186237021844e-34, 0.0004252702690905022, 9.824149889964388e-05, 3.843371429182144e-77]], "expected": [[33019.108691390094, 80033.01947565241, 4936.728506710665, 4849.179324617066, 5986.011987623493, 2170.4356933950276, 632.4448378104717, 678167.0714828008], [5007.133354041526, 12136.48754079447, 748.622811016221, 735.3465462364203, 907.73983516816, 329.1324746156546, 95.90615154363445, 102839.63128658391], [12335.9374413548, 29900.3322809806, 1844.3615360100691, 1811.6531657314363, 2236.3737947226377, 810.8746721314782, 236.28136141579498, 253363.1857476532], [175.82051321357542, 426.1607025725224, 26.287146263045152, 25.82096341507691, 31.87438248570933, 11.557159857839597, 3.3676492300989556, 3611.1114829621324]]}