{"values": [[3531, 33292, 0, 2185, 356, 96, 0, 770334], [402, 428, 0, 150, 23, 3, 0, 27275], [1405, 2894, 0, 1018, 237, 22, 0, 117224], [5, 12, 0, 9, 1, 0, 0, 9962], [2175, 12787, 0, 1410, 315, 44, 0, 285808], [156, 576, 0, 53, 4, 0, 0, 20262]], "stats": [[901.6151468701261, 362.1349417855781, "null", 616.2161157799436, 239.47454561933486, 1.1692782932010781, "null", 7.229008775155874], [335.41531216024, 428.83882832392453, "null", 18.918080853729048, 0.21033785894315074, 0.003120539092012045, "null", 113.391543203885], [698.66176086144, 827.3711663145878, "null", 759.136310083238, 271.64723666393195, 2.4133663581764475, "null", 40.04095141590362], [49.40111575873226, 378.5873925965443, "null", 20.895835237981423, 4.57297316371481, "null", "null", 463.4075190379531], [106.21483110660394, 141.37667535182453, "null", 92.24356002314002, 54.71801294077866, 0.8246924633156761, "null", 322.4081730330933], [7.723714937806254, 72.71436785508455, "null", 8.1053003992535, 7.6823985697792505, "null", "null", 61.85699526453146]], "pvals": [[4.37227593224642e-198, 9.654066632668776e-81, 2, 4.974417405294953e-136, 5.120101210460572e-54, 0.27954958144438236, 2, 0.007173480415981262], [6.3584860966199e-75, 2.908156290809065e-95, 2, 1.3645324739466133e-05, 0.6465027224572465, 0.955451913930867, 2, 1.7710870813385625e-26], [5.844043563299702e-154, 6.04227559802289e-182, 2, 4.138612070530735e-167, 4.9648390109835474e-61, 0.12030341362308723, 2, 2.486940801808112e-10], [2.08626953684487e-12, 2.5264433238314465e-84, 2, 4.849478266894934e-06, 0.032480147825219484, 2, 2, 8.716901826257233e-103], [6.615964607058855e-25, 1.3309961864131007e-32, 2, 7.663913763358238e-22, 1.3912526819160253e-13, 0.3638117623611188, 2, 4.328675812295676e-72], [0.005450013741901765, 1.4983925722486917e-17, 2, 0.0044136006620303665, 0.005576200345518424, 2, 2, 3.693280255294096e-15]], "expected": [[4800.757041965184, 31272.484202605887, "null", 3018.458786484495, 585.5497252123289, 103.2219066880708, "null", 770013.5283370441], [167.66018259436024, 1092.1507515910182, "null", 105.41573899111131, 20.449560973197965, 3.6048905561727183, "null", 26891.71887529414], [728.0036216041667, 4742.269095695946, "null", 457.72966826167635, 88.79481233014074, 15.65293166076199, "null", 116767.54987044731], [59.218470490260756, 385.7534690301857, "null", 37.233401109657045, 7.222893976919999, "null", "null", 9498.298498826533], [1793.5626032288517, 11683.39861516902, "null", 1127.6960594968998, 218.7613495728701, 38.563699443935434, "null", 287677.0176730884], [124.79808011717682, 812.9438659079426, "null", 78.46634565616083, 15.221657934542286, "null", "null", 20016.886745299562]]}