{"values": [[29479, 86152, 5190, 4014, 4419, 1919, 573, 678048], [3670, 1482, 247, 286, 547, 100, 35, 21914], [7258, 8428, 985, 1341, 2005, 482, 195, 102106], [291, 74, 1, 24, 7, 4, 1, 9587], [13345, 27505, 1290, 2010, 2637, 897, 189, 254666], [1217, 1945, 94, 115, 115, 41, 8, 17516]], "stats": [[2091.274990815978, 2166.822851910371, 51.36180183350216, 406.6820965699085, 1229.245646725, 68.31022385159186, 11.860342527958878, 0.0039808944570228115], [5362.468829577695, 656.430471837627, 34.76975847097468, 80.34692669062326, 540.3013498181625, 8.032100419601466, 7.463057094187448, 826.5953196992996], [894.0139963112555, 1247.53860360076, 89.26227131135946, 544.1505448016833, 1410.436137086439, 81.35056166003554, 115.36203272973613, 33.57764036374523], [44.94414162732399, 921.6882614154607, 58.07789312941228, 21.39169020564086, 61.77070098525395, 18.522823658939263, 5.058683807783878, 1107.277539940562], [19.440410920170425, 167.85763884071955, 205.29694917299483, 25.71134395500407, 75.94208189986057, 13.704449413770867, 11.031221635830665, 57.857101953239], [119.36562063015698, 5.16885512588303, 8.48791665366547, 1.0098427220702972, 11.820594848890869, 3.8228648113730106, 3.7813992714107902, 4.238434152725597]], "pvals": [[0.0, 0.0, 7.68187989827538e-13, 1.9335522378604602e-90, 2.6882366511473806e-269, 1.3969482494733188e-16, 0.0005734199659462708, 0.9496913894428505], [0.0, 8.925257603222247e-145, 3.7109328166578664e-09, 3.1411987837014995e-19, 1.6213415967515664e-119, 0.004595551711201633, 0.006297796457656636, 8.909979655032152e-182], [1.9638612546507412e-196, 2.8444603615565432e-273, 3.457913028796638e-21, 2.3577436329107573e-120, 1.1340710659947763e-308, 1.8902798830228027e-19, 6.556546806592705e-27, 6.8475364081138616e-09], [2.0273583474528403e-11, 1.8928453223647275e-202, 2.5194169674075593e-14, 3.743903377879784e-06, 3.8587343091498836e-15, 1.6788185694263723e-05, 0.024502840025022617, 8.652820881664505e-243], [1.0378760627173765e-05, 2.1731841462122734e-38, 1.4587888729807513e-46, 3.9648959133729056e-07, 2.9210807096430405e-18, 0.00021394700850977871, 0.0008959008886840449, 2.8186748943303613e-14], [8.710039409574376e-28, 0.02299536616303861, 0.003575129641271106, 0.3149405208806685, 0.000585791421342061, 0.050557725530431856, 0.051825303828120145, 0.039518598971926715]], "expected": [[34569.9549308048, 78565.00832320037, 4883.960154628901, 4873.325170303464, 6086.964558029872, 2153.897119557744, 626.2129005742962, 678034.6768429006], [1207.3106189945722, 2743.7805175000426, 170.56594286085098, 170.19452989445742, 212.57930370642757, 75.22204960547073, 21.86966937411449, 23679.477368064065], [5242.309112567925, 11913.873185142153, 740.6208331852657, 739.0081068929449, 923.0486367225101, 326.6245073212335, 94.96111874195607, 102819.55449942601], [426.42854825277686, 969.117909172516, 60.244800510485504, 60.1136154703064, 75.0841435848628, 26.568829019802944, 7.724483836428332, 8363.71767015282], [12915.333522859832, 29351.88338403682, 1824.6472821745695, 1820.6740525348912, 2274.0896702393443, 804.6958617301194, 233.95310995987498, 253313.72311646453], [898.6632665200926, 2042.3366809481063, 126.96098663992694, 126.68452490393634, 158.23368771698338, 55.99163276562937, 16.278717513329944, 17625.850502991994]]}