{"values": [[39661, 93834, 10925, 678048], [4499, 1864, 968, 21914], [10443, 10090, 4023, 102106], [300, 80, 36, 9587], [17461, 29881, 5733, 254666], [1434, 2088, 279, 17516]], "stats": [[2514.74930836046, 2092.3982660159895, 1532.7530670362944, 44.360307013615966], [5410.551736453534, 533.3153269691893, 491.3376195861622, 1102.9721300298595], [1850.8759377974968, 931.9854150960269, 1945.416837361817, 263.22300101722806], [128.61309007865256, 1003.5802602409141, 104.27339241706754, 1271.9485550427296], [3.9503209467202747, 242.75928799964237, 93.69952083359787, 64.62278738603149], [51.68003773218167, 10.233899052826747, 16.752259407259135, 0.14021411748478943]], "pvals": [[0.0, 0.0, 0.0, 2.731699837151803e-11], [0.0, 5.36643252583979e-118, 7.290580916193774e-109, 7.4629416971982686e-242], [0.0, 1.0932242662641074e-204, 0.0, 3.4040442028539694e-59], [8.241500955753283e-30, 2.9925936428673384e-220, 1.7623993044093356e-24, 1.4100845580600905e-278], [0.04686242920981201, 9.841733413447507e-55, 3.6724981601491326e-22, 9.070032631887597e-16], [6.532355478751593e-13, 0.0013788288680711682, 4.259151650853224e-05, 0.7080682432846628]], "expected": [[46071.68277168682, 86050.87588011865, 13712.003582716732, 676633.4377654778], [1638.1991307357625, 3059.7638632920307, 487.566136040005, 24059.4708699322], [7095.147146426847, 13252.036602916574, 2111.680694925598, 104203.13555573099], [560.3318825354704, 1046.565837733294, 166.767791376583, 8229.334488354652], [17238.537824987325, 32197.462508235694, 5130.589511748578, 253174.4101550284], [1194.101243627774, 2230.295307703752, 355.39228319250424, 17537.21116547597]]}