{"values": [[3887, 33388, 2637, 770334], [425, 431, 176, 27275], [1642, 2916, 1277, 117224], [6, 12, 10, 9962], [2490, 12831, 1769, 285808], [160, 576, 57, 20262]], "stats": [[1118.7887733946816, 361.6037468728593, 826.3704009495825, 20.62298097704799], [305.6754779440046, 428.3179770500645, 16.799489226850397, 110.47425739541113], [922.7644523780716, 823.4785833307732, 1004.2575531173284, 18.08570532408369], [54.81203825554765, 379.6519475731684, 27.44418169549467, 470.3851086104714], [148.19557380458843, 141.27603740582532, 138.82714752255248, 350.7524021488566], [2.801622116550254, 73.85128883193495, 15.969156723579827, 67.65054354513568]], "pvals": [[2.7244782310849237e-245, 1.2600123982150764e-80, 9.971859493648079e-182, 5.592081201734843e-06], [1.911233575590468e-68, 3.775564043936384e-95, 4.1544483556486005e-05, 7.714066356904248e-26], [1.104511837500585e-202, 4.2411707304852083e-181, 2.1322064945303083e-220, 2.111809283340344e-05], [1.3262590959362514e-13, 1.4816233600201646e-84, 1.6169460585870105e-07, 2.6422039761742157e-104], [4.299122191032312e-34, 1.400175836328886e-32, 4.80503910287513e-32, 2.9059883880246003e-78], [0.09416899171084926, 8.422939286413656e-18, 6.43829254451549e-05, 1.951989211531362e-16]], "expected": [[5384.733230160047, 31366.540119099536, 3706.147400920841, 769788.5792498196], [188.1226732944568, 1095.8309589326582, 129.47908965655645, 26893.56727811633], [817.8255573866027, 4763.905110937011, 562.8843499504073, 116914.38498172598], [66.39154648007997, 386.7365414822219, 45.6952734542339, 9491.176638583464], [2012.9996642365627, 11725.898392580786, 1385.486180054108, 287773.61576312856], [139.92732844225063, 815.088876967786, 96.30770596385332, 20003.67608862611]]}