{"values": [[3531, 33292, 0, 2185, 356, 96, 0, 770334], [1405, 2894, 0, 1018, 237, 22, 0, 117224], [2175, 12787, 0, 1410, 315, 44, 0, 285808], [104, 178, 0, 34, 20, 1, 0, 3975]], "stats": [[860.6333269753759, 129.93639075932265, "null", 690.083070365578, 297.14177180244803, 2.707199790038829, "null", 93.09722052589541], [742.8705801303896, 925.9979843870731, "null", 751.0209006380138, 252.4620281733467, 1.9678931222006493, "null", 63.1284947565882], [129.11077111034567, 71.49939222206436, "null", 88.66294673357179, 45.242372783525234, 0.4584431093070551, "null", 226.85637278888888], [247.16346873111868, 0.2585676702487035, "null", 18.71880084220226, 82.35596483523648, 0.0, "null", 70.92850672054244]], "pvals": [[3.547116018272377e-189, 4.23121933711776e-30, 2, 4.287731135772626e-152, 1.3819515363001255e-66, 0.09989620326978232, 2, 4.978760871861344e-22], [1.4243081528654574e-163, 2.189071074187997e-203, 2, 2.4066959075984616e-165, 7.545806064712408e-57, 0.16067167284278155, 2, 1.9365227971781874e-15], [6.413722087631392e-30, 2.7734354754742905e-17, 2, 4.681526133183694e-21, 1.7409724622943564e-11, 0.4983524883079655, 2, 2.8902497715201507e-51], [1.0785565864991164e-55, 0.6111058963940307, 2, 1.5148154304841107e-05, 1.1365795823456243e-19, 1.0, 2, 3.7040707462982877e-17]], "expected": [[4713.935438845612, 32112.909321510837, "null", 3036.1272327533693, 606.3107536034273, 106.49639314370545, "null", 769218.2208601431], [714.8376894497134, 4869.714105910307, "null", 460.408973371146, 91.94308743026113, 16.149486261996298, "null", 116646.94665757658], [1761.126056420414, 11997.381399739399, "null", 1134.2969901851231, 226.51766879530757, 39.78704742848614, "null", 287379.89083743125], [25.100815284260293, 170.99517283945636, "null", 16.166803690361412, 3.2284901710039575, 0.5670731658121175, "null", 4095.941644849106]]}