{"values": [[39661, 93834, 10925, 678048], [10443, 10090, 4023, 102106], [17461, 29881, 5733, 254666], [659, 537, 193, 3161], [207, 211, 65, 2499]], "stats": [[1599.3679654679802, 1456.3395024741908, 1551.2111729759404, 36.511670285024465], [2205.7324585999736, 1059.3514016271477, 1996.21301612644, 271.5925129451022], [54.392013860486735, 371.2747044409049, 106.73285194318109, 59.82208996065559], [732.2673888910521, 6.346243066689804, 185.87567881246602, 513.9138114899712], [13.36202125218652, 39.593009191212055, 4.716578674000362, 4.589194194074946]], "pvals": [[0.0, 0.0, 0.0, 1.5175493457798765e-09], [0.0, 2.258275784051976e-232, 0.0, 5.103072141278548e-61], [1.6422893965749034e-13, 9.87762902654037e-83, 5.094116521503889e-25, 1.0383139573633033e-14], [2.8785316413408374e-161, 0.011763015145869924, 2.5271563236346494e-42, 8.926632674044024e-114], [0.0002567714185231218, 3.128010308518314e-10, 0.029873124318746728, 0.032174137141432524]], "expected": [[44512.95014959629, 87523.94355597068, 13620.3864211015, 676810.7198733315], [6855.098668699774, 13478.892478110223, 2097.5714372711864, 104230.43741591882], [16655.310348836567, 32748.636924303406, 5096.309324637794, 253240.74340222223], [246.2514324942285, 484.19384484219034, 75.34975004013752, 3744.2049726234436], [161.38940037314052, 317.33319677349704, 49.38306694938244, 2453.89433590398]]}