{"values": [[39661, 93834, 10925, 678048], [10443, 10090, 4023, 102106], [17461, 29881, 5733, 254666], [659, 537, 193, 3161]], "stats": [[1587.801498756377, 1429.8073445404427, 1547.4514392476913, 38.43177349613043], [2213.3442630938307, 1065.5753035802388, 2001.464202157296, 270.4637787181413], [55.98355438149145, 378.04749428727513, 108.17678014800711, 60.78633488205041], [733.3201400331623, 6.249206500528727, 186.192918870925, 513.5498842979592]], "pvals": [[0.0, 0.0, 0.0, 5.67016728766993e-10], [0.0, 1.0023148697627643e-233, 0.0, 8.991476603689546e-61], [7.307977036205755e-14, 3.3117325988435946e-84, 2.458429879200169e-25, 6.361799925058344e-15], [1.699252383711803e-161, 0.012424895410864865, 2.1546557138007208e-42, 1.0711904289772019e-113]], "expected": [[44483.21126095094, 87593.27461331309, 13610.203914474232, 676781.3102112617], [6850.518810135553, 13489.569623464331, 2096.00330738112, 104225.908259019], [16644.183015821047, 32774.57836994944, 5092.499359056175, 253229.73925517334], [246.08691309245685, 484.577393273142, 75.29341908847245, 3744.0422745459286]]}