{"values": [[3531, 33292, 0, 2185, 356, 96, 0, 770334], [1405, 2894, 0, 1018, 237, 22, 0, 117224], [2175, 12787, 0, 1410, 315, 44, 0, 285808], [34, 71, 0, 18, 4, 1, 0, 2786], [104, 178, 0, 34, 20, 1, 0, 3975]], "stats": [[870.9757248604598, 135.93652181047602, "null", 693.465867778294, 298.0654111559652, 2.9054714219047204, "null", 90.77140929558529], [737.3296593960912, 922.4352702895204, "null", 747.8119301416331, 251.27892192998735, 1.9155769517977386, "null", 62.74028222341368], [126.14091669874169, 73.48725661001794, "null", 87.3578816195519, 44.66700975879628, 0.4201975600259149, "null", 228.0142832366452], [16.13842243338947, 17.463587283120763, "null", 3.954678438566022, 0.7922292976756249, 0.034664827340047534, "null", 2.205687336942061], [246.21211507492416, 0.2712413155096969, "null", 18.63744939651768, 82.13100103680816, 0.0, "null", 71.02103119997786]], "pvals": [[2.0020007697403518e-191, 2.060123351529534e-31, 2, 7.881404355446864e-153, 8.694759908715919e-67, 0.0882794389297807, 2, 1.6126683981907363e-21], [2.282553543104143e-162, 1.3023528590055264e-202, 2, 1.199962463860838e-164, 1.3665513508487385e-56, 0.16634507553320788, 2, 2.35842377927792e-15], [2.864064637368699e-29, 1.0128799045246213e-17, 2, 9.05585456421657e-21, 2.335596772241466e-11, 0.5168384821202416, 2, 1.6158546663650978e-51], [5.887736650816772e-05, 2.928635743994307e-05, 2, 0.046741247669275135, 0.3734268849895016, 0.8522997431760336, 2, 0.13750259435429446], [1.738831633460616e-55, 0.6025003003666418, 2, 1.5808450458148455e-05, 1.2735923824227884e-19, 1.0, 2, 3.534371736854058e-17]], "expected": [[4725.040592936502, 32083.866473378468, "null", 3040.7386351288155, 607.4959073826486, 106.89842147076651, "null", 769229.9599697028], [716.5217139329292, 4865.3099466418325, "null", 461.10826258754514, 92.12280830259209, 16.210451246378863, "null", 116648.72681728873], [1765.2749414621699, 11986.530993054343, "null", 1136.0198098939195, 226.9604421910253, 39.93724519241218, "null", 287384.27656820614], [17.00280353746381, 115.45206176314576, "null", 10.941933853258197, 2.186041232848154, 0.38466819977156363, "null", 2768.0324914135126], [25.15994813093478, 170.84052516221158, "null", 16.19135853646168, 3.234800890885807, 0.569213890670893, "null", 4096.004153388835]]}