{"values": [[4596, 8128, 1209, 70151], [2772, 7285, 765, 38107], [970, 1107, 317, 8607], [35, 51, 7, 136]], "stats": [[42.18109670453975, 657.5614688314146, 30.77662019370109, 705.4504036380038], [2.5944746768610907, 841.6218115987954, 0.38722127812981966, 504.4518563301334], [197.07882191728095, 23.6488697228361, 125.21164522506726, 64.07539050457883], [35.974877688386044, 25.173273170625446, 2.2687207116388675, 69.25309209943784]], "pvals": [[8.320037003394214e-11, 5.065883526787829e-145, 2.89504943942153e-08, 1.9520214222589037e-155], [0.10723699034458146, 4.819619578927363e-185, 0.5337636441566266, 1.0217501405891934e-111], [9.064028723891781e-45, 1.1561379566491236e-06, 4.5745943673623944e-29, 1.1974803191860658e-15], [1.9987802535503726e-09, 5.240341673687697e-07, 0.1320088307784082, 8.660504891741776e-17]], "expected": [[4880.897735072066, 9659.782200869366, 1339.579958819492, 68203.74010523908], [2840.224600153907, 5621.087047551701, 779.5098687631289, 39688.178483531265], [638.5847008173707, 1263.8226534389885, 175.2618705933737, 8923.330775150267], [13.292963956656475, 26.3080981399444, 3.6483018240053244, 185.75063607939381]]}