{"values": [[3639, 7477, 387, 426, 519, 213, 51, 70151], [2109, 6832, 293, 262, 343, 133, 27, 38107], [655, 888, 142, 97, 143, 47, 30, 8607], [26, 45, 5, 2, 4, 1, 0, 136]], "stats": [[9.256031631364117, 618.5472619956674, 45.9404249505143, 5.870548485070734, 20.216824227372893, 2.9381886375844455, 5.1450270352942935, 635.9665664389972], [3.726265571703454, 904.19654521844, 0.7725349775358427, 0.11528984354238626, 0.0001557438926705149, 0.0003216027510684781, 3.4533490303197185, 548.6033499943454], [70.85005145962437, 67.37466319977834, 111.40452113084244, 26.12165093250799, 64.7491969055974, 10.65318451427468, 61.418141410254535, 15.114478245149161], [25.616258484436788, 20.94084939150217, 8.191755424154405, 0.0670699720180513, 2.4402883046549255, 0.0, "null", 61.93041936099671]], "pvals": [[0.0023472107650169996, 1.5478289732630467e-136, 1.2190429415172319e-11, 0.015396254200689541, 6.914216298075859e-06, 0.08650769294187148, 0.02331304738945507, 2.518589882201671e-140], [0.053563022285828925, 1.2010043450900906e-198, 0.3794339774091853, 0.7342002718567746, 0.9900428671611978, 0.9856920747957044, 0.06312374540058707, 2.534071967532482e-121], [3.8543361965557323e-17, 2.2451578635554384e-16, 4.824915839287186e-26, 3.205692108715203e-07, 8.506427971665589e-16, 0.0010988154864275202, 4.615382731261985e-15, 0.00010118428550283265], [4.165151380724175e-07, 4.736850542944633e-06, 0.004208118553453662, 0.7956516675185472, 0.11825448949993228, 1.0, 2, 3.558103241316161e-15]], "expected": [[3756.964018984887, 8907.084395297503, 483.2803303313892, 459.9052236648166, 589.6370656642947, 230.24480066574046, 63.11278799974612, 68372.77137739162], [2181.1002630521098, 5170.995521767033, 280.5677271028301, 266.9973412695614, 342.31298264420263, 133.66830045769657, 36.64004174982546, 39693.71782195674], [481.0063753111843, 1140.3794015388196, 61.87467294794671, 58.881943905724384, 75.49159009005832, 29.47838106588997, 8.080368414000295, 8753.807266726377], [9.92934265181915, 23.540681396644498, 1.2772696178339458, 1.2154911598976001, 1.5583616014443182, 0.6085178106730044, "null", 180.70353392525934]]}