{"values": [[316, 2618, 0, 167, 28, 4, 0, 44973], [501, 3039, 0, 256, 29, 12, 0, 79026], [114, 305, 0, 65, 15, 2, 0, 10108], [6, 138, 0, 0, 0, 0, 0, 1967]], "stats": [[0.015618384326450945, 254.39824992436795, "null", 0.08994649439854857, 0.7191449950596658, 0.5811777331918588, "null", 211.67266727681903], [6.6423912557243625, 160.415523047493, "null", 5.231134485195771, 8.225761081252012, 0.2853562548277594, "null", 174.3020085075436], [30.85531191345901, 52.55293862767702, "null", 24.371146908097817, 17.13998831222295, 0.02376063263795379, "null", 7.481196911773219], [3.9178015352160616, 27.11566140947974, "null", "null", "null", "null", "null", 9.580572455659617]], "pvals": [[0.9005445024557793, 2.8550534519635635e-57, 2, 0.7642451879264542, 0.3964245095361384, 0.4458510570579508, 2, 5.928488002507104e-48], [0.009958018384951629, 9.180414068629014e-37, 2, 0.022186056986957248, 0.0041299881554400075, 0.5932118361531464, 2, 8.504166811622698e-40], [2.780001426215594e-08, 4.1880562134545593e-13, 2, 7.944977568526975e-07, 3.47234826218412e-05, 0.8774955311409269, 2, 0.006234661329973002], [0.04777732111429376, 1.916390933115072e-07, 2, 2, 2, 2, 2, 0.0019664708231435734]], "expected": [[313.7005755485806, 2042.2342698466828, "null", 163.37874158773462, 24.105060234255927, 6.026265058563982, "null", 45556.555087724184], [540.3519476090723, 3517.7661477218157, "null", 281.42129181774527, 41.521174202618155, 10.380293550654539, "null", 78471.5591450981], [69.18158662110531, 450.38172720249986, "null", 36.03053817619999, 5.315981042390162, 1.3289952605975406, "null", 10046.761171697208], [13.76589022124171, 89.61785522900152, "null", "null", "null", "null", "null", 1999.124595480517]]}