{"values": [[344, 2622, 199, 44973], [530, 3051, 297, 79026], [129, 307, 82, 10108], [3, 22, 2, 192], [1, 4, 0, 242]], "stats": [[0.0267779114549889, 267.7997673364416, 0.03297169112378508, 218.3689878417735], [13.304690398555355, 145.9189081538915, 11.85782363831579, 173.37463705926896], [40.946872493093565, 50.32927844342636, 36.404845500823214, 4.860231795501226], [0.5847613406744882, 16.946275433030888, 0.4137123452720004, 19.81155290031203], [0.03602138100064006, 3.5325310362665805, "null", 4.749127107282812]], "pvals": [[0.8700148859962946, 3.423320125724432e-60, 0.8559114925458102, 2.051893530346182e-49], [0.00026474300312945563, 1.3522875266427833e-33, 0.0005741960817254313, 1.3556680953576722e-39], [1.5642413389842606e-10, 1.2999551861186444e-12, 1.603041959374359e-09, 0.02748264352228516], [0.4444520557721141, 3.845268723310211e-05, 0.5200912541597287, 8.546454976923548e-06], [0.8494713452070537, 0.06017586208754078, 2, 0.029313160245028728]], "expected": [[341.0511629870404, 2034.1144835155558, 196.43463210772933, 45566.39972138967], [587.3635301898208, 3503.183080754781, 338.3027284112176, 78475.15066064418], [75.2837603951201, 449.0111866267044, 43.361053653594496, 10058.343999324581], [1.5515851238971674, 9.254041960403562, 0.8936637257798978, 207.30070918991936], [1.7499613041214628, 10.437207142555616, "null", 233.80490945164422]]}