{"values": [[344, 2622, 199, 44973], [530, 3051, 297, 79026], [129, 307, 82, 10108], [6, 138, 0, 1967]], "stats": [[0.14464850866478549, 251.8172664794083, 0.19362488281052553, 210.59896991923844], [10.757745454484532, 158.56177921814006, 9.108625505145698, 178.84621781191566], [42.41256306129444, 52.19034392135049, 38.17432209926632, 5.198929194015394], [4.769354828663987, 26.820598746570827, "null", 8.745010137975791]], "pvals": [[0.7037028109968534, 1.0429532053574287e-56, 0.6599166287118832, 1.0166896749590437e-47], [0.0010384380615089353, 2.332871761419296e-36, 0.0025440696723660785, 8.656496543656905e-41], [7.391373590788604e-11, 5.037322716466697e-13, 6.469823980973567e-10, 0.022600806655371092], [0.028970680406226156, 2.2324501635121606e-07, 2, 0.003104503756741795]], "expected": [[337.81874960877457, 2048.340049659547, 193.51757906231092, 45558.32362166937], [581.7966184213271, 3527.682568386204, 333.278935032237, 78461.24187816023], [74.5702362653795, 452.1513433811614, 42.7171422808616, 10056.561278072597], [14.814395704518741, 89.82603857308787, "null", 1997.873222097803]]}