{"values": [[4596, 8128, 1209, 70151], [2772, 7285, 765, 38107], [970, 1107, 317, 8607], [51, 336, 12, 1733]], "stats": [[27.392679454754617, 676.0980588486067, 24.09383759412414, 672.1415825320097], [0.7399418109095847, 811.0551072287985, 0.06065915711975436, 513.2648965897532], [207.58940000562876, 25.071568528582805, 129.86483659386195, 65.74396189648772], [44.19696800037671, 37.45294478172189, 13.658643647052587, 0.017543209823266494]], "pvals": [[1.6605867141954507e-07, 4.714841842047358e-149, 9.175345386120382e-07, 3.418816207252889e-148], [0.3896795187912153, 2.130601641974885e-178, 0.80545713282386, 1.2355805111858999e-113], [4.611100039739017e-47, 5.524137801589294e-07, 4.3865306355050076e-30, 5.134764088913097e-16], [2.969408618928305e-11, 9.364520152969096e-10, 0.0002192298013111913, 0.8946277497131001]], "expected": [[4826.54794520548, 9697.972602739726, 1325.013698630137, 68234.46575342465], [2808.5981210570253, 5643.310278762334, 771.0336718076444, 39706.057928373], [631.4739301794096, 1268.8192355589615, 173.35611648625348, 8927.350717775375], [122.38000355808575, 245.89788293897882, 33.59651307596513, 1730.1256004269703]]}