{"values": [[344, 2622, 199, 44973], [530, 3051, 297, 79026], [129, 307, 82, 10108], [3, 22, 2, 192]], "stats": [[0.021505690269299698, 265.77650173690625, 0.022938170135153414, 216.2981356109264], [13.533512561840077, 148.5691150553922, 12.211228320129466, 176.6553580489661], [40.83598683584066, 50.627948264333355, 36.203221066003294, 4.977976794454843], [0.5829045950464369, 16.90148844874313, 0.4108808721076789, 19.757603276293384]], "pvals": [[0.8834097183870127, 9.449933294350968e-60, 0.8796179697896028, 5.806108479629558e-49], [0.0002343410378633958, 3.5622698613586035e-34, 0.0004750274813260514, 2.604524720061435e-40], [1.6555614868951707e-10, 1.1164383074144587e-12, 1.777764754195823e-09, 0.025671989023339236], [0.4451760592566618, 3.937069819006631e-05, 0.5215227477762348, 8.791126342147438e-06]], "expected": [[341.3056023455285, 2036.298434669843, 196.77658982147764, 45563.61937316315], [587.8017295453424, 3506.944314842093, 338.89165321699664, 78470.36230239557], [75.33992543361971, 449.49327281569134, 43.43653752634138, 10057.730264224347], [1.5527426755093843, 9.263977672373086, 0.8952194351843369, 207.2880602169332]]}