{"values": [[316, 2618, 0, 167, 28, 4, 0, 44973], [501, 3039, 0, 256, 29, 12, 0, 79026], [114, 305, 0, 65, 15, 2, 0, 10108], [3, 22, 0, 2, 0, 0, 0, 192]], "stats": [[0.0006529153548605166, 268.53136181696846, "null", 0.0006308230034092555, 0.5855129577269856, 0.6398452073028426, "null", 217.73079552516077], [8.711833371465598, 150.30182414675747, "null", 7.510340299662814, 9.047421915211501, 0.22024547373115885, "null", 171.67835676719645], [29.624814301101008, 50.97693793886523, "null", 22.92884787640386, 16.67188503348447, 0.01885703516720458, "null", 7.1987874043860485], [0.7815486391044262, 17.000570118331506, "null", 0.7335489828152407, "null", "null", "null", 20.326332142914918]], "pvals": [[0.9796145057694503, 2.3713503300488256e-60, 2, 0.9799622864510867, 0.4441594944089181, 0.4237668553968399, 2, 2.8272640676647804e-49], [0.0031615109783675386, 1.4893219300288955e-34, 2, 0.006134578029700854, 0.002630655098825126, 0.6388529433411336, 2, 3.181316713306456e-39], [5.242943833000036e-08, 9.345758079603157e-13, 2, 1.6810988847864096e-06, 4.4434685597128814e-05, 0.890777135025929, 2, 0.007295285852431292], [0.3766679290068663, 3.736859609909569e-05, 2, 0.39173523828855716, 2, 2, 2, 6.5295762302965976e-06]], "expected": [[316.86850920682383, 2030.1297206569955, "null", 166.23722645754142, 24.426694499883638, 6.1066736249709095, "null", 45562.23117555378], [545.8087406644711, 3496.9159573192665, "null", 286.3450566655148, 42.07519199983074, 10.518797999957686, "null", 78481.33625535097], [69.88022313589146, 447.7122647164609, "null", 36.66093076722357, 5.3869122760001975, 1.3467280690000494, "null", 10048.012941035424], [1.4425269928136701, 9.242057307277305, "null", 0.7567861097202339, "null", "null", "null", 207.419628059832]]}