{"values": [[3639, 7477, 387, 426, 519, 213, 51, 70151], [2109, 6832, 293, 262, 343, 133, 27, 38107], [655, 888, 142, 97, 143, 47, 30, 8607], [14, 12, 0, 0, 1, 1, 0, 219], [26, 45, 5, 2, 4, 1, 0, 136]], "stats": [[9.48821236642114, 610.2446153309444, 45.10568509081216, 5.588852226236714, 19.92898267271332, 2.9930615300571684, 5.044693333796331, 628.4083967257242], [3.820666285157465, 909.5222625636455, 0.8377017461012447, 0.09279248774594147, 0.0008761048793813818, 0.0008543028439334712, 3.4082560579330723, 551.9417544803661], [70.64007828099538, 66.84117675677287, 111.88350377703429, 26.305836974350076, 64.89777153536458, 10.61397323361566, 61.59712919952993, 15.35508019689255], [0.49386004357287816, 8.322442312539472, "null", "null", 0.03773218124707983, 0.0, "null", 6.0489250824526435], [25.591379450748033, 21.003251578911815, 8.217233687866658, 0.06818792677995338, 2.4450382174662044, 0.0, "null", 62.02580780391162]], "pvals": [[0.0020679621313627237, 9.897939120040716e-135, 1.8668266597055624e-11, 0.018075136239146788, 8.037262788388553e-06, 0.08362193469170134, 0.024701479388302687, 1.1091266937537664e-138], [0.05062410348832377, 8.352323420978812e-200, 0.3600549008705273, 0.7606566567975759, 0.9763868079046134, 0.9766823835382205, 0.0648709697233637, 4.759715222925507e-122], [4.287184139955553e-17, 2.9428645015220794e-16, 3.78934675654773e-26, 2.9140663258593716e-07, 7.888623851974697e-16, 0.0011223625902497829, 4.2143263800233265e-15, 8.908107835300205e-05], [0.48221046161584347, 0.003915823491636293, 2, 2, 0.8459819101262565, 1.0, 2, 0.013914765321986784], [4.219201366640104e-07, 4.585045587653962e-06, 0.0041494406746414095, 0.7939936602984689, 0.11789701377734767, 1.0, 2, 3.38985411906683e-15]], "expected": [[3758.598103404579, 8898.59622370533, 482.4399552251415, 459.1054954802737, 589.1951085579117, 230.4277899805694, 63.00304131114303, 68381.63428233506], [2182.048928501028, 5166.067725493509, 280.07984849764864, 266.53306017853623, 342.05640505758777, 133.77453465123483, 36.576328461603445, 39698.86316915885], [481.2155881276224, 1139.2926557967953, 61.76707921489116, 58.77955422263524, 75.435006054462, 29.501809298527217, 8.066317479090985, 8754.941989805975], [11.203718566078116, 26.52514713750669, "null", "null", 1.756286784376672, 0.686864633493847, "null", 203.83360085607276], [9.933661400692744, 23.518247866858157, 1.2750485764974233, 1.2133775449860607, 1.5571935456619075, 0.6090014361747065, "null", 180.72695784404831]]}