{"values": [[4596, 8128, 1209, 70151], [2772, 7285, 765, 38107], [970, 1107, 317, 8607], [15, 13, 2, 219], [35, 51, 7, 136]], "stats": [[42.17125632099484, 648.7546222227838, 30.1901010794298, 696.9435272079008], [2.6061971828632235, 846.9222087395392, 0.351262740379783, 507.93269583182695], [196.98923881307672, 23.306498576180886, 125.56501170076754, 64.62421540241978], [0.00014989321928537977, 9.002996467755453, 0.5501032879371754, 7.150595531073799], [35.96964537252756, 25.245359198868126, 2.275590208637302, 69.36201878917774]], "pvals": [[8.362007932647485e-11, 4.168278141636062e-143, 3.917036208824052e-08, 1.3815172523410656e-153], [0.10644674598616867, 3.3937987532125524e-186, 0.5533991923302076, 1.7864984022457073e-112], [9.481384242963157e-45, 1.3813250266061753e-06, 3.828401424202743e-29, 9.063461608756466e-16], [0.990231672637815, 0.0026953731154031116, 0.4582754938134753, 0.007493909910226515], [2.0041548138118018e-09, 5.048088880318684e-07, 0.1314250843733516, 8.195170773191657e-17]], "expected": [[4881.215513661656, 9650.7007723611, 1338.4353459015033, 68213.64836807574], [2840.4095174819367, 5615.802508097334, 778.8438114220857, 39693.94416299865], [638.6262768873017, 1262.6344987957812, 175.1121169338095, 8924.627107383109], [14.454862552944107, 28.578855576779336, 3.9635412341167675, 202.00274063615979], [13.293829416161449, 26.283365169005897, 3.6451845084848986, 185.77762090634775]]}