{"values": [[4195, 12546, 1067, 113093], [591, 880, 126, 9817], [560, 1192, 104, 10698], [26, 40, 8, 304]], "stats": [[162.73300006248292, 19.749400036925337, 6.306127667969263, 13.421828063711375], [108.24035207912156, 42.99994931735796, 9.909443132911779, 0.6217583687761543], [40.597462587552734, 0.03877910039004816, 0.010996510083106642, 12.403404979881268], [12.246105496398485, 0.45029599548676885, 5.944635454454027, 10.392331994784318]], "pvals": [[2.8612204712467707e-37, 8.828940580495677e-06, 0.01203213556556114, 0.00024871320827202844], [2.3808280970196324e-25, 5.474128288820531e-11, 0.0016443286496043879, 0.4303946147668093], [1.8704940456434638e-10, 0.8438869353983223, 0.9164835300821751, 0.00042855170160851325], [0.00046623022881265804, 0.5021944243412069, 0.014762144021558078, 0.0012653970741154422]], "expected": [[4529.557234600346, 12359.316817716284, 1100.3485091499354, 112911.77743853343], [394.957764079177, 1077.6788730217008, 95.94562213762585, 9845.417740761497], [434.40509639477733, 1185.3145761270748, 105.5284160080388, 10828.751911470108], [13.079904925699047, 35.68973313493981, 3.177452704400085, 326.0529092349611]]}