{"values": [[278, 4163, 197, 125361], [68, 211, 30, 10972], [55, 378, 21, 11980], [41, 88, 27, 3713], [3, 6, 5, 1022], [0, 5, 0, 4]], "stats": [[113.1764709958504, 50.27678817264956, 24.717080140972843, 5.785389365673023], [43.852088323710674, 57.357047254574155, 4.978411800248039, 21.31859857302369], [12.006753332861207, 0.008952290583496782, 0.009926718309093339, 0.6943276950387515], [83.23486717337862, 7.945367551232058, 58.17728054386818, 2.9699843444203875], [0.0, 20.78259911152199, 3.9348350891168566, 13.760718118718819], ["null", 66.89991259401557, "null", 57.34401330110012]], "pvals": [[1.9740017545248634e-26, 1.3351955084588108e-12, 6.639317352280696e-07, 0.0161599180021267], [3.541530691218637e-11, 3.634586757938414e-14, 0.025665534442717828, 3.889396471601189e-06], [0.0005300811881049815, 0.9246194078021075, 0.9206357592182077, 0.4046962603929741], [7.286116435059766e-20, 0.0048210625404045354, 2.3952941943799415e-14, 0.0848226752788371], [1.0, 5.144830208735256e-06, 0.04729577749767184, 0.00020763271423071772], [2, 2.856475668745811e-16, 2, 3.658752987263232e-14]], "expected": [[364.68690899462894, 3975.4970686133597, 229.46592026628338, 125429.35010212573], [31.646651284766875, 344.9840570391104, 19.912499684797137, 10884.456791991326], [34.88116852005951, 380.2439291928285, 21.947701540711602, 11996.9272007464], [10.8537269586706, 118.31781904833952, 6.829311344781502, 3732.9991426482084], [2.906296492422523, 31.68189726908238, 1.8286809390523742, 999.5831252994427], ["null", 0.2752288372796732, "null", 8.683637188894773]]}