{"values": [[4195, 12546, 1067, 113093], [591, 880, 126, 9817], [560, 1192, 104, 10698], [484, 346, 141, 3009], [46, 22, 15, 960], [0, 9, 0, 0]], "stats": [[449.81024268637896, 36.140351728797675, 69.60531855408374, 76.40122409753795], [77.99340540968169, 40.02196624296275, 4.971504143419736, 0.006954646709349405], [23.534499893729794, 0.2058665323558999, 0.880440882976929, 7.607751231164253], [827.9065628753777, 2.1666147299021707, 311.50660202597817, 369.16733333853176], [1.4024292886585277, 64.40551981698431, 2.703516186136879, 30.997788668847218], ["null", "null", "null", "null"]], "pvals": [[7.932535828342921e-100, 1.836052768822361e-09, 7.244130140477291e-17, 2.3150772815844966e-18], [1.0338513519729622e-18, 2.5112295310680784e-10, 0.025768229145618778, 0.9335378421981914], [1.2269386159995851e-06, 0.6500266464655975, 0.3480809535727387, 0.005811791888665983], [4.6216867875413014e-182, 0.14103640495628578, 1.0257088603005605e-69, 2.8411357914449423e-82], [0.23631725169840273, 1.0127403438770805e-15, 0.10012720207223515, 2.5832257875108882e-08], [2, 2, 2, 2]], "expected": [[4810.315607782315, 12275.473543004735, 1189.4806974315359, 112625.73015178142], [419.43867768181565, 1070.368102763585, 103.71756274194658, 9820.475656812652], [461.33109861726945, 1177.2736255558127, 114.07659739463793, 10801.31867843228], [146.25599589746156, 373.23156202900543, 36.165752559396125, 3424.346689514137], [38.32789038217397, 97.80917567745043, 9.477608019962352, 897.3853259204133], ["null", "null", "null", "null"]]}