{"values": [[261, 4149, 0, 166, 17, 14, 0, 125361], [63, 210, 0, 24, 5, 1, 0, 10972], [53, 378, 0, 19, 2, 0, 0, 11980], [35, 87, 0, 20, 6, 1, 0, 3713], [2, 6, 0, 4, 1, 0, 0, 1022], [0, 5, 0, 0, 0, 0, 0, 4]], "stats": [[99.13157310378834, 49.84791552169866, "null", 17.389186739504233, 13.639798945589298, 0.06327483278202238, "null", 7.148442892760569], [40.08983596400442, 57.365331048063744, "null", 3.1289465218649015, 2.5751500136929253, 0.0, "null", 22.783758620783203], [13.467430248159504, 0.0008645796034309496, "null", 0.003254752804187269, 0.0, "null", "null", 0.8452958727561093], [60.77000951807913, 8.215275717609051, "null", 34.577962331056554, 30.57382057553234, 0.032030931015467216, "null", 1.5128129907453878], [0.015244193091198743, 20.65562279882167, "null", 2.596916912283055, 0.44092089984273203, "null", "null", 14.743117422053375], ["null", 67.12130979892245, "null", "null", "null", "null", "null", 57.86834187115149]], "pvals": [[2.3627122380005228e-23, 1.6613679003193566e-12, 2, 3.0455368986473387e-05, 0.0002214411463544514, 0.801392858693888, 2, 0.007502909948779744], [2.4254771108522487e-10, 3.619310864644868e-14, 2, 0.07691342748401693, 0.10855381022646136, 1.0, 2, 1.812913401642529e-06], [0.00024274054356074085, 0.9765425943816067, 2, 0.954505014530611, 1.0, 2, 2, 0.3578865278727489], [6.41477699855499e-15, 0.0041539203051316025, 2, 4.095163573121357e-09, 3.214014155882251e-08, 0.8579597878584007, 2, 0.21871035021950683], [0.9017370062784206, 5.497550079361576e-06, 2, 0.10707182361305677, 0.5066783108329651, 2, 2, 0.00012319641791317098], [2, 2.553037950889697e-16, 2, 2, 2, 2, 2, 2.8026149531535204e-14]], "expected": [[339.30137910594584, 3962.613932312194, "null", 190.95947181566518, 25.406625005517686, 13.113096777041386, "null", 125436.60549498364], [29.435115177732516, 343.76517363366355, "null", 16.56613970147748, 2.2040786727287633, 1.1375889923761358, "null", 10881.891903822021], [32.455640965815576, 379.0411209413486, "null", 18.266097451775433, 2.4302533090344998, "null", "null", 11998.552563043491], [10.082342777508025, 117.74909982910941, "null", 5.674361997969492, 0.7549580340646105, 0.3896557595172183, "null", 3727.3495816018312], [2.7020260939204572, 31.556270927790845, "null", 1.520705506964895, 0.20232562539017915, "null", "null", 998.9142457167], ["null", 0.27440235589383344, "null", "null", "null", "null", "null", 8.68621083231913]]}