{"values": [[4195, 12546, 1067, 113093], [20, 23, 2, 301], [591, 880, 126, 9817], [560, 1192, 104, 10698], [26, 40, 8, 304]], "stats": [[167.13780201289407, 21.271098937132482, 5.949105909868057, 12.951589720263403], [4.882863062953294, 2.8360454970207036, 0.057446753049253035, 0.10207951478924675], [107.41601541582124, 42.708810576708224, 9.959286439892576, 0.6300686601091074], [40.11263847485856, 0.049196762028386166, 0.009489525641598306, 12.441425694683613], [12.190089365713419, 0.456131276644357, 5.954776297115963, 10.399291717003974]], "pvals": [[3.1212567643367195e-38, 3.986975535112698e-06, 0.014724752670834564, 0.00031964994128564673], [0.027124591646692214, 0.09217079586659163, 0.8105779353731486, 0.7493482637271424], [3.6087857268174536e-25, 6.352551880107082e-11, 0.001600400713149283, 0.42733013004156517], [2.397329385552417e-10, 0.8244669083896984, 0.9223974713268666, 0.00041991512114142814], [0.00048044081645754177, 0.49943759830961765, 0.014677465199590524, 0.0012606365894353472]], "expected": [[4536.310708065273, 12351.182771718522, 1099.5842165135964, 112913.92230370261], [11.990462295861638, 32.64688000102832, 2.906441806508005, 298.45621589660203], [395.54663770221026, 1076.969619455888, 95.87897913145193, 9845.60476371045], [435.0527851510029, 1184.5344841991607, 105.45511687543784, 10828.957613774399], [13.099406785652311, 35.666244625400886, 3.175245673005855, 326.05910291594097]]}