{"values": [[278, 4163, 197, 125361], [68, 211, 30, 10972], [55, 378, 21, 11980], [3, 12, 3, 354]], "stats": [[73.14414583961734, 33.686864034628016, 6.155646762089224, 6.242292087097991], [52.59946697053496, 60.164578961054886, 7.277261261373453, 21.45231202225641], [16.04374499079325, 0.10274251808376204, 0.0032422795124906266, 0.6776955606335974], [2.395346327197347, 0.0, 5.94396853706011, 1.5495450126059334]], "pvals": [[1.205185067912079e-17, 6.473636458049051e-09, 0.01309932074016991, 0.012473494285299121], [4.090002094502152e-13, 8.724825517867723e-15, 0.0069832926133750655, 3.6273838162625852e-06], [6.189575798356974e-05, 0.7485630014158353, 0.9545921797892425, 0.41038138069180075], [0.1216967959232887, 1.0, 0.01476773056142949, 0.21320262190016695]], "expected": [[340.845995093649, 4019.2829718468906, 211.7632296250146, 125427.10780343444], [29.57779421881287, 348.78369222382304, 18.376302843866412, 10884.262210713498], [32.60085926041302, 384.43191464506833, 20.254494243474422, 11996.712731851045], [0.9753514271251119, 11.501421284217905, 0.6059732876445622, 358.9172540010124]]}