{"values": [[3556, 11962, 290, 446, 327, 272, 22, 113093], [17, 20, 2, 0, 1, 1, 0, 301], [482, 792, 58, 53, 43, 22, 8, 9817], [468, 1113, 49, 37, 37, 24, 6, 10698], [20, 38, 1, 2, 5, 1, 0, 304]], "stats": [[122.26024285741252, 33.87718934358998, 40.23232350991459, 0.5743041058050004, 7.421087139780231, 0.10523337792341789, 12.713813319884645, 5.028054033825182], [4.250686735243716, 3.8230066275137706, 0.4274072421372877, "null", 0.0, 0.0, "null", 0.26277171913294106], [75.09990422517238, 58.737369100104935, 29.62777756104779, 4.807856277511652, 5.459700805494715, 0.03498754415756439, 9.737565108666882, 0.18663608789419264], [31.667381298193924, 0.06489630344210774, 8.983676650058966, 0.8539430668154154, 0.34494789538218973, 0.06798121243907686, 2.538940369778395, 9.135997098698478], [6.9693425047303865, 0.5368001031575836, 0.0, 0.033393100853537624, 12.459612091424676, 0.0, "null", 7.722158156335174]], "pvals": [[2.024606707765833e-28, 5.870294038015953e-09, 2.2548636818109764e-10, 0.44855363056731157, 0.006446385485351888, 0.7456375323415503, 0.00036296453973663957, 0.024939905267212667], [0.03923446192436371, 0.05055344697377751, 0.5132639251242844, 2, 1.0, 1.0, 2, 0.608222309319744], [4.474880250971415e-18, 1.8018656227496997e-14, 5.2349349350500126e-08, 0.028330266864652794, 0.019459978597040763, 0.8516217622268605, 0.0018053989189990658, 0.665731244974809], [1.829696581686117e-08, 0.7989181042729889, 0.0027240199455265306, 0.3554392512598705, 0.556987031820592, 0.7942991327702773, 0.11106930316188325, 0.0025062883435762436], [0.008291795825112646, 0.4637619012825831, 1.0, 0.8550037607961258, 0.0004158462968032687, 1.0, 2, 0.005454715195320854]], "expected": [[3824.4204471850144, 11722.442158716998, 336.73083400264267, 452.9029717335544, 347.6745861077286, 269.38466720211414, 30.305775060237842, 112984.13855999171], [10.063644842863434, 30.84663315801746, 0.8860792289556183, "null", 0.9148768038966759, 0.7088633831644946, "null", 297.308378889551], [331.77659533124336, 1016.9467510428271, 29.21211493121227, 39.290294582480506, 30.16150866647667, 23.369691944969816, 2.6290903438091044, 9801.61395315698], [365.82231779672, 1121.3021737440733, 32.209757235018266, 43.32212348109957, 33.25657434515636, 25.767805788014613, 2.898878151151644, 10807.420369458767], [10.916994844158873, 33.46228333808327, 0.9612146021711532, 1.292833639920201, 0.9924540767417157, 0.7689716817369225, "null", 322.51873850299245]]}