{"values": [[261, 4149, 0, 166, 17, 14, 0, 125361], [63, 210, 0, 24, 5, 1, 0, 10972], [53, 378, 0, 19, 2, 0, 0, 11980], [2, 12, 0, 2, 1, 0, 0, 354]], "stats": [[68.08124313526201, 33.12204489764604, "null", 4.775859467665895, 3.915111131734672, 0.36062468835415706, "null", 6.806098689228987], [47.112508527842465, 60.194693056800425, "null", 4.540869488083737, 4.2049314558097555, 0.0, "null", 23.10528643092986], [17.12015743678175, 0.06633518653333519, "null", 0.13853669797872417, 0.0, "null", "null", 0.785904885312175], [0.379635344087463, 0.0003548743993543675, "null", 1.9431851157114826, 3.2206705690340316, "null", "null", 1.0078155345819302]], "pvals": [[1.5689604612606928e-16, 8.655183545741742e-09, 2, 0.028861436494299696, 0.0478538513774134, 0.5481595041379459, 2, 0.009084703632420175], [6.702656187481694e-12, 8.592355548512592e-15, 2, 0.03309477753404984, 0.04030660329388325, 1.0, 2, 1.5336845242266146e-06], [3.508792283355221e-05, 0.7967494511780074, 2, 0.7097400876866148, 1.0, 2, 2, 0.3753412777743399], [0.5377984586368776, 0.9849702515944649, 2, 0.1633231161604226, 0.07271383688186217, 2, 2, 0.3154267386479725]], "expected": [[319.7607987224595, 4006.7124884774676, "null", 178.01986419640886, 21.092400971138492, 12.655440582683095, "null", 125429.75900704984], [27.73992833309531, 347.59081702867974, "null", 15.443601261960714, 1.8298105760616958, 1.0978863456370176, "null", 10881.297956454566], [30.586500136322915, 383.2593381197824, "null", 17.028368149773446, 2.0175791646651002, "null", "null", 11997.897666930658], [0.9127728081222491, 11.437356374070083, "null", 0.5081663918569778, 0.060209288134713004, "null", "null", 358.04536956493513]]}