{"values": [[435, 5642, 0, 204, 22, 6, 0, 94329], [136, 1671, 0, 77, 9, 3, 0, 34195], [101, 264, 0, 47, 7, 3, 0, 10366], [51, 66, 0, 8, 0, 0, 0, 4862]], "stats": [[10.721389444052182, 219.36809734616156, "null", 3.944511290450562, 0.7784895353170876, 0.747553722169761, "null", 153.44934314064815], [9.210831244267833, 14.365860386850711, "null", 0.06713572171819471, 0.0, 0.0, "null", 20.482261785767285], [51.49928835666694, 159.8039234191467, "null", 23.446785193745818, 5.818529865163272, 3.456355097475537, "null", 71.28018211124231], [31.69074045126545, 146.52019189539448, "null", 0.5834622768368265, "null", "null", "null", 98.9595927664727]], "pvals": [[0.001059041167568558, 1.2422773128243874e-49, 2, 0.047024510837400016, 0.3776034919887651, 0.3872518437226369, 2, 3.055417308482869e-35], [0.0024058742776835165, 0.0001505065018703985, 2, 0.7955537495972878, 1.0, 1.0, 2, 6.018644699724049e-06], [7.162305676788754e-13, 1.2487884312214042e-36, 2, 1.2841713828276622e-06, 0.015858194342765496, 0.06300906677013324, 2, 3.0993328569206273e-17], [1.8078208304546565e-08, 9.99127238671852e-34, 2, 0.44495840995189884, 2, 2, 2, 2.5770668252374804e-23]], "expected": [[477.11059382048995, 5043.64629124482, "null", 221.7277448460368, 25.076352095682736, 7.918848030215601, "null", 94862.52016996275], [171.1023514137334, 1808.7624783612232, "null", 79.51644547028275, 8.992931332948643, 2.839873052510098, "null", 34019.7859203693], [51.1443896553533, 540.6591564811415, "null", 23.768347059749253, 2.688086869852594, 0.8488695378481876, "null", 10168.891150396055], [23.642665110423334, 249.9320739128154, "null", 10.987462623931176, "null", "null", "null", 4700.802759271888]]}