{"values": [[1195, 3402, 96, 143, 157, 89, 14, 30995], [3473, 11251, 278, 420, 470, 172, 43, 84531], [708, 781, 81, 74, 103, 44, 17, 8980], [13, 25, 2, 1, 2, 2, 1, 102]], "stats": [[15.428780460431433, 55.26861053837119, 2.7446100457854863, 1.3179683042271064, 3.40750981897463, 3.204924749388694, 1.0600904988172377, 80.82130089399232], [35.23109326088666, 170.05458810061376, 10.985479476014502, 1.486360399281936, 5.094449149453643, 20.288039226057748, 3.56376580481623, 36.47671569544988], [280.0347599412095, 129.12727677825686, 71.94359293991485, 16.807688251924507, 48.720805740636166, 21.40113866287932, 23.92554853354586, 11.485649526071798], [9.692946654682531, 5.852661320071403, 2.380050074450525, 0.0, 0.8052685664956691, 4.634367649748595, 2.4045885625317776, 25.734469499699838]], "pvals": [[8.567350326340776e-05, 1.0513416250708792e-13, 0.09758288071477976, 0.2509570022788062, 0.06490031466681977, 0.07341688597036763, 0.30319454518257183, 2.4708023559184916e-19], [2.9281100968916043e-09, 7.198531558497084e-39, 0.0009182852174656985, 0.22278202421757776, 0.024002536294658285, 6.661572493614964e-06, 0.05905362457400835, 1.5450089905654616e-09], [7.379405008230574e-63, 6.360608027669566e-30, 2.214375904386279e-17, 4.136537403683217e-05, 2.9511900327686215e-12, 3.725498686020322e-06, 1.0013402266319786e-06, 0.0007013561216263642], [0.0018497666887733733, 0.015553512669818323, 0.1228936076236343, 1.0, 0.3695228082593619, 0.031337690810838766, 0.1209799282213459, 3.9176693429402405e-07]], "expected": [[1317.132692242576, 3778.3548505062136, 111.69598076727728, 155.93443266854027, 178.9090982968205, 75.03428029661734, 18.33085023532997, 30455.607814986626], [3672.7605187417466, 10535.758927301662, 311.45881556225237, 434.81558934073746, 498.879328209122, 209.22944502759626, 51.11468526732807, 84923.98269054956], [393.70556326820844, 1129.3921511529475, 33.38716689804625, 46.61053059289608, 53.47791284326008, 22.428578200656894, 5.479294348694681, 9103.51880269529], [5.401225747468933, 15.494071039176514, 0.458036772424068, 0.6394473978261606, 0.733660650797413, 0.30769647512951614, 0.07517014864727593, 124.89069176853012]]}