{"values": [[457, 5648, 232, 94329], [145, 1674, 89, 34195], [108, 267, 57, 10366], [51, 66, 8, 4862]], "stats": [[11.737119605872397, 217.8077412895846, 5.708467017984144, 149.93695511372115], [8.749889982979349, 14.312538170956469, 0.04918849286233912, 20.335798441976017], [57.76313833513944, 157.37271640161887, 33.61991804855418, 66.53742983257175], [27.419595008237263, 146.8420879441809, 1.393096298753075, 100.35794943623196]], "pvals": [[0.0006126576920935501, 2.7200806202680657e-49, 0.01688327656203899, 1.7895336218032771e-34], [0.0030962073344747917, 0.00015483017733129522, 0.8244814208059303, 6.497352491146493e-06], [2.9565866006056413e-14, 4.243332288149746e-36, 6.700309938403432e-09, 3.4331237012992605e-16], [1.6376344300721066e-07, 8.496727901047382e-34, 0.23788290411511787, 1.2720018337264688e-23]], "expected": [[502.1620278720977, 5051.31448536256, 254.71030585890898, 94857.81318090644], [180.0961167848762, 1811.6107411146218, 91.34967290270986, 34019.943469197795], [53.86471675603393, 541.8323347798157, 27.321656593730744, 10174.98129187042], [24.877138586992146, 250.24243874300248, 12.618364644650418, 4699.262058025355]]}