{"values": [[457, 5648, 232, 94329], [145, 1674, 89, 34195], [108, 267, 57, 10366], [1, 18, 2, 128]], "stats": [[4.7586219039007585, 137.144220522966, 8.51232918431502, 94.12523874521796], [6.11792528185901, 25.605923724816222, 0.16274526926900135, 31.253815661376002], [64.30892273004203, 170.33372139259356, 32.12319333875203, 74.5340605192019], [0.0, 13.281854331365512, 3.265015543164505, 16.67038449082803]], "pvals": [[0.029151879776418907, 1.121376004999737e-31, 0.0035274826516013907, 2.9617860540173906e-22], [0.0133817769953239, 4.1875189688448727e-07, 0.6866414887371823, 2.2640205934033467e-08], [1.0636295847499626e-15, 6.255741801549378e-39, 1.4469951221831908e-08, 5.9601047414171155e-18], [1.0, 0.0002679873013123089, 0.07077235203790994, 4.4469848516505774e-05]], "expected": [[484.5346881854369, 5184.044125213247, 258.9636870751984, 94738.45749952612], [173.77422215602914, 1859.2130913374313, 92.87511170083133, 33977.13757480571], [51.973909393701426, 556.0696607002627, 27.77789812884183, 10162.178531777194], [0.7171802648325164, 7.673122749059005, 0.3833030951284898, 140.22639389097998]]}