{"values": [[435, 5642, 0, 204, 22, 6, 0, 94329], [136, 1671, 0, 77, 9, 3, 0, 34195], [101, 264, 0, 47, 7, 3, 0, 10366], [7, 5, 0, 1, 0, 0, 0, 522], [1, 17, 0, 1, 0, 1, 0, 128]], "stats": [[4.677104535843174, 147.41101972248816, "null", 5.349554618843924, 1.3189973327894176, 1.9129152241346532, "null", 102.97084885347998], [6.790837245069375, 24.145705787816482, "null", 0.13527936872824292, 0.0, 0.0, "null", 30.050253944955656], [56.93331127771576, 171.23844751221267, "null", 22.7355598293049, 5.437151363544225, 2.751383056926738, "null", 78.5303531526523], [6.721023444806893, 18.549673231394124, "null", 0.0, "null", "null", "null", 10.75731795970698], [0.0, 11.040824628910583, "null", 0.08843921710301385, "null", 18.289606886748306, "null", 14.475931405732597]], "pvals": [[0.0305672283698738, 6.380887534914396e-34, 2, 0.020727564715268307, 0.2507720773875711, 0.16663979012241348, 2, 3.401162244401122e-24], [0.00916269257649151, 8.931510432878521e-07, 2, 0.7130198055812473, 1.0, 1.0, 2, 4.2099339812162775e-08], [4.508440439059493e-14, 3.969015583420818e-39, 2, 1.8589578872377242e-06, 0.019712793701863712, 0.09717034235656898, 2, 7.877844278715699e-19], [0.009528293390986289, 1.65533603576181e-05, 2, 1.0, 2, 2, 2, 0.0010386779537675265], [1.0, 0.0008912720834279594, 2, 0.7661708244854852, 2, 1.8973951720725713e-05, 2, 0.00014196188929624322]], "expected": [[461.7668016194332, 5160.244008097166, "null", 224.09271255060727, 25.804615384615385, 8.827894736842106, "null", 94757.26396761133], [165.59973009446693, 1850.576983805668, "null", 80.36457489878542, 9.254102564102563, 3.1658771929824563, "null", 33982.038731443994], [49.499595141700404, 553.157975708502, "null", 24.02186234817814, 2.766153846153846, 0.9463157894736842, "null", 10157.608097165992], [2.454790823211876, 27.432287449392714, "null", 1.1912955465587045, "null", "null", "null", 503.7375168690958], [0.6790823211875844, 7.588744939271255, "null", 0.32955465587044536, "null", 0.012982456140350877, "null", 139.35168690958164]]}