{"values": [[435, 5642, 0, 204, 22, 6, 0, 94329], [136, 1671, 0, 77, 9, 3, 0, 34195], [101, 264, 0, 47, 7, 3, 0, 10366], [1, 17, 0, 1, 0, 1, 0, 128]], "stats": [[3.6917590173972474, 138.87251664834545, "null", 5.45969526069859, 1.4003874100375162, 1.9738772473268762, "null", 97.62195836146228], [6.331862840205618, 25.60505238538629, "null", 0.1398134006041143, 0.0, 0.0, "null", 31.30061082467185], [58.08135986289445, 172.75356553742336, "null", 22.700580854175616, 5.390018323698966, 2.730142091293739, "null", 79.40659223382711], [0.0, 10.954526787136473, "null", 0.08818949001397645, "null", 18.220133526010542, "null", 14.39861174450455]], "pvals": [[0.054681919527741756, 4.6965092283779025e-32, 2, 0.019460040349317215, 0.23665871635265695, 0.16003691475859544, 2, 5.06392433633782e-23], [0.01185876917197212, 4.1894103097843803e-07, 2, 0.7084665878228653, 1.0, 1.0, 2, 2.2101009492722368e-08], [2.514981003330432e-14, 1.8526264465831296e-39, 2, 1.8931063522426225e-06, 0.02025225814076289, 0.09847052369731822, 2, 5.055713725147758e-19], [1.0, 0.0009337521571395033, 2, 0.7664915865281264, 2, 1.9678756310126014e-05, 2, 0.00014791131351165257]], "expected": [[458.66910913215725, 5175.532265601192, "null", 224.22308603934582, 25.89810720211289, 8.859878779670199, "null", 94744.81755324552], [164.4888294450276, 1856.0596891612772, "null", 80.41132969898081, 9.287630785900518, 3.1773473741238614, "null", 33977.57517353469], [49.16753462228694, 554.7968171198321, "null", 24.035837876273998, 2.776175803338638, 0.9497443537737447, "null", 10156.273890224495], [0.6745268005282227, 7.611228117698845, "null", 0.3297463853993837, "null", 0.013029492432194494, "null", 139.3333829952934]]}