{"values": [[1462, 3601, 403, 30995], [4264, 11744, 1105, 84531], [909, 923, 238, 8980], [18, 30, 6, 102]], "stats": [[22.405513731834937, 53.43139505531184, 1.8523241222441593, 84.14939065050939], [50.66286671541082, 133.31276936895466, 20.198203337616935, 19.534648263745137], [397.5267202004121, 80.29945545705544, 98.01146038626297, 41.217911655179996], [16.773277639452004, 10.264725381519044, 7.451261533100038, 35.634737217786345]], "pvals": [[2.2073940030811667e-06, 2.67782954563725e-13, 0.17351332696776944, 4.5876534273740514e-20], [1.0967508224807217e-12, 7.723343798249836e-31, 6.981847938874847e-06, 9.879144971725235e-06], [1.9025702351733655e-88, 3.217577302750443e-19, 4.1596815487370817e-23, 1.3616899574876428e-10], [4.21223287202271e-05, 0.0013559791997628662, 0.00633920035480921, 2.3800534432559635e-09]], "expected": [[1624.629350818091, 3979.8901487499247, 427.8296441655337, 30428.65085626645], [4529.053666508161, 11094.92208879453, 1192.6802981695923, 84827.34394652772], [492.3659341910509, 1206.1596265512924, 129.6595696231356, 9221.814869634522], [6.951048482697189, 17.02813590425354, 1.830488041738385, 130.1903275713109]]}