{"values": [[1195, 3402, 96, 143, 157, 89, 14, 30995], [3473, 11251, 278, 420, 470, 172, 43, 84531], [708, 781, 81, 74, 103, 44, 17, 8980], [13, 25, 2, 1, 2, 2, 1, 102], [22, 27, 3, 2, 3, 2, 0, 476]], "stats": [[15.557063790151787, 53.236348356009024, 2.852462947738061, 1.3010470569303874, 3.428912291529409, 3.0903397397278893, 1.0262917241201461, 79.01498127140144], [35.53768552711901, 178.47580375136457, 11.479937909572909, 1.4323906418288457, 5.13749639803381, 20.739152797110762, 3.379320922687835, 39.36974462311528], [279.51061454100187, 127.73913731199438, 71.41601170940868, 16.83941671070709, 48.633716991167354, 21.203065538556896, 24.091606169302953, 11.828457460795482], [9.681898965052504, 5.900097743759094, 2.366996855130202, 0.0, 0.8041566919375306, 4.614195382502145, 2.4163713724719837, 25.81304505315687], [0.20619036657943132, 16.174242458170948, 0.4271709260474903, 0.0, 0.0, 0.133302327424109, "null", 8.172474266111113]], "pvals": [[8.00519890503897e-05, 2.9573558929637056e-13, 0.09123407077562855, 0.25402205517104715, 0.06406428190889585, 0.07875836278280414, 0.31103122919449133, 6.164072449247851e-19], [2.5016355835361767e-09, 1.042850020041182e-40, 0.000703514802910366, 0.23137468041819712, 0.023414391036037988, 5.262884739095646e-06, 0.06601925129594395, 3.506887967635461e-10], [9.599354610684491e-63, 1.280091731470902e-29, 2.893148010457768e-17, 4.067954269453417e-05, 3.0851921972162377e-12, 4.131032428244064e-06, 9.185983909018466e-07, 0.0005833229838438947], [0.0018609219810045007, 0.0151400445653343, 0.12392524886466082, 1.0, 0.36985348554818787, 0.03170836775076432, 0.12007277724120297, 3.761376680257632e-07], [0.6497698844702149, 5.777438525112709e-05, 0.5133804068560099, 1.0, 1.0, 0.7150323475034253, 2, 0.0042530850341976996]], "expected": [[1317.735499325236, 3771.2903238866397, 112.02334682860999, 155.85856950067478, 178.99382591093118, 75.25046558704453, 18.264676113360323, 30461.583292847503], [3674.4414170040486, 10516.05983805668, 312.37165991902833, 434.604048582996, 499.11558704453444, 209.83226720647772, 50.93016194331984, 84940.64502024291], [393.88574898785424, 1127.2804858299596, 33.48502024291498, 46.587854251012146, 53.503238866396764, 22.493198380566803, 5.459514170040486, 9105.304939271255], [5.403697705802969, 15.465101214574899, 0.45937921727395414, 0.639136302294197, 0.7340080971659919, 0.308582995951417, 0.07489878542510121, 124.91519568151148], [19.53363697705803, 55.90425101214575, 1.6605937921727396, 2.310391363022942, 2.65334008097166, 1.115485829959514, "null", 451.5515519568151]]}