{"values": [[1462, 3601, 403, 30995], [4264, 11744, 1105, 84531], [909, 923, 238, 8980], [18, 30, 6, 102], [28, 32, 7, 476]], "stats": [[22.62333499568693, 51.58909749051384, 1.872827274704687, 82.46926399809577], [51.23227834073094, 140.1491850784834, 20.232685359273827, 21.483864405123136], [396.6604186530285, 79.25402464459404, 97.86432283231966, 41.81398014267934], [16.751519549600584, 10.326580878544544, 7.445946648050161, 35.72220588846975], [0.4700280404615233, 13.542079486313206, 0.00253826662895247, 6.63485596917255]], "pvals": [[1.970764039208321e-06, 6.842048134808204e-13, 0.17115161921533592, 1.0732615243898926e-19], [8.205818833420723e-13, 2.4693948305417845e-32, 6.857127070524647e-06, 3.5681848160779287e-06], [2.9371563290818996e-88, 5.461598890578267e-19, 4.480541298959581e-23, 1.0038309829316905e-10], [4.2608127660898836e-05, 0.0013112789545502628, 0.006357946968847894, 2.275553887332646e-09], [0.4929742689059685, 0.00023327378739974557, 0.9598186071818111, 0.010000228094678952]], "expected": [[1625.5551470097562, 3973.2548347057805, 427.98256302801394, 30434.207455256448], [4531.634550962937, 11076.424519866003, 1193.1065970878321, 84842.83433208322], [492.64650926902186, 1204.1487047392795, 129.7059137560559, 9223.498872235643], [6.955009542621485, 16.999746419848652, 1.8311423118502008, 130.21410172567965], [24.208783215663246, 59.17219426908858, 6.373783816247815, 453.24523869900037]]}