{"values": [[1462, 3601, 403, 30995], [4264, 11744, 1105, 84531], [909, 923, 238, 8980], [498, 434, 44, 4050]], "stats": [[40.96721470636059, 45.09348272257354, 1.227546101368728, 91.2585664676624], [125.4989891480815, 160.4642284344148, 13.987485579921989, 10.00988258655789], [348.71404354912727, 75.50169957819361, 101.32781607378053, 38.18417870179629], [327.2810905652569, 25.741789085779356, 3.438360914362226, 29.16197477986164]], "pvals": [[1.5480442517847977e-10, 1.8784952506704307e-11, 0.26788479422876105, 1.260730323146309e-21], [3.9579157016108814e-29, 8.958203139135961e-37, 0.00018403145410350426, 0.0015570244854409196], [8.075627762988687e-78, 3.65092493015988e-18, 7.795337557535094e-24, 6.437224912634435e-10], [3.7581731254078514e-73, 3.9028392252216607e-07, 0.0636988575941028, 6.657300792471463e-08]], "expected": [[1686.824660626147, 3949.718979640812, 423.302417288771, 30401.15394244427], [4702.43838086405, 11010.812538509934, 1180.059540410297, 84750.68954021572], [511.21506541013486, 1197.0158450133285, 128.28753218619676, 9213.48155739034], [232.52189309966857, 544.4526368359266, 58.35051011473528, 4190.67495994967]]}