{"values": [[457, 5648, 232, 94329], [145, 1674, 89, 34195], [108, 267, 57, 10366], [7, 5, 1, 522], [1, 18, 2, 128]], "stats": [[5.794365123136721, 145.64207619938347, 8.292941427975748, 99.42876972201756], [6.5450639015210745, 24.145308164591693, 0.1539999340354995, 29.996146143848392], [63.15673529337383, 168.8239348784368, 32.20706665728634, 73.6747662445515], [5.947190110961124, 18.589076399040213, 0.0, 10.911516395533699], [0.0, 13.380528129479341, 3.2704340324333345, 16.756536883001363]], "pvals": [[0.016077619647867334, 1.554494607610004e-33, 0.00397994704812922, 2.0334703841230965e-23], [0.01051755503587177, 8.933354740768721e-07, 0.6947418136666558, 4.329058340367118e-08], [1.9089563487295068e-15, 1.336706138785633e-38, 1.385857872442691e-08, 9.21088795369608e-18], [0.014740764656696102, 1.6214701924102315e-05, 1.0, 0.0009556826299775319], [1.0, 0.00025425012617383616, 0.0705389587421627, 4.249560693324282e-05]], "expected": [[487.53929484455415, 5168.7313542573065, 258.70817734787624, 94751.02117355027], [174.851798638795, 1853.721296989565, 92.78347532225752, 33981.643429049385], [52.296200362898055, 554.427126967103, 27.75049072181638, 10163.526181948182], [2.591078643651645, 27.469764116262287, 1.3749317036647308, 503.56422553642136], [0.7216275101011123, 7.650457669762767, 0.3829249043851306, 140.24498991575098]]}