{"values": [[754, 472, 1238, 11], [2629, 2646, 3443, 108], [642, 450, 776, 231], [709, 897, 2359, 64], [655, 278, 1334, 110], [618, 534, 1658, 24]], "stats": [[21.81334111178657, 27.64922105359906, 5.696260267299521, 45.00501972392921], [78.31578966915927, 359.5383028312503, 441.17676276009485, 86.89749872135522], [19.270430257965376, 4.408915088654122, 107.05475670566629, 717.8701870903955], [200.18726670263558, 2.921870252609134, 229.12226427914476, 13.939473812269648], [1.3679842199111136, 199.640520755066, 74.42709270325345, 53.740283572180545], [36.842785527223384, 35.85560135342245, 149.98980540596395, 33.207149198773074]], "pvals": [[3.005033684446012e-06, 1.4543061844542132e-07, 0.017001099846914634, 1.9653001724567114e-11], [8.781710238481979e-19, 3.549092893207096e-80, 6.002581398435081e-98, 1.1429382871752297e-20], [1.1344983585605624e-05, 0.035751571689167067, 4.330379074995678e-25, 3.8885145715591806e-158], [1.9009303522248892e-45, 0.0873865249903727, 9.263255988973324e-52, 0.00018879183742263376], [0.24215852472883154, 2.5019501886816047e-45, 6.291955751061484e-18, 2.2882306175346725e-13], [1.2804905048754323e-09, 2.1249623941300125e-09, 1.7425611529321831e-34, 8.284538416845155e-09]], "expected": [[656.6839664310954, 576.8805212014134, 1181.5282685512368, 59.907243816254415], [2341.774823321555, 2057.1909010600707, 4213.401413427562, 213.63286219081272], [556.9210689045937, 489.24129858657244, 1002.0314487632509, 50.80618374558304], [1069.0018992932862, 939.0915636042403, 1923.3848056537101, 97.52173144876325], [630.6819346289752, 554.0383833922261, 1134.7445229681978, 57.53515901060071], [751.9363074204947, 660.5573321554771, 1352.9095406360425, 68.59681978798586]]}