{"values": [[3336, 1534, 10432, 244, 805], [2750, 2769, 31188, 5084, 423], [1164, 3737, 35682, 5060, 787], [987, 488, 12514, 6253, 379], [1478, 952, 5659, 7109, 173], [1155, 372, 7148, 9802, 278]], "stats": [[5308.510972062443, 324.5739881338847, 1.5319017072172323, 4178.171751398288, 1026.168052699106], [7.5624274612261555, 15.142496368370002, 2319.4794908863914, 2775.7221836810877, 198.4192298707926], [1905.4462383133016, 399.8247713736861, 4528.843372891089, 4027.9184804567844, 2.696804614215961], [151.73168765294548, 590.3393717383641, 130.2529502081313, 1238.7921309626051, 0.4021980449696002], [211.39127794960712, 0.015255185679642897, 5568.063036575939, 6531.220093710264, 41.362616061872025], [13.884118216806765, 641.9816320549462, 6315.033412169957, 12512.461135231906, 10.647716167975236]], "pvals": [[0.0, 1.4608623818609513e-72, 0.2158272566401089, 0.0, 3.684234175076684e-225], [0.0059597663426247454, 9.969373689556118e-05, 0.0, 0.0, 4.621660150938626e-45], [0.0, 6.0128413105943804e-89, 0.0, 0.0, 0.1005495861998989], [7.252170738358454e-35, 2.113931009647123e-130, 3.607488626477119e-30, 2.2635892205013577e-271, 0.5259562727274285], [6.828621666337164e-48, 0.9017017636643087, 0.0, 0.0, 1.264527028819259e-10], [0.0001944345501518454, 1.2386960187070755e-141, 0.0, 0.0, 0.0011020691028201233]], "expected": [[1112.6401948141379, 1008.4389327791063, 10504.367498841882, 3434.3425774060674, 291.2107961588061], [2872.54560478772, 2603.5252344405353, 27119.525998172052, 8866.57314920309, 751.830013396602], [3159.4327102452703, 2863.544715854315, 29828.009477782925, 9752.096255211529, 826.9168409059608], [1403.2018504839052, 1271.788834495624, 13247.542180516082, 4331.20777253321, 367.2593619711785], [1045.9539131850108, 947.9979717294137, 9874.78642435928, 3228.5046637703294, 273.7570269559665], [1276.2257264839554, 1156.7043107010054, 12048.768420327779, 3939.2755818757746, 334.025960611486]]}