{"values": [[527, 336, 73, 3305, 67, 69, 0], [927, 1003, 112, 9985, 218, 1763, 906], [271, 1023, 186, 11954, 34, 1259, 0], [233, 157, 89, 4007, 57, 1947, 180], [281, 186, 35, 1947, 41, 1936, 174], [255, 125, 76, 2153, 49, 4618, 285]], "stats": [[567.0923437575215, 50.25384404667296, 14.811833374378434, 314.69454063780796, 22.194502858170882, 1153.7525946038434, "null"], [103.02644439730778, 76.60825306384007, 20.674863351344246, 131.65701186835713, 79.0393038214369, 1240.1877485425305, 725.5523745797068], [375.4503818573966, 101.60403954216869, 6.131254670053089, 2860.456200105485, 97.9363604447566, 2135.141156204966, "null"], [25.200016057709735, 134.97272798962788, 4.3362817548918695, 29.976734390635546, 0.03385636763372809, 234.2384068223885, 1.2698051433009827], [21.300676030600464, 16.81511829376763, 4.49253252309911, 933.517816858907, 0.0, 1193.7807330047688, 12.776597997224131], [35.23115461949707, 237.69748790283072, 0.38925315297717905, 4543.3392205152, 5.2059038041811965, 7892.203322134027, 21.90119635195401]], "pvals": [[2.408867310769579e-125, 1.3508982378203235e-12, 0.00011878778389293408, 2.072883809783562e-70, 2.4637820669529934e-06, 6.859863123892386e-253, 2], [3.3070433945927613e-24, 2.0846663084068135e-18, 5.442582238605395e-06, 1.778373238438968e-30, 6.088648752827278e-19, 1.1258978861093299e-271, 8.304487762498263e-160], [1.2175873441968493e-83, 6.780687536688237e-24, 0.013281258706286207, 0.0, 4.32047048230197e-23, 0.0, 2], [5.16817672284353e-07, 3.3473524587979836e-31, 0.03730831529717135, 4.372613682016298e-08, 0.8540126712134608, 7.096636420958018e-53, 0.2598032380624785], [3.9259302262030864e-06, 4.1203733684963605e-05, 0.034043210008492676, 5.076874894914207e-205, 1.0, 1.3706364177709733e-261, 0.00035098265810534833], [2.9280178437906903e-09, 1.2495850667083415e-53, 0.532692237637191, 0.0, 0.02251030898801061, 0.0, 2.870549094863598e-06]], "expected": [[206.55524229408314, 234.38305360555546, 47.29071505610324, 2762.158735264622, 38.59452402126814, 960.0594902457947, "null"], [703.8073757308558, 798.6266532952374, 161.13633181327936, 9411.659898957407, 131.50530757441012, 3271.2650759711632, 435.99935665764724], [694.9826486783099, 788.6130295748264, 159.11591515449678, 9293.65128952298, 129.85642112433538, 3230.248140929819, "null"], [314.7643285587239, 357.1704289579746, 72.06512895229805, 4209.184090522053, 58.813222577532215, 1463.010463774149, 194.99233665726882], [217.07884728187855, 246.3244337641204, 49.70008893261935, 2902.8855796703815, 40.56084315691877, 1008.9727336373442, 134.47747355673712], [356.81155745614865, 404.88240080228576, 81.69182009120324, 4771.460406062555, 66.6696815455354, 1658.4440954417303, 221.04003860054115]]}