{"values": [[26256, 51], [61958, 148], [58998, 18], [25579, 8], [22235, 4], [25287, 5]], "stats": [[20.778071061818853, 20.778071061818853], [140.82724085279455, 140.82724085279455], [42.48265788327361, 42.48265788327361], [14.505614953863297, 14.505614953863297], [17.205051302889366, 17.205051302889366], [19.179534936479534, 19.179534936479534]], "pvals": [[5.157008956902016e-06, 5.157008956902016e-06], [1.7551690921724113e-32, 1.7551690921724113e-32], [7.131171254607498e-11, 7.131171254607498e-11], [0.0001397423988692852, 0.0001397423988692852], [3.3554297301319784e-05, 3.3554297301319784e-05], [1.189821681419794e-05, 1.189821681419794e-05]], "expected": [[26279.088316776015, 27.911683223984003], [62040.105637347144, 65.89436265285858], [58953.38412220524, 62.61587779475577], [25559.852235577902, 27.14776442209597], [22215.404458006684, 23.59554199331662], [25265.165230087012, 26.834769912989067]]}