{"values": [[3783, 635, 478, 14, 947, 0], [7688, 0, 3413, 0, 7851, 286], [13236, 222, 459, 0, 2452, 229], [3837, 0, 501, 0, 3133, 144], [4607, 149, 303, 13, 452, 5], [6309, 0, 422, 0, 1896, 125]], "stats": [[17.482531012166582, 3546.02911640039, 2.8943847271363627, 53.74184928400898, 341.7077370010741, "null"], [5715.854846755774, "null", 2773.911674716177, "null", 2989.5052238243475, 13.320241877105222], [2983.9261199975044, 8.41412495122453, 1010.8816155390643, "null", 1541.478707498335, 3.3848030157546587], [499.5623907889715, "null", 51.53936842817998, "null", 980.6168103535415, 29.248473541047993], [1162.426863399811, 47.38543370855409, 81.41458867477655, 48.10569773085719, 1026.274203673909, 64.36984269946613], [433.2422001307337, "null", 197.06987773519492, "null", 112.78487772364906, 2.735887737146059]], "pvals": [[2.8995977704002122e-05, 0.0, 0.08888870683503725, 2.28640779466348e-13, 2.7099330884445288e-76, 2], [0.0, 2, 0.0, 2, 0.0, 0.0002625563067879085], [0.0, 0.0037231694985473667, 7.744753634251805e-222, 2, 0.0, 0.06580004121818053], [1.1835464555099083e-110, 2, 7.01756819957222e-13, 2, 2.9343630142505916e-215, 6.366636208712197e-08], [8.935075718714723e-255, 5.831441044606219e-12, 1.830020461872582e-19, 4.038512543735685e-12, 3.4936099643949763e-225, 1.0312456825121204e-15], [3.2005863872813445e-96, 2, 9.104859222660495e-45, 2, 2.4050316778424334e-26, 0.0981169649478601]], "expected": [[3634.5471701080373, 92.65976819890233, 513.5893314881505, 2.486892387048074, 1541.04431584079, "null"], [11938.094324490085, "null", 1686.9440941043263, "null", 5061.739892119706, 238.7013791693532], [10299.848715972888, 262.58610766012987, 1455.4474516032647, "null", 4367.125414772995, 205.94477032191102], [4725.469813961534, "null", 667.7450502445391, "null", 2003.5944109830316, 94.4854455959364], [3431.0075642013558, 87.47069461699351, 484.82762741983674, 2.347623016559468, 1454.7437292613502, 68.60276148390444], [5431.032411266099, "null", 767.4464451398827, "null", 2302.7522370221263, 108.59312145182344]]}