{"values": [[1848, 134, 754, 1309, 1238, 0], [0, 2574, 2629, 6576, 3443, 0], [794, 203, 642, 791, 776, 10497], [0, 511, 709, 1613, 2359, 0], [905, 189, 655, 851, 1334, 0], [0, 481, 618, 1322, 1658, 0]], "stats": [[6491.256362441794, 279.1370480941827, 13.639730018847654, 6.875539402779213, 1.335545059895791, "null"], ["null", 1947.272107610326, 428.443616329026, 3310.1283457444056, 0.38380173883671576, "null"], [78.8795504944528, 1247.8905157951347, 1109.4750402323618, 4183.511683826711, 3213.0465144057625, "null"], ["null", 10.680557651424479, 5.024558228199796, 68.56755840904036, 1696.6421102356012, "null"], [1491.1660920635416, 79.11797074195692, 61.032029629704546, 47.65446141590669, 300.40962490323597, "null"], ["null", 56.132218158973664, 24.588733212627236, 86.09548746885883, 807.0454544565822, "null"]], "pvals": [[0.0, 1.157842074425686e-62, 0.00022144927572938992, 0.008738337996361601, 0.24782113644574827, 2], [2, 0.0, 3.545163144964581e-95, 0.0, 0.5355756000644916, 2], [6.601456593626689e-19, 2.385184489024557e-273, 2.881023752797981e-243, 0.0, 0.0, 2], [2, 0.0010826741828549253, 0.02499029991914884, 1.2260456010968944e-16, 0.0, 2], [0.0, 5.850968314123927e-19, 5.61537536796899e-15, 5.08364152795494e-12, 2.6824281649449086e-67, 2], [2, 6.775764410127173e-14, 7.096544223105488e-07, 1.7145362928920085e-20, 1.5858453524768462e-177, 2]], "expected": [[395.2249593993209, 455.9516588277477, 669.3307953514859, 1388.5800518845042, 1204.2828760044713, "null"], ["null", 1313.7414633117498, 1928.5544892750934, 4000.939910994875, 3469.921245228102, "null"], [1025.1311032839094, 1182.64349440027, 1736.1044650201422, 3601.6870056735493, 3123.6585746525216, "null"], ["null", 448.0978634551705, 657.8015312256132, 1364.6616750680193, 1183.5390293801279, "null"], [294.3053171071225, 339.5256153375656, 498.4189568261869, 1034.0098285280408, 896.7724463754666, "null"], ["null", 352.0399046674963, 516.7897623014785, 1072.1215278510113, 929.8258283593108, "null"]]}