{"values": [[5934, 13], [19878, 74], [17288, 3], [7729, 3], [5787, 1], [9373, 1]], "stats": [[2.009209926019702, 2.0092099260197025], [100.46263214602419, 100.46263214602419], [24.88820691614353, 24.888206916143528], [5.917172661741845, 5.917172661741845], [6.136557160227628, 6.136557160227628], [12.419755769460108, 12.419755769460108]], "pvals": [[0.15634672144059739, 0.1563467214405973], [1.2065187870635812e-23, 1.2065187870635812e-23], [6.075293805976015e-07, 6.075293805976027e-07], [0.014994000756797984, 0.014994000756797984], [0.013241488227789623, 0.013241488227789623], [0.00042481579296973587, 0.00042481579296973587]], "expected": [[5938.450805036015, 8.549194963985231], [19923.317716845228, 28.682283154772712], [17266.143075479693, 24.856924520307487], [7720.884752738938, 11.115247261061679], [5779.679377761637, 8.320622238363296], [9360.524272138491, 13.475727861509593]]}