{"values": [[3783, 478, 947, 17, 17], [7688, 3413, 7851, 75, 180], [13236, 459, 2452, 7, 76], [3837, 501, 3133, 5, 27], [4607, 303, 452, 11, 17], [6309, 422, 1896, 13, 20]], "stats": [[188.8712082674914, 0.1559965931015724, 226.0065507603092, 3.3183895279112057, 4.583988543039466], [6544.017079875213, 2641.5648301810133, 2765.432378704988, 44.92985336116213, 79.68060773021982], [3114.448091392659, 1011.0473705043315, 1548.4121875066107, 27.203093834347314, 2.007399939919696], [552.8416483819492, 54.18075396418714, 959.0706959109388, 7.283841479452199, 4.851311986161332], [1237.2376812944103, 80.18215694619795, 1026.3083602606798, 0.0, 5.152060384817369], [386.2526942820027, 205.4200322404168, 127.19462975876615, 1.2151368437678756, 17.35281820563788]], "pvals": [[5.606936794686816e-43, 0.6928694266480462, 4.4287362616295475e-51, 0.06850890902517813, 0.03227201278373331], [0.0, 0.0, 0.0, 2.0422055117825813e-11, 4.400990694483745e-19], [0.0, 7.128183004223914e-222, 0.0, 1.831653357362936e-07, 0.1565333906307799], [3.0326270827745397e-122, 1.828692317060833e-13, 1.41581856276743e-210, 0.006957758732042219, 0.027625112262522386], [4.927359900493341e-271, 3.41436550892874e-19, 3.434394627033884e-225, 1.0, 0.023218806725218515], [5.416019684832987e-86, 1.3713123350306756e-46, 1.684197399591599e-29, 0.27031716413211676, 3.1043758455167284e-05]], "expected": [[3323.8417534387454, 469.6842781848567, 1409.305534130351, 10.781848566653812, 28.38658567939324], [12178.754017225865, 1720.9511505334876, 5163.779357886618, 39.505334875948066, 104.01013947808201], [10291.101041264945, 1454.21133821828, 4363.416409564212, 33.38218279984574, 87.88902815271886], [4757.494215194755, 672.2703432317778, 2017.1727246432704, 15.432317778634786, 40.630399151561896], [3417.6854351459056, 482.9451086257874, 1449.0951600462784, 11.086257873762694, 29.188038308265845], [5491.123537729785, 775.9377812058106, 2328.230813729271, 17.812058105154904, 46.89580922997815]]}