{"values": [[5684, 174, 89], [16082, 2580, 1290], [16911, 202, 178], [6979, 530, 223], [5490, 189, 109], [8525, 664, 185]], "stats": [[207.40545923777825, 140.49396718433673, 57.36018856657519], [3062.4705082894607, 1886.065350647962, 1039.1792579520477], [1504.8166661327289, 1110.9737109998769, 341.7065735370993], [0.007815417126464197, 1.1373301696115046, 1.769415553231426], [149.68292926279864, 112.05289029887192, 32.42768750583314], [5.138319033114236, 4.671390684762003, 48.314584204534285]], "pvals": [[5.05751823865399e-47, 2.0758494300060927e-32, 3.6287863809306977e-14], [0.0, 0.0, 5.473551242559784e-228], [0.0, 1.36088685539632e-243, 2.7115145913563172e-76], [0.9295549083436179, 0.2862171837408857, 0.18345442546574292], [2.033594330773116e-34, 3.4790418427324994e-26, 1.2371124106221725e-08], [0.0234032982238095, 0.03066908361184229, 3.6304207095982066e-12]], "expected": [[5369.884344168028, 390.47323103928335, 186.6424247926881], [18015.794927667816, 1310.0255432479873, 626.1795290841959], [15613.026768960717, 1135.3073209854126, 542.6659100538708], [6981.6623085769625, 507.67429332364867, 242.66339809938864], [5226.314206161855, 380.03347255008777, 181.65232128805764], [8464.317444464621, 615.4861388535803, 294.19641668179895]]}