{"values": [[16581, 1867, 2700, 83, 44], [22906, 11685, 24117, 480, 221], [46565, 1874, 4227, 392, 22], [12712, 2002, 9999, 83, 28], [16875, 1458, 1734, 67, 41], [16107, 1808, 5096, 46, 59]], "stats": [[1685.0180152585158, 56.06973090359034, 1596.5505606062782, 13.241328218969311, 0.0], [26475.813041933994, 8114.826166939757, 13259.73067080334, 83.39071083564605, 112.51495352169644], [16031.233295457536, 3534.0852771773175, 9874.144153420351, 35.608064698325585, 93.47420222888431], [2464.281462130971, 146.736315735779, 4292.704508956562, 27.286736753901614, 11.365395739279554], [3340.3318117595654, 222.4266410816901, 2831.346460443361, 21.942338008279144, 0.0], [224.64477031579727, 167.15542625613995, 40.06265637454798, 62.696108282294794, 2.871448637187513]], "pvals": [[0.0, 6.994572204948673e-14, 0.0, 0.0002738437981365513, 1.0], [0.0, 0.0, 0.0, 6.733767324965539e-20, 2.7557864357348903e-26], [0.0, 0.0, 0.0, 2.41286547162684e-09, 4.1152960469902683e-22], [0.0, 8.961366954575096e-34, 0.0, 1.7541050303921625e-07, 0.0007482513274021074], [0.0, 2.673524570119589e-50, 0.0, 2.809663969995092e-06, 1.0], [8.775818717485127e-51, 3.093711491356869e-38, 2.459460498703526e-10, 2.411917831408808e-15, 0.09016367954723646]], "expected": [[13884.040192392473, 2180.8353023345667, 5045.091738120359, 121.29803000807415, 43.734737144527166], [38770.24412643217, 6089.8352280326335, 14088.077794124203, 338.71655298470864, 122.12629842628505], [34639.94610633102, 5441.068759009109, 12587.2371073762, 302.6321707557497, 109.11585652792019], [16200.113454098742, 2544.632458056559, 5886.691295280836, 141.53242288697686, 51.03036967688566], [13166.18147504198, 2068.077660380723, 4784.240931449036, 115.02645148826772, 41.47348163999227], [15085.474645703614, 2369.5505921864087, 5481.661133649364, 131.7943718762229, 47.51925658438966]]}