{"values": [[527, 336, 73, 3305, 69], [927, 1003, 112, 9985, 1763], [271, 1023, 186, 11954, 1259], [233, 157, 89, 4007, 1947], [281, 186, 35, 1947, 1936], [255, 125, 76, 2153, 4618]], "stats": [[539.415915147048, 44.05178973723126, 13.248572207047562, 255.64945093152386, 1201.1803000625912], [133.3070746613181, 104.4056530977426, 16.097570203944, 387.9172538477563, 1077.9301074560567], [414.24027228294017, 76.21701155729407, 3.6124361105810494, 2272.5110761981564, 2377.208573319986], [25.706824575970668, 136.24089600136705, 4.229606080422094, 35.683490835810446, 232.61020235584272], [22.86935206172766, 15.751619170268672, 4.249591918588816, 954.8780900850063, 1241.209563494589], [33.91558239238193, 235.10444275450197, 0.3170144666249298, 4786.069229527239, 8080.841856962702]], "pvals": [[2.5263822525678844e-119, 3.198013259889994e-11, 0.0002727875681095495, 1.5235693255175127e-57, 3.378991582996248e-263], [7.745529269237897e-31, 1.648595290745595e-24, 6.016117559653831e-05, 2.3512385476295623e-86, 2.06868335972275e-236], [4.3766269081183475e-92, 2.5414292374490753e-18, 0.0573490548254219, 0.0, 0.0], [3.9741917592110555e-07, 1.7673413104321982e-31, 0.03972465924944518, 2.3212280556429972e-09, 1.6073654468290997e-52], [1.733946865760782e-06, 7.222609358105202e-05, 0.03925976328390151, 1.1544357255752124e-209, 6.752057857888012e-272], [5.755587973706848e-09, 4.594101286387092e-53, 0.5734073894968805, 0.0, 0.0]], "expected": [[211.43908100239977, 239.92485935717377, 48.40886738266651, 2827.4678390180575, 982.7593532397026], [676.5069436248475, 767.648215901491, 154.88591211298635, 9046.585034816477, 3144.3738935441993], [720.8061292733781, 817.9155356229592, 165.0281875762225, 9638.975628466895, 3350.274519060545], [315.58877217829183, 358.1059443723199, 72.25388488925607, 4220.2089578661635, 1466.8424406939691], [215.11841535859003, 244.099885912113, 49.25124906565954, 2876.6697155670954, 999.8607340965419], [354.54065856249264, 402.3055588339431, 81.17189897320901, 4741.0928242653135, 1647.889059365042]]}