{"values": [[12169, 631, 4622, 4379, 2064, 0], [0, 9954, 10843, 19469, 8536, 0], [3538, 1553, 3003, 2710, 2877, 34102], [0, 1550, 3937, 5087, 7058, 0], [4244, 1721, 3966, 2484, 3924, 0], [0, 1520, 3788, 4823, 3994, 0]], "stats": [[40835.62926928896, 1684.052577740558, 40.97715060233689, 354.41046504368046, 1342.2531897098502, "null"], ["null", 8146.476106685176, 874.0519150603346, 10887.389450489642, 18.13355467084274, "null"], [1255.1067633094626, 3405.940861242452, 6116.340900644809, 11412.42166087825, 5604.854223181656, "null"], ["null", 34.07971038863174, 263.30815973975933, 364.80433541362527, 7518.049761639648, "null"], [3463.6725326291767, 4.7273892699613675, 500.72743229162137, 636.2055819883333, 655.8160861316348, "null"], ["null", 8.683602705283647, 835.0381631693601, 1055.7269841260663, 1425.6926760958338, "null"]], "pvals": [[0.0, 0.0, 1.5401941262495602e-10, 4.642108323573981e-79, 7.432297397044197e-294, 2], [2, 0.0, 4.292538327433124e-192, 0.0, 2.059402597262608e-05, 2], [6.445901114416609e-275, 0.0, 0.0, 0.0, 0.0, 2], [2, 5.289999160349427e-09, 3.2616209819181256e-59, 2.532052509780928e-81, 0.0, 2], [0.0, 0.02968591283722349, 6.602310414880255e-111, 2.2344700948961747e-140, 1.2140473896084168e-144, 2], [2, 0.003210856487356122, 1.3011732802937802e-183, 1.385326202871529e-231, 0.0, 2]], "expected": [[2824.9297817806414, 2397.0345484318823, 4270.315136520594, 5515.345840304724, 4028.756808230394, "null"], ["null", 4901.7423018048485, 8732.45000177993, 11278.437364280375, 8238.482705018214, "null"], [5656.133239590379, 4799.392492257307, 8550.113897689651, 11042.940301164073, 8066.46078221969, "null"], ["null", 1770.9831618667902, 3155.005090598412, 4074.861841871062, 2976.5363520937904, "null"], [1934.0677856490217, 1641.112402548859, 2923.640436438717, 3776.041721547827, 2758.259270466223, "null"], ["null", 1418.7350930903135, 2527.4754369726957, 3264.372930831939, 2384.5040819716874, "null"]]}