{"values": [[4622, 1729, 2064, 31], [10843, 7673, 8536, 302], [3003, 1674, 2877, 1218], [3937, 3190, 7058, 294], [3966, 1300, 3924, 445], [3788, 2244, 3994, 160]], "stats": [[1087.815668689258, 23.946192275398904, 554.9156947529567, 234.79553139038492], [34.746082381744245, 716.2361506445945, 430.2322891789876, 556.790247065125], [66.80875936484318, 68.833338047534, 45.810547979131194, 3805.7939427668807], [915.8156888773748, 3.0190423725438693, 1234.1535836389903, 67.7534847770774], [39.608466338018026, 517.9970826366573, 102.75361428403201, 82.82774885517755], [5.405349696381013, 1.9927253428734946, 49.71767392218406, 91.04303695451699]], "pvals": [[1.4692407483024785e-238, 9.90660312668486e-07, 1.0730880153190723e-122, 5.364916173471521e-53], [3.756338405050771e-09, 8.812592854083289e-158, 1.446539692287434e-95, 4.1961575678551717e-123], [2.9916584784038613e-16, 1.0714602910049171e-16, 1.3026025326102244e-11, 0.0], [3.5785989776991596e-201, 0.0822920460814675, 2.3059966538784088e-270, 1.8526907691043444e-16], [3.1033500314738707e-10, 1.1542627656987558e-114, 3.795328031417552e-24, 8.952435846536702e-20], [0.020075126251468883, 0.1580562122935914, 1.7753938087223418e-12, 1.4058098997667537e-21]], "expected": [[3229.5734100821583, 1907.1820164316869, 3046.8865757176186, 262.35799776853634], [10459.596384014605, 6176.776802921188, 9867.929835683131, 849.6969773810731], [3354.2289785982352, 1980.7957196470231, 3164.490769854955, 272.484531899787], [5536.466185718633, 3269.487143726544, 5223.285665381884, 449.76100517293844], [3684.2220940257635, 2175.6688051526526, 3475.8172101633027, 299.2918906582818], [3894.9129475606046, 2300.0895121209046, 3674.5899431991074, 316.4075971193833]]}