{"values": [[3336, 1534, 10432, 244, 805, 300, 0], [2750, 2769, 31188, 5084, 423, 769, 1903], [1164, 3737, 35682, 5060, 787, 113, 0], [987, 488, 12514, 6253, 379, 231, 528], [1478, 952, 5659, 7109, 173, 259, 473], [1155, 372, 7148, 9802, 278, 236, 742]], "stats": [[5456.859678906142, 348.8155153191943, 2.497759265577103, 4058.046035876769, 1059.0127986601226, 67.38864221075418, "null"], [20.160084657037423, 4.739360944725466, 1432.3335362798468, 3064.953687054811, 220.29413838097403, 168.04612068016104, 1180.3798223748533], [1750.285925678274, 494.23520619124315, 5849.7196289701415, 3557.5110854178192, 0.32590827221413154, 470.6452582515822, "null"], [153.12326974823443, 591.8200804521679, 131.51939418984844, 1214.9032378404365, 0.3512839581242732, 1.1004315159654332, 7.785744646551939], [196.19318430408825, 0.06494504036155588, 5500.159595613969, 6270.764849922511, 43.70479060680826, 31.805054957596667, 43.89420327577922], [18.929397480423443, 663.0654310112222, 6365.06241181166, 11949.805900120784, 12.71524697421458, 0.3008564457444994, 250.19471700674595]], "pvals": [[0.0, 7.675013650434953e-78, 0.11400840547269452, 0.0, 2.6753029319346866e-232, 2.229295181578351e-16, 2], [7.122374489245466e-06, 0.029480020028309094, 0.0, 0.0, 7.802336932269884e-50, 1.9766389324688237e-38, 1.1203154302353295e-258], [0.0, 1.7072121679916977e-109, 0.0, 0.0, 0.5680784372738559, 2.3192950892541862e-104, 2], [3.6002491164286094e-35, 1.0069707347087204e-130, 1.906031103064212e-30, 3.519057447623146e-266, 0.5533872109005686, 0.29417142409940755, 0.005266008134375934], [1.4145013111889247e-44, 0.7988442323675999, 0.0, 0.0, 3.818359565144445e-11, 1.7044855676972284e-08, 3.466139114042748e-11], [1.3564622334727203e-05, 3.2186994459206377e-146, 0.0, 0.0, 0.0003626863896317232, 0.583346003770051, 2.3549933303191646e-56]], "expected": [[1094.9833631787824, 992.4357032233085, 10337.670439696061, 3379.8419320491726, 286.5894818991385, 192.20131158648726, "null"], [2951.7400300067757, 2675.3029232407316, 27867.19568531604, 9111.019456006195, 772.5575331526474, 518.1159132707386, 990.0684590068726], [3060.7057037072886, 2774.063716000387, 28895.933894347112, 9447.359500532379, 801.0770678056335, 537.2425467040945, "null"], [1405.9662665763237, 1274.294356790243, 13273.640862452812, 4339.740586584067, 367.98289129803504, 246.7878230568193, 471.5872132416997], [1058.9464354854322, 959.7737150324267, 9997.448026570515, 3268.608169586681, 277.15755372180814, 185.87578646791212, 355.1903131352241], [1297.6582010453974, 1176.129585712903, 12251.111091617462, 4005.4303552415063, 339.6354721227374, 227.7766189139483, 435.2586753460459]]}