{"values": [[527, 336, 13, 3305, 69, 57], [927, 1003, 14, 9985, 1763, 9], [271, 1023, 23, 11954, 1259, 40], [233, 157, 10, 4007, 1947, 21], [281, 186, 14, 1947, 1936, 39], [255, 125, 9, 2153, 4618, 46]], "stats": [[533.8230687391028, 42.834554791361505, 4.565893379182943, 242.92245728193376, 1210.2505694193255, 89.82556706287268], [134.17624739716962, 105.21215312084703, 3.9007835813840823, 400.0888386926027, 1075.3057423010134, 55.122966101982726], [411.15655655486245, 78.19326269476286, 0.01024845208606934, 2357.5000151602094, 2362.682955577762, 9.790181630677525], [25.083342418563564, 134.9520043165279, 0.0, 31.17930114485175, 238.89074143828745, 1.1756903392330418], [21.27108704936593, 16.91618421762042, 5.972097619885373, 1014.2509057366234, 1207.4026015109566, 23.92627284577242], [34.471216588637134, 236.41751031025802, 0.5356488313191081, 4871.182366285889, 8054.079434568539, 9.05713693451166]], "pvals": [[4.16126218508585e-118, 5.957055953886514e-11, 0.032614659341235155, 9.067657544328661e-55, 3.6105411212401024e-265, 2.601110877031848e-21], [4.99944473466137e-31, 1.0973478483922317e-24, 0.048263592220660574, 5.267391412686921e-89, 7.693004980187584e-236, 1.132202303063912e-13], [2.0529324898867456e-91, 9.343666187709703e-19, 0.919364200194529, 0.0, 0.0, 0.0017544613217918296], [5.490510755502955e-07, 3.382473467973803e-31, 1.0, 2.35261284081147e-08, 6.863974964104375e-54, 0.2782351063825279], [3.987000261249924e-06, 3.906707183636924e-05, 0.01453398206729339, 1.4343475765602903e-222, 1.5014518884035718e-264, 1.000963560864063e-06], [4.326014532143116e-09, 2.376141042387758e-53, 0.46424160718411744, 0.0, 0.0, 0.0026167139747174314]], "expected": [[212.44527510778846, 241.0666112891104, 7.070151497171789, 2840.923163640679, 987.436098255607, 18.058700209643607], [675.809778094221, 766.8571259048297, 22.490862703215853, 9037.262192951228, 3141.133499466002, 57.44654088050314], [718.6737075273921, 815.4958269055812, 23.917368774969344, 9610.459831494007, 3340.363118547526, 61.090146750524106], [314.45057553103123, 356.81440607570903, 10.464874807167439, 4204.98843004628, 1461.5521537913849, 26.729559748427672], [217.18053083343221, 246.43981646295637, 7.22774020015031, 2904.2453423519637, 1009.4453542185831, 18.461215932914047], [355.44013290613503, 403.32621336181325, 11.829002017325264, 4753.121039515842, 1652.069775720897, 30.21383647798742]]}