{"values": [[3783, 478, 947, 17], [7688, 3413, 7851, 180], [13236, 459, 2452, 76], [3837, 501, 3133, 27], [4607, 303, 452, 17], [6309, 422, 1896, 20]], "stats": [[193.03618363850603, 0.17930889908909775, 224.7826724776465, 4.5605912888788565], [6508.348423250583, 2654.7911938472325, 2790.129338524092, 80.17093419014667], [3086.8720954542596, 1015.0053999396022, 1559.4924873508705, 2.056040618641796], [562.1712346899503, 54.722076993746384, 953.8205239702471, 4.887413760527508], [1241.539762476634, 80.2041833906998, 1027.119741950345, 5.152456069532487], [384.5630312021265, 205.86824900135593, 127.99695256233734, 17.379251089456744]], "pvals": [[6.912332637992873e-44, 0.6719678356071075, 8.188615350031095e-51, 0.03271577656522801], [0.0, 0.0, 0.0, 3.433813325219712e-19], [0.0, 9.832340543570764e-223, 0.0, 0.15160364739237878], [2.8333750899592556e-124, 1.388378663870169e-13, 1.96000623562565e-209, 0.027053182240809336], [5.723697721513273e-272, 3.3765158143598183e-19, 2.2881770657998437e-225, 0.02321351664970135], [1.2633771783024269e-85, 1.0948094959491625e-46, 1.1241544689469632e-29, 3.061499147974443e-05]], "expected": [[3319.890828288033, 469.12598222336726, 1407.6303458714415, 28.352843617158314], [12156.201210872085, 1717.7642663918589, 5154.216990854051, 103.81753188200437], [10307.863905706557, 1456.5800592554424, 4370.523847095195, 88.03218794280562], [4764.122761818884, 673.2070076001546, 2019.9832216926445, 40.68700888831637], [3417.7402421744173, 482.9528532783718, 1449.1183981708102, 29.188506376400877], [5494.181051140024, 776.3698312508051, 2329.527196315857, 46.92192129331444]]}