{"values": [[631, 4622, 4379, 1729, 199, 2064], [9954, 10843, 19469, 7673, 479, 8536], [1553, 3003, 2710, 1674, 49, 2877], [1550, 3937, 5087, 3190, 224, 7058], [1721, 3966, 2484, 1300, 143, 3924], [1520, 3788, 4823, 2244, 115, 3994]], "stats": [[886.8037269939558, 1114.3518278952963, 64.47393673529777, 5.462099499642516, 51.41712950240524, 343.06614133646127], [2063.9521163008462, 715.8046721831917, 1205.5249562873664, 1.4919115755708365, 4.481359717945934, 2367.824720447615], [1.9183236127626295, 54.87535534232401, 252.73029094191483, 6.570570861974274, 34.61658049566708, 66.68702632810178], [636.8702338443816, 215.09198958301903, 302.4832849641267, 71.21783359059886, 6.812618927360209, 2225.7051961293296], [0.01137472641705948, 387.0618819168905, 854.0338702770623, 181.6421363875032, 3.630767970485715, 528.5419985253733], [202.82896265712492, 1.6177471787361346, 0.05932437870413695, 1.1906936681896212, 8.795082569119268, 95.31203703750553]], "pvals": [[7.253629470024526e-195, 2.509661578296969e-244, 9.78177507979208e-16, 0.019433283379742237, 7.468403873704023e-13, 1.3712866625445819e-76], [0.0, 1.0937764156289111e-157, 3.8421497991701705e-264, 0.2219201048295613, 0.03426644886731978, 0.0], [0.1660415820784331, 1.284212678045597e-13, 6.595144185925209e-57, 0.010367869026415419, 4.0147210113379615e-09, 3.1822256384650663e-16], [1.601847614426494e-140, 1.0641422606257663e-48, 9.478825341171518e-68, 3.198836601130453e-17, 0.009051591496442973, 0.0], [0.9150647762151705, 3.6100669123713276e-86, 9.651545510393643e-188, 2.1226779867725957e-41, 0.05672063764611661, 5.863349337850589e-117], [5.04092268125654e-46, 0.20340619766923126, 0.8075669914675683, 0.2751896798494012, 0.0030204357399573173, 1.6262133193329862e-22]], "expected": [[1727.4903828869315, 3077.5227395290312, 3974.7891425489843, 1817.390496734376, 123.3703037929175, 2903.43693450776], [7221.630010785548, 12865.328105338845, 16616.275750494337, 7597.449967044161, 515.7393043321948, 12137.576862004913], [1504.5802175085385, 2680.4084576667265, 3461.894301635808, 1582.8798909461323, 107.45097069926298, 2528.7861615435318], [2668.5821049793276, 4754.076891964767, 6140.150638144886, 2807.4574570076097, 190.5792288333633, 4485.153679070047], [1716.5857900413446, 3058.0962160704657, 3949.6987237102285, 1805.9184193181138, 122.59154233327341, 2885.1093085265743], [2090.13149379831, 3723.5675894301635, 4809.191443465756, 2198.9037689496076, 149.26865000898795, 3512.9370543471746]]}