{"values": [[134, 754, 1309, 472, 70, 1238], [2574, 2629, 6576, 2646, 199, 3443], [203, 642, 791, 450, 18, 776], [511, 709, 1613, 897, 63, 2359], [189, 655, 851, 278, 35, 1334], [481, 618, 1322, 534, 22, 1658]], "stats": [[237.70122432817277, 43.23126724370294, 2.0022230636767606, 10.086402840003231, 21.36238983306486, 26.196536041876644], [508.38369753855585, 17.688068928174122, 311.20418431942187, 36.755418403219934, 1.0412245254554424, 1246.819644340284], [38.591724579801536, 113.49230644807423, 28.056463433505858, 11.679933461072595, 4.8193071404211505, 0.7905996431847999], [36.445560381202085, 83.10945816204638, 108.55244754719214, 7.022003377414926, 0.00706477300992233, 414.7190570967944], [90.06227817961133, 49.58954625228864, 69.58252885250045, 83.88346728521354, 0.0, 272.9309473035103], [0.04513093023879557, 16.7750208551612, 27.613145058697633, 17.652985086512867, 15.806213446872448, 171.76451488930783]], "pvals": [[1.2472430333348087e-53, 4.8637200706839035e-11, 0.15706869664482512, 0.0014936740434182674, 3.8015598992434335e-06, 3.0837519847392717e-07], [1.425203512368898e-112, 2.6025389583862253e-05, 1.1937210657570019e-69, 1.3391789383814319e-09, 0.30753685062672154, 4.076100509961023e-273], [5.223995030592565e-10, 1.6833322205530745e-26, 1.1782692598793772e-07, 0.0006317779248983078, 0.02814265554587176, 0.37391886815378683], [1.5699030777910262e-09, 7.763334696348946e-20, 2.033963684290224e-25, 0.00805140981320659, 0.9330149257273787, 3.442889497488678e-92], [2.3078005500509404e-21, 1.8952086156107985e-12, 7.328315571980213e-17, 5.248158748315305e-20, 1.0, 2.6069613153682934e-61], [0.8317634580711228, 4.2083649230816667e-05, 1.4816840644057066e-07, 2.6509888180379605e-05, 7.017168978557908e-05, 3.046422907294057e-39]], "expected": [[416.71277494686706, 611.7286508078764, 1269.0798146109134, 537.3883952577266, 41.44723836837119, 1100.6431260082452], [1893.072593654777, 2779.004660333393, 5765.266535221366, 2441.2864312600823, 188.28947840114716, 5000.080301129235], [301.7683660666274, 442.99183161344837, 919.0218421120017, 389.1572990551302, 30.014595549637672, 797.0460656031547], [644.6107597367679, 946.2797736409494, 1963.132768289248, 831.2832304816532, 64.11451104908714, 1702.5789568022942], [350.17704145648224, 514.0551046014391, 1066.4482626174686, 451.58461577855735, 34.829436919058715, 924.905538626994], [485.65846413847845, 712.9399790028936, 1479.0507771490027, 626.3000281668502, 48.30473971269813, 1282.7460118300771]]}