{"values": [[3336, 1534, 10432, 313, 109, 244], [2750, 2769, 31188, 23, 51, 5084], [1164, 3737, 35682, 386, 128, 5060], [987, 488, 12514, 80, 49, 6253], [1478, 952, 5659, 286, 64, 7109], [1155, 372, 7148, 84, 21, 9802]], "stats": [[5471.804598433864, 349.51805666558215, 2.5944613009448614, 358.63679515567355, 114.17966503799325, 4103.724521263777], [7.413152152543313, 15.365558566271355, 2367.319359820261, 361.93964458587357, 43.96223619156134, 2776.6133927989063], [1916.2201489497204, 394.4294783742834, 4497.146948495819, 8.128783016829798, 0.24376246875330437, 4064.7506247165106], [147.96327046959553, 584.5330531784361, 112.69032517449511, 37.752556044230936, 0.47660014682054974, 1270.4133318356253], [188.71258569959846, 0.23918566886837306, 6070.4338714457135, 282.52159478968576, 13.118043966812596, 6226.067049471487], [13.499293368407633, 640.4372413544629, 6369.484850556975, 23.250242941528033, 17.968342740730574, 12577.75510850837]], "pvals": [[0.0, 5.396221868260946e-78, 0.10723789571829727, 5.5772413127818746e-80, 1.1902076268748384e-26, 0.0], [0.006474878077809763, 8.858841161678421e-05, 0.0, 1.0647190867328287e-80, 3.3477293384254176e-11, 0.0], [0.0, 8.986451256628164e-88, 0.0, 0.0043567981301838275, 0.621501770890376, 0.0], [4.832368220427504e-34, 3.873075439003644e-129, 2.5225027620305716e-26, 8.03114191187437e-10, 0.4899663597269117, 3.040020282248717e-278], [6.0722644440240185e-43, 0.6247948871796545, 0.0, 2.1188761952882964e-63, 0.0002924652287690223, 0.0], [0.0002386533066778906, 2.6843943416561397e-141, 0.0, 1.4223247989962063e-06, 2.2460947382226642e-05, 0.0]], "expected": [[1095.1546775526685, 992.5909736199532, 10339.287808140525, 118.07923478304762, 42.516584537923286, 3380.3707213658818], [2871.283227438782, 2602.38108157561, 27107.607971430556, 309.58085948098, 111.47024121243477, 8862.676618861638], [3165.647197632673, 2869.1772024909933, 29886.680070161714, 341.31909067391837, 122.89817087405594, 9771.278268166647], [1397.1315090446776, 1266.2869942141824, 13190.232461149213, 150.63828229994132, 54.24006410458638, 4312.470689187398], [1066.349256424655, 966.4832451054003, 10067.337602766087, 114.97344328700052, 41.39828759992681, 3291.4581648169296], [1274.4341319065436, 1155.0805029938608, 12031.854086351907, 137.40908947511215, 49.47665167107281, 3933.745537601504]]}