{"values": [[16581, 1867, 2700, 83], [22906, 11685, 24117, 480], [46565, 1874, 4227, 392], [12712, 2002, 9999, 83], [16875, 1458, 1734, 67], [16107, 1808, 5096, 46]], "stats": [[1691.7999793669546, 56.073790385534934, 1597.5052435687066, 13.240568764819603], [26388.131071751708, 8154.169225232373, 13343.459214790353, 84.14415462333334], [15923.274123803785, 3548.926024398278, 9918.980855626456, 35.173570809424405], [2493.2734806553117, 147.9363032617367, 4280.607534624936, 27.38904583053895], [3352.6777159066305, 222.50983508676939, 2833.310430895056, 21.944636325044673], [228.94536773283252, 166.56482543269772, 39.539576298524445, 62.6275980465226]], "pvals": [[0.0, 6.98014505514086e-14, 0.0, 0.0002739547709630321], [0.0, 0.0, 0.0, 4.599819596231713e-20], [0.0, 0.0, 0.0, 3.0158886289072575e-09], [0.0, 4.898407783934162e-34, 0.0, 1.6637098943483547e-07], [0.0, 2.564119969489126e-50, 0.0, 2.8063011822227794e-06], [1.0123776414763873e-51, 4.163770601541129e-38, 3.214778063633543e-10, 2.4972941276343032e-15]], "expected": [[13883.866725568836, 2180.8080550371283, 5045.028704880277, 121.29651451375928], [38705.58634793313, 6079.679108922686, 14064.582873366953, 338.15166977723067], [34696.914922765354, 5450.017134574911, 12607.938063376087, 303.12987928364373], [16215.174006274074, 2546.9980939522693, 5892.163900250169, 141.66399952348806], [13166.49110511059, 2068.1262955168168, 4784.353442798713, 115.0291565738792], [15077.966892348013, 2368.371311996188, 5478.933015327801, 131.72878032799903]]}