{"values": [[16581, 4372, 1867, 320, 2700, 0], [22906, 0, 11685, 0, 24117, 1071], [46565, 1142, 1874, 7, 4227, 1140], [12712, 0, 2002, 0, 9999, 378], [16875, 853, 1458, 75, 1734, 9], [16107, 0, 1808, 0, 5096, 937]], "stats": [[32.73938577499517, 19396.203114940832, 224.42172890089296, 1690.2686219037005, 2528.4685005997308, "null"], [20926.912314421355, "null", 8902.155018742957, "null", 14742.909230064724, 6.3857893310824965], [15615.625488057944, 226.0461676236957, 3453.035554449561, 122.58626897804136, 9572.926508130036, 70.34204779904502], [1718.1878623225316, "null", 109.37394279701104, "null", 4752.891991699044, 4.982102568866315], [3151.1379016361852, 85.37064980057107, 218.64023676629526, 32.869495449521196, 2782.09296565418, 377.09132463514356], [255.21594689767684, "null", 157.65155954626633, "null", 32.272544477973085, 815.8192032116461]], "pvals": [[1.0538016717432727e-08, 0.0, 9.815994262065992e-51, 0.0, 0.0, 2], [0.0, 2, 0.0, 2, 0.0, 0.011503759257181462], [0.0, 4.3414958930992635e-51, 0.0, 1.7178126456955967e-28, 0.0, 4.986345240778715e-17], [0.0, 2, 1.3438456819267424e-25, 2, 0.0, 0.025610838893611876], [0.0, 2.4736517508633232e-20, 1.7905510820047803e-49, 9.855770666277476e-09, 0.0, 5.348498781315301e-84], [1.893922149020341e-57, 2, 3.6878847495375525e-36, 2, 1.3399334290036588e-08, 1.9621097090672693e-179]], "expected": [[16163.541594458187, 781.1491000251642, 2538.88793402242, 49.320235308640804, 5873.402052066072, "null"], [37393.20251451687, "null", 5873.536447675164, "null", 13587.697417587375, 1003.331948513178], [34375.67447072174, 1661.3021978282854, 5399.558297763238, 104.89139053352768, 12491.207808486495, 922.3658346667173], [15695.024076878884, "null", 2465.2955554394944, "null", 5703.155220138925, 421.12785292735157], [13138.507261996894, 634.9557158254082, 2063.7307339863355, 40.08986928880385, 4774.184856872902, 352.53156202965573], [14980.050081427426, "null", 2352.991031113348, "null", 5443.352644848232, 401.94371774358194]]}