{"values": [[25221, 762, 324], [48908, 9973, 3225], [56670, 1547, 799], [23214, 1625, 748], [20013, 1720, 506], [23000, 1757, 535]], "stats": [[1338.8042372356406, 1021.7735110110754, 264.9733445869514], [10166.725701121073, 7957.032502276929, 1855.0309701470067], [3783.862114399208, 3070.4550468513958, 607.3199378042366], [58.584785783077045, 93.24304856460421, 2.0607293925279278], [11.074718724061595, 0.7242114001711684, 23.325223573907437], [76.83051101777077, 34.27752744587816, 46.751137839798496]], "pvals": [[4.174567099253434e-293, 3.3230734703137233e-224, 1.4141140475036449e-59], [0.0, 0.0, 0.0], [0.0, 0.0, 4.282232497602868e-134], [1.9471637388852515e-14, 4.625111100086619e-22, 0.15113781070116145], [0.0008751269382352968, 0.3947659584091062, 1.3679426595361453e-06], [1.8627740849685993e-18, 4.7786805789305435e-09, 8.05981270063085e-12]], "expected": [[23501.398713199455, 2073.575646007427, 732.0256407931189], [55482.49015402613, 4895.331625458519, 1728.178220515355], [52722.03392474166, 4651.7710238633945, 1642.1950513949407], [22858.18561123026, 2016.823661169728, 711.9907276000127], [19867.244687073504, 1752.9269316744276, 618.8283812520688], [22594.646909728992, 1993.5711118265042, 703.7819784445039]]}